<?xml version="1.0" encoding="UTF-8" standalone="yes"?>
<recordTypeHaul xmlns:a="http://www.appian.com/ae/types/2009">
    <recordType a:uuid="3932f3d6-d492-478f-bd61-9b6e47f6c2a6" name="Groups">
        <a:pluralName>Groups</a:pluralName>
        <a:description>List of all groups in the environment.</a:description>
        <a:urlStub>H4WeoA</a:urlStub>
        <a:source xmlns:xsi="http://www.w3.org/2001/XMLSchema-instance" xsi:type="a:Datatype" a:uuid="{urn:appian:plugin:groupprofile:types}GroupProfile"/>
        <a:listViewTemplateExpr>=#"SYSTEM_SYSRULES_listViewItem"(&#xD;
title: rf!name, &#xD;
details: rf!description,&#xD;
timestamp: rf!lastModified,&#xD;
image: #"SYSTEM_SYSRULES_iconNewsEvent"(&#xD;
  icon: "PEOPLE_3",&#xD;
  color: "GREEN"&#xD;
)&#xD;
)</a:listViewTemplateExpr>
        <a:detailViewCfg>
            <a:nameExpr>="Summary"</a:nameExpr>
            <a:uiExpr>=#"d66e61f7-348b-4693-b58d-7be8108494c6"(&#xD;
name: rf!name,&#xD;
creator: rf!creator,&#xD;
created: rf!created,&#xD;
parent: rf!parent,&#xD;
groupType: rf!groupType,&#xD;
securityType: rf!securityType,&#xD;
privacy: rf!privacy,&#xD;
membership: rf!membership,&#xD;
id: rf!id,&#xD;
description: rf!description,&#xD;
isFavorite: rf!isFavorite,&#xD;
lastModified: rf!lastModified,&#xD;
isDelegatedCreation: rf!isDelegatedCreation&#xD;
)</a:uiExpr>
            <a:visibilityExpr>=true()</a:visibilityExpr>
            <a:urlStub>summary</a:urlStub>
            <a:headerExpr></a:headerExpr>
            <a:relatedActionCfg>1e332e52-ab02-46f1-b47f-8a0f8772bcba</a:relatedActionCfg>
        </a:detailViewCfg>
        <a:detailViewCfg>
            <a:nameExpr>"Audit History"</a:nameExpr>
            <a:uiExpr>=#"1bb26bd1-934a-4f84-bcc4-33864ef00f26"(id: rf!id)</a:uiExpr>
            <a:visibilityExpr>=false()</a:visibilityExpr>
            <a:urlStub>_Min9Ew</a:urlStub>
            <a:headerExpr></a:headerExpr>
        </a:detailViewCfg>
        <a:detailViewCfg>
            <a:nameExpr>"Administrators"</a:nameExpr>
            <a:uiExpr>#"3f672a81-b6d2-49b6-9005-f9515d86675b"(rf!id)</a:uiExpr>
            <a:visibilityExpr>=#"_a-0000d9bd-3832-8000-9e06-010000010000_8523"(rf!id)</a:visibilityExpr>
            <a:urlStub>_yZIZlQ</a:urlStub>
            <a:headerExpr></a:headerExpr>
        </a:detailViewCfg>
        <a:defaultSortInfo>
            <field>name</field>
            <ascending>true</ascending>
        </a:defaultSortInfo>
        <a:relatedActionCfg>
            <a:target xmlns:xsi="http://www.w3.org/2001/XMLSchema-instance" xsi:type="a:ProcessModel" a:uuid="0002df06-0c4d-8000-f92f-7f0000014e7a"/>
            <a:contextExpr>={groupId: rf!id}</a:contextExpr>
            <a:visibilityExpr>=#"_a-0000d9bd-3832-8000-9e06-010000010000_8523"(rf!id)</a:visibilityExpr>
            <a:iconId>f007</a:iconId>
            <a:refId>1e332e52-ab02-46f1-b47f-8a0f8772bcba</a:refId>
        </a:relatedActionCfg>
        <a:isSystem>false</a:isSystem>
        <a:dataSrcExpr>=#"_a-0000d9b0-0753-8000-9e06-010000010000_8296"(rsp!query)</a:dataSrcExpr>
        <a:facetsListExpr>=if(isusersystemadministrator(loggedInUser()), &#xD;
  {&#xD;
  #"_a-0000d9b4-015d-8000-9e06-010000010000_8378"(),&#xD;
  #"_a-0000d9b0-0753-8000-9e06-010000010000_8297"(),&#xD;
  #"_a-0000d9b7-f1a7-8000-9e06-010000010000_8381"(),&#xD;
  #"_a-0000d9ba-984a-8000-9e06-010000010000_8412"(),&#xD;
  #"_a-0000d9ba-984a-8000-9e06-010000010000_8414"()&#xD;
  }, &#xD;
  {}&#xD;
)</a:facetsListExpr>
        <a:titleExpr></a:titleExpr>
        <a:defaultFiltersExpr></a:defaultFiltersExpr>
        <a:layoutType>FEED</a:layoutType>
        <a:security>16383</a:security>
        <a:hideLatestNews>false</a:hideLatestNews>
    </recordType>
    <roleMap>
        <role name="record_type_administrator">
            <users/>
            <groups>
                <groupUuid>_e-0000d9bd-3833-8000-9e04-010000010000_112</groupUuid>
            </groups>
        </role>
        <role name="record_type_viewer">
            <users/>
            <groups>
                <groupUuid>_e-0000d9bd-3833-8000-9e04-010000010000_111</groupUuid>
            </groups>
        </role>
    </roleMap>
</recordTypeHaul>
