<?xml version="1.0" encoding="UTF-8" standalone="yes"?>
<dataStoreHaul xmlns:a="http://www.appian.com/ae/types/2009">
    <dataStore>
        <uuid>_a-0000de29-c706-8000-3457-01ef9001ef90_4605</uuid>
        <name>WD Data Store</name>
        <description></description>
        <dataSourceKey>jdbc/USFData</dataSourceKey>
        <adaptingExplicitSqlNames>false</adaptingExplicitSqlNames>
        <autoUpdateSchema>false</autoUpdateSchema>
        <entities>
            <entity>
                <uuid>8164b00c-2aff-4c6f-8433-940b92f539da</uuid>
                <name>WD_widget</name>
                <type>{urn:com:appian:types}WD_widget</type>
            </entity>
            <entity>
                <uuid>4b872be1-e20f-4add-9c9d-7e32da446462</uuid>
                <name>WD_bookmark</name>
                <type>{urn:com:appian:types}WD_bookmark</type>
            </entity>
            <entity>
                <uuid>2c30dcdc-3336-4d62-975f-1625850ca7e3</uuid>
                <name>WD_toDoItem</name>
                <type>{urn:com:appian:types}WD_toDoItem</type>
            </entity>
        </entities>
    </dataStore>
    <isPublished>true</isPublished>
    <roleMap>
        <role inherit="false" allowForAll="false" name="administrators">
            <users/>
            <groups>
                <groupUuid>_e-0000de3b-6558-8000-341f-011e94011e94_20</groupUuid>
            </groups>
        </role>
        <role inherit="false" allowForAll="false" name="authors">
            <users/>
            <groups/>
        </role>
        <role inherit="false" allowForAll="false" name="denyAdministrators">
            <users/>
            <groups/>
        </role>
        <role inherit="false" allowForAll="false" name="denyAuthors">
            <users/>
            <groups/>
        </role>
        <role inherit="false" allowForAll="false" name="denyReaders">
            <users/>
            <groups/>
        </role>
        <role inherit="false" allowForAll="false" name="readers">
            <users/>
            <groups>
                <groupUuid>_e-0000de3b-6558-8000-341f-011e94011e94_21</groupUuid>
            </groups>
        </role>
    </roleMap>
</dataStoreHaul>
