<?xml version="1.0" encoding="UTF-8" standalone="yes"?>
<tempoReportHaul xmlns:a="http://www.appian.com/ae/types/2009">
    <tempoReport a:uuid="435b00cf-adc5-42b3-b026-44f401fe07dc" name="User Audit History">
        <a:description>Tracks user management changes completed in the Tempo environment</a:description>
        <a:uiExpr>=#"_a-0000dba6-6369-8000-7918-010000010000_2527"()</a:uiExpr>
        <a:urlStub>_0AHyA</a:urlStub>
    </tempoReport>
    <roleMap>
        <role name="report_administrator">
            <users/>
            <groups>
                <groupUuid>_e-0000d9bd-3833-8000-9e04-010000010000_112</groupUuid>
            </groups>
        </role>
    </roleMap>
</tempoReportHaul>
