<?xml version="1.0" encoding="UTF-8" standalone="yes"?>
<tempoReportHaul xmlns:a="http://www.appian.com/ae/types/2009">
    <tempoReport a:uuid="5f8920a8-1370-4724-8935-f6ac720a63ad" name="Group Audit History">
        <a:description>Tracks group membership changes completed in the Tempo environment</a:description>
        <a:uiExpr>#"e1936315-0db6-4473-ad22-f4ef57c173ac"()</a:uiExpr>
        <a:urlStub>B6SvNQ</a:urlStub>
    </tempoReport>
    <roleMap>
        <role name="report_administrator">
            <users/>
            <groups>
                <groupUuid>_e-0000d9bd-3833-8000-9e04-010000010000_112</groupUuid>
            </groups>
        </role>
        <role name="report_viewer">
            <users/>
            <groups>
                <groupUuid>_e-0000d9bd-3833-8000-9e04-010000010000_111</groupUuid>
            </groups>
        </role>
    </roleMap>
</tempoReportHaul>
