<?xml version="1.0" encoding="UTF-8" standalone="yes"?>
<dataStoreHaul xmlns:a="http://www.appian.com/ae/types/2009">
    <dataStore>
        <uuid>_a-0000d9bd-3832-8000-9e06-010000010000_8546</uuid>
        <name>GMTA_DS</name>
        <description>Data store for the group management tempo application</description>
        <dataSourceKey>java:/jdbc/Appian</dataSourceKey>
        <adaptingExplicitSqlNames>false</adaptingExplicitSqlNames>
        <autoUpdateSchema>true</autoUpdateSchema>
        <entities>
            <entity>
                <uuid>163b43fd-7605-460a-aef2-93f1e2064a64</uuid>
                <name>auditHistory</name>
                <type>{urn:com:appian:types:TRAINING}GMTA_auditHistory</type>
            </entity>
        </entities>
    </dataStore>
    <isPublished>true</isPublished>
    <roleMap>
        <role inherit="false" allowForAll="false" name="administrators">
            <users/>
            <groups>
                <groupUuid>_e-0000d9bd-3833-8000-9e04-010000010000_112</groupUuid>
            </groups>
        </role>
        <role inherit="false" allowForAll="false" name="authors">
            <users/>
            <groups>
                <groupUuid>_e-0000d9eb-6a3f-8000-9e04-010000010000_32</groupUuid>
            </groups>
        </role>
        <role inherit="false" allowForAll="false" name="denyAdministrators">
            <users/>
            <groups/>
        </role>
        <role inherit="false" allowForAll="false" name="denyAuthors">
            <users/>
            <groups/>
        </role>
        <role inherit="false" allowForAll="false" name="denyReaders">
            <users/>
            <groups/>
        </role>
        <role inherit="false" allowForAll="false" name="readers">
            <users/>
            <groups>
                <groupUuid>_e-0000d9bd-3833-8000-9e04-010000010000_111</groupUuid>
            </groups>
        </role>
    </roleMap>
</dataStoreHaul>
