<?xml version="1.0" encoding="UTF-8" standalone="yes"?>
<recordTypeHaul xmlns:a="http://www.appian.com/ae/types/2009">
    <recordType a:uuid="1d47f1a2-ee9e-4b46-abc4-d546875aca4a" name="Graduate Application">
        <a:pluralName>Graduate Applications</a:pluralName>
        <a:description>USF Graduate Applications</a:description>
        <a:urlStub>ZMyFyQ</a:urlStub>
        <a:source xmlns:xsi="http://www.w3.org/2001/XMLSchema-instance" xsi:type="a:DataStoreEntity" a:uuid="f62d67c6-2018-4bbc-abe8-c18058e084f3@_a-0000deb5-0bcc-8000-9ba2-011c48011c48_218181"/>
        <a:listViewTemplateExpr>#"SYSTEM_SYSRULES_recordGridLayoutColumns"(
  columns: {
    #"SYSTEM_SYSRULES_gridLayoutColumn"(
      label: "Application",
      width: "DISTRIBUTE",
      field: "lastName",
      component: #"SYSTEM_SYSRULES_recordGrid_linkField"(
        links: {
          #"SYSTEM_SYSRULES_recordLink"(
            label: concat(rf!firstName," ",rf!lastName),
            recordtype: rp!type,
            identifier: rp!id
          )
        }
      )
    ),
    #"SYSTEM_SYSRULES_gridLayoutColumn"(
      label: "Term",
      field: "term",
      component: #"SYSTEM_SYSRULES_recordGrid_textField"(
        displayValue: rf!term
      )
    ),
    #"SYSTEM_SYSRULES_gridLayoutColumn"(
      label: "College",
      width: "DISTRIBUTE",
      field: "college",
      component: #"SYSTEM_SYSRULES_recordGrid_textField"(
        displayvalue: rf!college
      )
    ),
    #"SYSTEM_SYSRULES_gridLayoutColumn"(
      label: "Degree",
      width: "DISTRIBUTE",
      field: "degree",
      component: #"SYSTEM_SYSRULES_recordGrid_textField"(
        displayvalue: rf!degree
      )
    ),
    #"SYSTEM_SYSRULES_gridLayoutColumn"(
      label: "Major",
      width: "DISTRIBUTE",
      field: "majorCode",
      component: #"SYSTEM_SYSRULES_recordGrid_textField"(
        displayvalue: rf!majorCode
      )
    ),
    #"SYSTEM_SYSRULES_gridLayoutColumn"(
      label: "Concentration",
      width: "DISTRIBUTE",
      field: "concentrationCode",
      component: #"SYSTEM_SYSRULES_recordGrid_textField"(
        displayvalue: rf!concentrationCode
      )
    )  
  },
  pageSize: 10,
  defaultSort: #"SYSTEM_SYSRULES_sortInfo"(
    field: "applicationId",
    ascending: fn!true()
  )
)</a:listViewTemplateExpr>
        <a:fieldCfg name="College">
            <a:description></a:description>
            <a:sourceRef>college</a:sourceRef>
            <a:isSortable>false</a:isSortable>
            <a:isSearchable>false</a:isSearchable>
            <a:isFacet>true</a:isFacet>
            <a:facetType>CUSTOM_BUCKETS_CLOSED</a:facetType>
            <a:isExclusiveFacet>true</a:isExclusiveFacet>
            <a:facetLabelExpr>"College"</a:facetLabelExpr>
            <a:facetOption>
                <a:labelExpr>"Architecture"</a:labelExpr>
                <a:facetOperator>IN</a:facetOperator>
                <a:lowerLimitExpr></a:lowerLimitExpr>
                <a:upperLimitExpr></a:upperLimitExpr>
                <a:values>"AS"</a:values>
            </a:facetOption>
            <a:facetOption>
                <a:labelExpr>"Arts &amp; Sciences"</a:labelExpr>
                <a:facetOperator>IN</a:facetOperator>
                <a:lowerLimitExpr></a:lowerLimitExpr>
                <a:upperLimitExpr></a:upperLimitExpr>
                <a:values>"AS"</a:values>
            </a:facetOption>
            <a:facetOption>
                <a:labelExpr>"Arts &amp; Sciences USFSM"</a:labelExpr>
                <a:facetOperator>IN</a:facetOperator>
                <a:lowerLimitExpr></a:lowerLimitExpr>
                <a:upperLimitExpr></a:upperLimitExpr>
                <a:values>"AM"</a:values>
            </a:facetOption>
            <a:facetOption>
                <a:labelExpr>"Arts &amp; Sciences USFSP"</a:labelExpr>
                <a:facetOperator>IN</a:facetOperator>
                <a:lowerLimitExpr></a:lowerLimitExpr>
                <a:upperLimitExpr></a:upperLimitExpr>
                <a:values>"AP"</a:values>
            </a:facetOption>
            <a:facetOption>
                <a:labelExpr>"Behavioral and Community Sciences"</a:labelExpr>
                <a:facetOperator>IN</a:facetOperator>
                <a:lowerLimitExpr></a:lowerLimitExpr>
                <a:upperLimitExpr></a:upperLimitExpr>
                <a:values>"BC"</a:values>
            </a:facetOption>
            <a:facetOption>
                <a:labelExpr>"Business"</a:labelExpr>
                <a:facetOperator>IN</a:facetOperator>
                <a:lowerLimitExpr></a:lowerLimitExpr>
                <a:upperLimitExpr></a:upperLimitExpr>
                <a:values>"BA"</a:values>
            </a:facetOption>
            <a:facetOption>
                <a:labelExpr>"Business USFSM"</a:labelExpr>
                <a:facetOperator>IN</a:facetOperator>
                <a:lowerLimitExpr></a:lowerLimitExpr>
                <a:upperLimitExpr></a:upperLimitExpr>
                <a:values>"BM"</a:values>
            </a:facetOption>
            <a:facetOption>
                <a:labelExpr>"Business USFSP"</a:labelExpr>
                <a:facetOperator>IN</a:facetOperator>
                <a:lowerLimitExpr></a:lowerLimitExpr>
                <a:upperLimitExpr></a:upperLimitExpr>
                <a:values>"BP"</a:values>
            </a:facetOption>
            <a:facetOption>
                <a:labelExpr>"College of Pharmacy"</a:labelExpr>
                <a:facetOperator>IN</a:facetOperator>
                <a:lowerLimitExpr></a:lowerLimitExpr>
                <a:upperLimitExpr></a:upperLimitExpr>
                <a:values>"RX"</a:values>
            </a:facetOption>
            <a:facetOption>
                <a:labelExpr>"Education"</a:labelExpr>
                <a:facetOperator>IN</a:facetOperator>
                <a:lowerLimitExpr></a:lowerLimitExpr>
                <a:upperLimitExpr></a:upperLimitExpr>
                <a:values>"ED"</a:values>
            </a:facetOption>
            <a:facetOption>
                <a:labelExpr>"Education Joint Program"</a:labelExpr>
                <a:facetOperator>IN</a:facetOperator>
                <a:lowerLimitExpr></a:lowerLimitExpr>
                <a:upperLimitExpr></a:upperLimitExpr>
                <a:values>"EJ"</a:values>
            </a:facetOption>
            <a:facetOption>
                <a:labelExpr>"Education Join Program USFSP"</a:labelExpr>
                <a:facetOperator>IN</a:facetOperator>
                <a:lowerLimitExpr></a:lowerLimitExpr>
                <a:upperLimitExpr></a:upperLimitExpr>
                <a:values>"JP"</a:values>
            </a:facetOption>
            <a:facetOption>
                <a:labelExpr>"Education USFSM"</a:labelExpr>
                <a:facetOperator>IN</a:facetOperator>
                <a:lowerLimitExpr></a:lowerLimitExpr>
                <a:upperLimitExpr></a:upperLimitExpr>
                <a:values>"EM"</a:values>
            </a:facetOption>
            <a:facetOption>
                <a:labelExpr>"Education USFSP"</a:labelExpr>
                <a:facetOperator>IN</a:facetOperator>
                <a:lowerLimitExpr></a:lowerLimitExpr>
                <a:upperLimitExpr></a:upperLimitExpr>
                <a:values>"EP"</a:values>
            </a:facetOption>
            <a:facetOption>
                <a:labelExpr>"Engineering"</a:labelExpr>
                <a:facetOperator>IN</a:facetOperator>
                <a:lowerLimitExpr></a:lowerLimitExpr>
                <a:upperLimitExpr></a:upperLimitExpr>
                <a:values>"EN"</a:values>
            </a:facetOption>
            <a:facetOption>
                <a:labelExpr>"Global Sustainability"</a:labelExpr>
                <a:facetOperator>IN</a:facetOperator>
                <a:lowerLimitExpr></a:lowerLimitExpr>
                <a:upperLimitExpr></a:upperLimitExpr>
                <a:values>"CS"</a:values>
            </a:facetOption>
            <a:facetOption>
                <a:labelExpr>"Graduate Studies"</a:labelExpr>
                <a:facetOperator>IN</a:facetOperator>
                <a:lowerLimitExpr></a:lowerLimitExpr>
                <a:upperLimitExpr></a:upperLimitExpr>
                <a:values>"GS"</a:values>
            </a:facetOption>
            <a:facetOption>
                <a:labelExpr>"Hospitality &amp; Tourism Leadership"</a:labelExpr>
                <a:facetOperator>IN</a:facetOperator>
                <a:lowerLimitExpr></a:lowerLimitExpr>
                <a:upperLimitExpr></a:upperLimitExpr>
                <a:values>"HM"</a:values>
            </a:facetOption>
            <a:facetOption>
                <a:labelExpr>"Interdisciplinary Program"</a:labelExpr>
                <a:facetOperator>IN</a:facetOperator>
                <a:lowerLimitExpr></a:lowerLimitExpr>
                <a:upperLimitExpr></a:upperLimitExpr>
                <a:values>"IP"</a:values>
            </a:facetOption>
            <a:facetOption>
                <a:labelExpr>"Liberal Arts &amp; Social Sciences USFSM"</a:labelExpr>
                <a:facetOperator>IN</a:facetOperator>
                <a:lowerLimitExpr></a:lowerLimitExpr>
                <a:upperLimitExpr></a:upperLimitExpr>
                <a:values>"LM"</a:values>
            </a:facetOption>
            <a:facetOption>
                <a:labelExpr>"Marine Science"</a:labelExpr>
                <a:facetOperator>IN</a:facetOperator>
                <a:lowerLimitExpr></a:lowerLimitExpr>
                <a:upperLimitExpr></a:upperLimitExpr>
                <a:values>"MS"</a:values>
            </a:facetOption>
            <a:facetOption>
                <a:labelExpr>"Medicine"</a:labelExpr>
                <a:facetOperator>IN</a:facetOperator>
                <a:lowerLimitExpr></a:lowerLimitExpr>
                <a:upperLimitExpr></a:upperLimitExpr>
                <a:values>"MD"</a:values>
            </a:facetOption>
            <a:facetOption>
                <a:labelExpr>"Nursing"</a:labelExpr>
                <a:facetOperator>IN</a:facetOperator>
                <a:lowerLimitExpr></a:lowerLimitExpr>
                <a:upperLimitExpr></a:upperLimitExpr>
                <a:values>"NR"</a:values>
            </a:facetOption>
            <a:facetOption>
                <a:labelExpr>"Public Health"</a:labelExpr>
                <a:facetOperator>IN</a:facetOperator>
                <a:lowerLimitExpr></a:lowerLimitExpr>
                <a:upperLimitExpr></a:upperLimitExpr>
                <a:values>"PH"</a:values>
            </a:facetOption>
            <a:facetOption>
                <a:labelExpr>"The Arts"</a:labelExpr>
                <a:facetOperator>IN</a:facetOperator>
                <a:lowerLimitExpr></a:lowerLimitExpr>
                <a:upperLimitExpr></a:upperLimitExpr>
                <a:values>"FA"</a:values>
            </a:facetOption>
            <a:sortOrderIndex>0</a:sortOrderIndex>
            <a:facetOrderIndex>0</a:facetOrderIndex>
            <a:visibilityExpr></a:visibilityExpr>
            <a:defaultOptionExpr></a:defaultOptionExpr>
            <a:allowMultipleSelections>false</a:allowMultipleSelections>
        </a:fieldCfg>
        <a:fieldCfg name="Degree">
            <a:description></a:description>
            <a:sourceRef>degree</a:sourceRef>
            <a:isSortable>false</a:isSortable>
            <a:isSearchable>false</a:isSearchable>
            <a:isFacet>true</a:isFacet>
            <a:facetType>CUSTOM_BUCKETS_CLOSED</a:facetType>
            <a:isExclusiveFacet>true</a:isExclusiveFacet>
            <a:facetLabelExpr>"Degree"</a:facetLabelExpr>
            <a:facetOption>
                <a:labelExpr>"Doctor of Audiology"</a:labelExpr>
                <a:facetOperator>IN</a:facetOperator>
                <a:lowerLimitExpr></a:lowerLimitExpr>
                <a:upperLimitExpr></a:upperLimitExpr>
                <a:values>"AUD"</a:values>
            </a:facetOption>
            <a:facetOption>
                <a:labelExpr>"Doctor of Business Administration"</a:labelExpr>
                <a:facetOperator>IN</a:facetOperator>
                <a:lowerLimitExpr></a:lowerLimitExpr>
                <a:upperLimitExpr></a:upperLimitExpr>
                <a:values>"DBA"</a:values>
            </a:facetOption>
            <a:facetOption>
                <a:labelExpr>"Doctor of Education"</a:labelExpr>
                <a:facetOperator>IN</a:facetOperator>
                <a:lowerLimitExpr></a:lowerLimitExpr>
                <a:upperLimitExpr></a:upperLimitExpr>
                <a:values>"EDD"</a:values>
            </a:facetOption>
            <a:facetOption>
                <a:labelExpr>"Doctor of Nursing Practice"</a:labelExpr>
                <a:facetOperator>IN</a:facetOperator>
                <a:lowerLimitExpr></a:lowerLimitExpr>
                <a:upperLimitExpr></a:upperLimitExpr>
                <a:values>"DNP"</a:values>
            </a:facetOption>
            <a:facetOption>
                <a:labelExpr>"Doctor of Philosophy"</a:labelExpr>
                <a:facetOperator>IN</a:facetOperator>
                <a:lowerLimitExpr></a:lowerLimitExpr>
                <a:upperLimitExpr></a:upperLimitExpr>
                <a:values>"PHD"</a:values>
            </a:facetOption>
            <a:facetOption>
                <a:labelExpr>"Doctor of Public Health"</a:labelExpr>
                <a:facetOperator>IN</a:facetOperator>
                <a:lowerLimitExpr></a:lowerLimitExpr>
                <a:upperLimitExpr></a:upperLimitExpr>
                <a:values>"DPH"</a:values>
            </a:facetOption>
            <a:facetOption>
                <a:labelExpr>"Education Specialist"</a:labelExpr>
                <a:facetOperator>IN</a:facetOperator>
                <a:lowerLimitExpr></a:lowerLimitExpr>
                <a:upperLimitExpr></a:upperLimitExpr>
                <a:values>"EDS"</a:values>
            </a:facetOption>
            <a:facetOption>
                <a:labelExpr>"Exploratory"</a:labelExpr>
                <a:facetOperator>IN</a:facetOperator>
                <a:lowerLimitExpr></a:lowerLimitExpr>
                <a:upperLimitExpr></a:upperLimitExpr>
                <a:values>"000000"</a:values>
            </a:facetOption>
            <a:facetOption>
                <a:labelExpr>"M S in Nurse Anesthesia"</a:labelExpr>
                <a:facetOperator>IN</a:facetOperator>
                <a:lowerLimitExpr></a:lowerLimitExpr>
                <a:upperLimitExpr></a:upperLimitExpr>
                <a:values>"MSNA"</a:values>
            </a:facetOption>
            <a:facetOption>
                <a:labelExpr>"MA in Bioethics &amp; Med Human"</a:labelExpr>
                <a:facetOperator>IN</a:facetOperator>
                <a:lowerLimitExpr></a:lowerLimitExpr>
                <a:upperLimitExpr></a:upperLimitExpr>
                <a:values>"MABMH"</a:values>
            </a:facetOption>
            <a:facetOption>
                <a:labelExpr>"Master of Accountancy"</a:labelExpr>
                <a:facetOperator>IN</a:facetOperator>
                <a:lowerLimitExpr></a:lowerLimitExpr>
                <a:upperLimitExpr></a:upperLimitExpr>
                <a:values>"MACC"</a:values>
            </a:facetOption>
            <a:facetOption>
                <a:labelExpr>"Master of Architecture"</a:labelExpr>
                <a:facetOperator>IN</a:facetOperator>
                <a:lowerLimitExpr></a:lowerLimitExpr>
                <a:upperLimitExpr></a:upperLimitExpr>
                <a:values>"MARC"</a:values>
            </a:facetOption>
            <a:facetOption>
                <a:labelExpr>"Master of Arts"</a:labelExpr>
                <a:facetOperator>IN</a:facetOperator>
                <a:lowerLimitExpr></a:lowerLimitExpr>
                <a:upperLimitExpr></a:upperLimitExpr>
                <a:values>"MA"</a:values>
            </a:facetOption>
            <a:facetOption>
                <a:labelExpr>"Master of Arts in Teaching"</a:labelExpr>
                <a:facetOperator>IN</a:facetOperator>
                <a:lowerLimitExpr></a:lowerLimitExpr>
                <a:upperLimitExpr></a:upperLimitExpr>
                <a:values>"MAT"</a:values>
            </a:facetOption>
            <a:facetOption>
                <a:labelExpr>"Master of Business Admin."</a:labelExpr>
                <a:facetOperator>IN</a:facetOperator>
                <a:lowerLimitExpr></a:lowerLimitExpr>
                <a:upperLimitExpr></a:upperLimitExpr>
                <a:values>"MBA"</a:values>
            </a:facetOption>
            <a:facetOption>
                <a:labelExpr>"Master of Chemical Engineering"</a:labelExpr>
                <a:facetOperator>IN</a:facetOperator>
                <a:lowerLimitExpr></a:lowerLimitExpr>
                <a:upperLimitExpr></a:upperLimitExpr>
                <a:values>"MCHE"</a:values>
            </a:facetOption>
            <a:facetOption>
                <a:labelExpr>"Master of Civil Engineering"</a:labelExpr>
                <a:facetOperator>IN</a:facetOperator>
                <a:lowerLimitExpr></a:lowerLimitExpr>
                <a:upperLimitExpr></a:upperLimitExpr>
                <a:values>"MCE"</a:values>
            </a:facetOption>
            <a:facetOption>
                <a:labelExpr>"Master of Computer Engineering"</a:labelExpr>
                <a:facetOperator>IN</a:facetOperator>
                <a:lowerLimitExpr></a:lowerLimitExpr>
                <a:upperLimitExpr></a:upperLimitExpr>
                <a:values>"MCP"</a:values>
            </a:facetOption>
            <a:facetOption>
                <a:labelExpr>"Master of Computer Science"</a:labelExpr>
                <a:facetOperator>IN</a:facetOperator>
                <a:lowerLimitExpr></a:lowerLimitExpr>
                <a:upperLimitExpr></a:upperLimitExpr>
                <a:values>"MCS"</a:values>
            </a:facetOption>
            <a:facetOption>
                <a:labelExpr>"Master of Education"</a:labelExpr>
                <a:facetOperator>IN</a:facetOperator>
                <a:lowerLimitExpr></a:lowerLimitExpr>
                <a:upperLimitExpr></a:upperLimitExpr>
                <a:values>"MED"</a:values>
            </a:facetOption>
            <a:facetOption>
                <a:labelExpr>"Master of Electrical Engr."</a:labelExpr>
                <a:facetOperator>IN</a:facetOperator>
                <a:lowerLimitExpr></a:lowerLimitExpr>
                <a:upperLimitExpr></a:upperLimitExpr>
                <a:values>"MEE"</a:values>
            </a:facetOption>
            <a:facetOption>
                <a:labelExpr>"Master of Engineering"</a:labelExpr>
                <a:facetOperator>IN</a:facetOperator>
                <a:lowerLimitExpr></a:lowerLimitExpr>
                <a:upperLimitExpr></a:upperLimitExpr>
                <a:values>"ME"</a:values>
            </a:facetOption>
            <a:facetOption>
                <a:labelExpr>"Master of Environmental Engr."</a:labelExpr>
                <a:facetOperator>IN</a:facetOperator>
                <a:lowerLimitExpr></a:lowerLimitExpr>
                <a:upperLimitExpr></a:upperLimitExpr>
                <a:values>"MEVE"</a:values>
            </a:facetOption>
            <a:facetOption>
                <a:labelExpr>"Master of Fine Arts"</a:labelExpr>
                <a:facetOperator>IN</a:facetOperator>
                <a:lowerLimitExpr></a:lowerLimitExpr>
                <a:upperLimitExpr></a:upperLimitExpr>
                <a:values>"MFA"</a:values>
            </a:facetOption>
            <a:facetOption>
                <a:labelExpr>"Master of Health Admin."</a:labelExpr>
                <a:facetOperator>IN</a:facetOperator>
                <a:lowerLimitExpr></a:lowerLimitExpr>
                <a:upperLimitExpr></a:upperLimitExpr>
                <a:values>"MHA"</a:values>
            </a:facetOption>
            <a:facetOption>
                <a:labelExpr>"Master of Industrial Engr."</a:labelExpr>
                <a:facetOperator>IN</a:facetOperator>
                <a:lowerLimitExpr></a:lowerLimitExpr>
                <a:upperLimitExpr></a:upperLimitExpr>
                <a:values>"MIE"</a:values>
            </a:facetOption>
            <a:facetOption>
                <a:labelExpr>"Master of Liberal Arts"</a:labelExpr>
                <a:facetOperator>IN</a:facetOperator>
                <a:lowerLimitExpr></a:lowerLimitExpr>
                <a:upperLimitExpr></a:upperLimitExpr>
                <a:values>"MLA"</a:values>
            </a:facetOption>
            <a:facetOption>
                <a:labelExpr>"Master of Mechanical Engr."</a:labelExpr>
                <a:facetOperator>IN</a:facetOperator>
                <a:lowerLimitExpr></a:lowerLimitExpr>
                <a:upperLimitExpr></a:upperLimitExpr>
                <a:values>"MME"</a:values>
            </a:facetOption>
            <a:facetOption>
                <a:labelExpr>"Master of Music"</a:labelExpr>
                <a:facetOperator>IN</a:facetOperator>
                <a:lowerLimitExpr></a:lowerLimitExpr>
                <a:upperLimitExpr></a:upperLimitExpr>
                <a:values>"MM"</a:values>
            </a:facetOption>
            <a:facetOption>
                <a:labelExpr>"Master of Physician Assistant"</a:labelExpr>
                <a:facetOperator>IN</a:facetOperator>
                <a:lowerLimitExpr></a:lowerLimitExpr>
                <a:upperLimitExpr></a:upperLimitExpr>
                <a:values>"MPAS"</a:values>
            </a:facetOption>
            <a:facetOption>
                <a:labelExpr>"Master of Public Admin."</a:labelExpr>
                <a:facetOperator>IN</a:facetOperator>
                <a:lowerLimitExpr></a:lowerLimitExpr>
                <a:upperLimitExpr></a:upperLimitExpr>
                <a:values>"MPA"</a:values>
            </a:facetOption>
            <a:facetOption>
                <a:labelExpr>"Master of Public Health"</a:labelExpr>
                <a:facetOperator>IN</a:facetOperator>
                <a:lowerLimitExpr></a:lowerLimitExpr>
                <a:upperLimitExpr></a:upperLimitExpr>
                <a:values>"MPH"</a:values>
            </a:facetOption>
            <a:facetOption>
                <a:labelExpr>"Master of Science"</a:labelExpr>
                <a:facetOperator>IN</a:facetOperator>
                <a:lowerLimitExpr></a:lowerLimitExpr>
                <a:upperLimitExpr></a:upperLimitExpr>
                <a:values>"MS"</a:values>
            </a:facetOption>
            <a:facetOption>
                <a:labelExpr>"Master of Science in Biotech."</a:labelExpr>
                <a:facetOperator>IN</a:facetOperator>
                <a:lowerLimitExpr></a:lowerLimitExpr>
                <a:upperLimitExpr></a:upperLimitExpr>
                <a:values>"MSB"</a:values>
            </a:facetOption>
            <a:facetOption>
                <a:labelExpr>"Master of Science in Marketing"</a:labelExpr>
                <a:facetOperator>IN</a:facetOperator>
                <a:lowerLimitExpr></a:lowerLimitExpr>
                <a:upperLimitExpr></a:upperLimitExpr>
                <a:values>"MSM"</a:values>
            </a:facetOption>
            <a:facetOption>
                <a:labelExpr>"Master of Social Work"</a:labelExpr>
                <a:facetOperator>IN</a:facetOperator>
                <a:lowerLimitExpr></a:lowerLimitExpr>
                <a:upperLimitExpr></a:upperLimitExpr>
                <a:values>"MSW"</a:values>
            </a:facetOption>
            <a:facetOption>
                <a:labelExpr>"Master of Urban &amp; Comm Design"</a:labelExpr>
                <a:facetOperator>IN</a:facetOperator>
                <a:lowerLimitExpr></a:lowerLimitExpr>
                <a:upperLimitExpr></a:upperLimitExpr>
                <a:values>"MUCD"</a:values>
            </a:facetOption>
            <a:facetOption>
                <a:labelExpr>"Master of Urban &amp; Reg Planning"</a:labelExpr>
                <a:facetOperator>IN</a:facetOperator>
                <a:lowerLimitExpr></a:lowerLimitExpr>
                <a:upperLimitExpr></a:upperLimitExpr>
                <a:values>"MURP"</a:values>
            </a:facetOption>
            <a:facetOption>
                <a:labelExpr>"MS in Bioinformtics &amp; Comp Bio"</a:labelExpr>
                <a:facetOperator>IN</a:facetOperator>
                <a:lowerLimitExpr></a:lowerLimitExpr>
                <a:upperLimitExpr></a:upperLimitExpr>
                <a:values>"MSBCB"</a:values>
            </a:facetOption>
            <a:facetOption>
                <a:labelExpr>"MS in Biomedical Engineering"</a:labelExpr>
                <a:facetOperator>IN</a:facetOperator>
                <a:lowerLimitExpr></a:lowerLimitExpr>
                <a:upperLimitExpr></a:upperLimitExpr>
                <a:values>"MSBE"</a:values>
            </a:facetOption>
            <a:facetOption>
                <a:labelExpr>"MS in Chemical Engineering"</a:labelExpr>
                <a:facetOperator>IN</a:facetOperator>
                <a:lowerLimitExpr></a:lowerLimitExpr>
                <a:upperLimitExpr></a:upperLimitExpr>
                <a:values>"MSCH"</a:values>
            </a:facetOption>
            <a:facetOption>
                <a:labelExpr>"MS in Civil Engineering"</a:labelExpr>
                <a:facetOperator>IN</a:facetOperator>
                <a:lowerLimitExpr></a:lowerLimitExpr>
                <a:upperLimitExpr></a:upperLimitExpr>
                <a:values>"MSCE"</a:values>
            </a:facetOption>
            <a:facetOption>
                <a:labelExpr>"MS in Computer Engineering"</a:labelExpr>
                <a:facetOperator>IN</a:facetOperator>
                <a:lowerLimitExpr></a:lowerLimitExpr>
                <a:upperLimitExpr></a:upperLimitExpr>
                <a:values>"MSCP"</a:values>
            </a:facetOption>
            <a:facetOption>
                <a:labelExpr>"MS in Computer Science"</a:labelExpr>
                <a:facetOperator>IN</a:facetOperator>
                <a:lowerLimitExpr></a:lowerLimitExpr>
                <a:upperLimitExpr></a:upperLimitExpr>
                <a:values>"MSCS"</a:values>
            </a:facetOption>
            <a:facetOption>
                <a:labelExpr>"MS in Electrical Engineering"</a:labelExpr>
                <a:facetOperator>IN</a:facetOperator>
                <a:lowerLimitExpr></a:lowerLimitExpr>
                <a:upperLimitExpr></a:upperLimitExpr>
                <a:values>"MSEE"</a:values>
            </a:facetOption>
            <a:facetOption>
                <a:labelExpr>"MS in Engineering"</a:labelExpr>
                <a:facetOperator>IN</a:facetOperator>
                <a:lowerLimitExpr></a:lowerLimitExpr>
                <a:upperLimitExpr></a:upperLimitExpr>
                <a:values>"MSE"</a:values>
            </a:facetOption>
            <a:facetOption>
                <a:labelExpr>"MS in Engineering Management"</a:labelExpr>
                <a:facetOperator>IN</a:facetOperator>
                <a:lowerLimitExpr></a:lowerLimitExpr>
                <a:upperLimitExpr></a:upperLimitExpr>
                <a:values>"MSEM"</a:values>
            </a:facetOption>
            <a:facetOption>
                <a:labelExpr>"MS in Engineering Science"</a:labelExpr>
                <a:facetOperator>IN</a:facetOperator>
                <a:lowerLimitExpr></a:lowerLimitExpr>
                <a:upperLimitExpr></a:upperLimitExpr>
                <a:values>"MSES"</a:values>
            </a:facetOption>
            <a:facetOption>
                <a:labelExpr>"MS in Environmental Engr."</a:labelExpr>
                <a:facetOperator>IN</a:facetOperator>
                <a:lowerLimitExpr></a:lowerLimitExpr>
                <a:upperLimitExpr></a:upperLimitExpr>
                <a:values>"MSEV"</a:values>
            </a:facetOption>
            <a:facetOption>
                <a:labelExpr>"MS in Health Informatics"</a:labelExpr>
                <a:facetOperator>IN</a:facetOperator>
                <a:lowerLimitExpr></a:lowerLimitExpr>
                <a:upperLimitExpr></a:upperLimitExpr>
                <a:values>"MSHI"</a:values>
            </a:facetOption>
            <a:facetOption>
                <a:labelExpr>"MS in Industrial Engineering"</a:labelExpr>
                <a:facetOperator>IN</a:facetOperator>
                <a:lowerLimitExpr></a:lowerLimitExpr>
                <a:upperLimitExpr></a:upperLimitExpr>
                <a:values>"MSIE"</a:values>
            </a:facetOption>
            <a:facetOption>
                <a:labelExpr>"MS in Info Tech"</a:labelExpr>
                <a:facetOperator>IN</a:facetOperator>
                <a:lowerLimitExpr></a:lowerLimitExpr>
                <a:upperLimitExpr></a:upperLimitExpr>
                <a:values>"MSIT"</a:values>
            </a:facetOption>
            <a:facetOption>
                <a:labelExpr>"MS in Mat. Sc. and Eng."</a:labelExpr>
                <a:facetOperator>IN</a:facetOperator>
                <a:lowerLimitExpr></a:lowerLimitExpr>
                <a:upperLimitExpr></a:upperLimitExpr>
                <a:values>"MSMSE"</a:values>
            </a:facetOption>
            <a:facetOption>
                <a:labelExpr>"MS in Mechanical Engineering"</a:labelExpr>
                <a:facetOperator>IN</a:facetOperator>
                <a:lowerLimitExpr></a:lowerLimitExpr>
                <a:upperLimitExpr></a:upperLimitExpr>
                <a:values>"MSME"</a:values>
            </a:facetOption>
            <a:facetOption>
                <a:labelExpr>"MS in Medical Sciences"</a:labelExpr>
                <a:facetOperator>IN</a:facetOperator>
                <a:lowerLimitExpr></a:lowerLimitExpr>
                <a:upperLimitExpr></a:upperLimitExpr>
                <a:values>"MSMS"</a:values>
            </a:facetOption>
            <a:facetOption>
                <a:labelExpr>"MS in Physical Therapy"</a:labelExpr>
                <a:facetOperator>IN</a:facetOperator>
                <a:lowerLimitExpr></a:lowerLimitExpr>
                <a:upperLimitExpr></a:upperLimitExpr>
                <a:values>"MSPT"</a:values>
            </a:facetOption>
            <a:facetOption>
                <a:labelExpr>"MS in Public Health"</a:labelExpr>
                <a:facetOperator>IN</a:facetOperator>
                <a:lowerLimitExpr></a:lowerLimitExpr>
                <a:upperLimitExpr></a:upperLimitExpr>
                <a:values>"MSPH"</a:values>
            </a:facetOption>
            <a:facetOption>
                <a:labelExpr>"MS in Real Estate"</a:labelExpr>
                <a:facetOperator>IN</a:facetOperator>
                <a:lowerLimitExpr></a:lowerLimitExpr>
                <a:upperLimitExpr></a:upperLimitExpr>
                <a:values>"MSRE"</a:values>
            </a:facetOption>
            <a:sortOrderIndex>1</a:sortOrderIndex>
            <a:facetOrderIndex>1</a:facetOrderIndex>
            <a:visibilityExpr></a:visibilityExpr>
            <a:defaultOptionExpr></a:defaultOptionExpr>
            <a:allowMultipleSelections>false</a:allowMultipleSelections>
        </a:fieldCfg>
        <a:detailViewCfg>
            <a:nameExpr>="Summary"</a:nameExpr>
            <a:uiExpr>#"_a-0000deb5-0bcc-8000-9ba2-011c48011c48_218275"(&#xD;
  applicantName: concat(rf!firstName," ",rf!lastName),&#xD;
  graduateApplication: #"_a-0000deb5-0bcc-8000-9ba2-011c48011c48_219299"(&#xD;
	 applicationId: rf!applicationId,&#xD;
	 returnCDT: true&#xD;
  )  &#xD;
)</a:uiExpr>
            <a:visibilityExpr>=true()</a:visibilityExpr>
            <a:urlStub>summary</a:urlStub>
            <a:headerExpr></a:headerExpr>
        </a:detailViewCfg>
        <a:relatedActionCfg>
            <a:target xmlns:xsi="http://www.w3.org/2001/XMLSchema-instance" xsi:type="a:ProcessModel" a:uuid="0002debc-90db-8000-f92f-7f0000014e7a"/>
            <a:contextExpr>{
  applicationId: rf!applicationId
  }</a:contextExpr>
            <a:visibilityExpr>true</a:visibilityExpr>
            <a:iconId>f0f6</a:iconId>
            <a:refId>dcd4e5e5-b248-47e2-ad20-a0755c71afca</a:refId>
        </a:relatedActionCfg>
        <a:relatedActionCfg>
            <a:target xmlns:xsi="http://www.w3.org/2001/XMLSchema-instance" xsi:type="a:ProcessModel" a:uuid="0002dec4-849f-8000-f92f-7f0000014e7a"/>
            <a:contextExpr>{
  name: {rf!firstName&amp;" "&amp;rf!lastName},
  reviewCycle: #"_a-0000dec3-7017-8000-9ba2-011c48011c48_223347"(
    applicationId: rf!applicationId,
    returnCdt: true
  ),
  applicationId: rf!applicationId
}</a:contextExpr>
            <a:visibilityExpr>and(&#xD;
  isusermemberofgroup(&#xD;
    loggedinuser(),&#xD;
    #"_a-0000deb5-0bcc-8000-9ba2-011c48011c48_219548"&#xD;
  ),&#xD;
  #"_a-0000deb5-0bcc-8000-9ba2-011c48011c48_219583"(&#xD;
    pagingInfo: #"SYSTEM_SYSRULES_pagingInfo"(&#xD;
      1,&#xD;
      1&#xD;
    ),&#xD;
    name: loggedInUser(),&#xD;
    levelThreeId: #"_a-0000deb5-0bcc-8000-9ba2-011c48011c48_219299"(&#xD;
      applicationId: rf!applicationId,&#xD;
      returnCDT: true&#xD;
    ).levelThreeId&#xD;
  ).totalCount &gt; 0,&#xD;
  #"_a-0000dec3-7017-8000-9ba2-011c48011c48_223347"(&#xD;
    returnCdt: true,&#xD;
    applicationId: rf!applicationId&#xD;
  ).seeReviews &lt;&gt; true&#xD;
)</a:visibilityExpr>
            <a:iconId>f0a1</a:iconId>
            <a:refId>2a13ba73-7375-4abd-b482-809633a4322d</a:refId>
        </a:relatedActionCfg>
        <a:relatedActionCfg>
            <a:target xmlns:xsi="http://www.w3.org/2001/XMLSchema-instance" xsi:type="a:ProcessModel" a:uuid="0002dec4-6a60-8000-f92f-7f0000014e7a"/>
            <a:contextExpr>{&#xD;
  gradAppDetail: #"_a-0000dec3-7017-8000-9ba2-011c48011c48_223654"(&#xD;
    applicationId:rf!applicationId,&#xD;
    returnCdt:true&#xD;
  ),&#xD;
  formLabel: #"_a-0000decc-9caf-8000-9ba2-011c48011c48_224942"&#xD;
}</a:contextExpr>
            <a:visibilityExpr>isusermemberofgroups(loggedInUser(), tointeger({#"_a-0000deb5-0bcc-8000-9ba2-011c48011c48_220117", #"_a-0000deb5-0bcc-8000-9ba2-011c48011c48_219197", #"_a-0000deb5-0bcc-8000-9ba2-011c48011c48_219367"}))</a:visibilityExpr>
            <a:iconId>f00c</a:iconId>
            <a:refId>77b7ecbf-e793-491d-8978-9de06136911c</a:refId>
        </a:relatedActionCfg>
        <a:relatedActionCfg>
            <a:target xmlns:xsi="http://www.w3.org/2001/XMLSchema-instance" xsi:type="a:ProcessModel" a:uuid="0002decd-a574-8000-f92f-7f0000014e7a"/>
            <a:contextExpr>{
  name: {rf!firstName&amp;" "&amp;rf!lastName},
  applicationId: rf!applicationId
}</a:contextExpr>
            <a:visibilityExpr>isusermemberofgroup(loggedinuser(),#"_a-0000deb5-0bcc-8000-9ba2-011c48011c48_219197")</a:visibilityExpr>
            <a:iconId>f005</a:iconId>
            <a:refId>17f4ce84-799d-41b2-a69d-2d5603ef3f20</a:refId>
        </a:relatedActionCfg>
        <a:relatedActionCfg>
            <a:target xmlns:xsi="http://www.w3.org/2001/XMLSchema-instance" xsi:type="a:ProcessModel" a:uuid="0005decd-b92c-8000-f92f-7f0000014e7a"/>
            <a:contextExpr>{
  auditHistory: null,
  btnValue: null,
  applicationId: rf!applicationId,
  gradAppDetail: #"_a-0000dec3-7017-8000-9ba2-011c48011c48_223654"(
    applicationId: rf!applicationId,
    returnCdt: true
  )
}</a:contextExpr>
            <a:visibilityExpr>and&#xD;
(&#xD;
isusermemberofgroup(loggedInUser(),#"_a-0000deb5-0bcc-8000-9ba2-011c48011c48_219197"),&#xD;
#"_a-0000d62a-67b3-8000-da6f-010000010000_950"&#xD;
(&#xD;
index&#xD;
(&#xD;
#"_a-0000dec3-7017-8000-9ba2-011c48011c48_223654"(&#xD;
applicationId:rf!applicationId,&#xD;
returnCdt:true,&#xD;
pagingInfo: #"SYSTEM_SYSRULES_pagingInfo"(1,1)&#xD;
),&#xD;
1,&#xD;
null&#xD;
).deptRecommendation.refId&#xD;
)&#xD;
)</a:visibilityExpr>
            <a:iconId>f0e7</a:iconId>
            <a:refId>14c15f61-ac6f-4b1b-b2b9-c72d9468334b</a:refId>
        </a:relatedActionCfg>
        <a:relatedActionCfg>
            <a:target xmlns:xsi="http://www.w3.org/2001/XMLSchema-instance" xsi:type="a:ProcessModel" a:uuid="0002decf-026e-8000-f92f-7f0000014e7a"/>
            <a:contextExpr>{
  auditHistory: null,
  btnValue: null,
  documentNames: null,
  graduateApplication: 
  #"_a-0000deb5-0bcc-8000-9ba2-011c48011c48_219299"(
    applicationId: rf!applicationId,
    returnCDT: true
  ) 
}</a:contextExpr>
            <a:visibilityExpr>isusermemberofgroups(&#xD;
  loggedinuser(),&#xD;
  {&#xD;
    #"_a-0000deb5-0bcc-8000-9ba2-011c48011c48_220117",&#xD;
    #"_a-0000deb5-0bcc-8000-9ba2-011c48011c48_219197",&#xD;
    #"_a-0000deb5-0bcc-8000-9ba2-011c48011c48_219367"&#xD;
  }&#xD;
)</a:visibilityExpr>
            <a:iconId>f003</a:iconId>
            <a:refId>5addbf7c-22be-4465-bc5e-807507a6be47</a:refId>
        </a:relatedActionCfg>
        <a:relatedActionCfg>
            <a:target xmlns:xsi="http://www.w3.org/2001/XMLSchema-instance" xsi:type="a:ProcessModel" a:uuid="0002def6-7185-8000-f92f-7f0000014e7a"/>
            <a:contextExpr>{&#xD;
uNumber:rf!uNumber,&#xD;
lastName:rf!lastName,&#xD;
termCode:rf!term&#xD;
}</a:contextExpr>
            <a:visibilityExpr>=false</a:visibilityExpr>
            <a:iconId>f016</a:iconId>
            <a:refId>db3462e7-3b57-407c-8694-e533fcfb93fb</a:refId>
        </a:relatedActionCfg>
        <a:isSystem>false</a:isSystem>
        <a:dataSrcExpr></a:dataSrcExpr>
        <a:facetsListExpr></a:facetsListExpr>
        <a:titleExpr>concat(rf!firstName," ",rf!lastName)</a:titleExpr>
        <a:defaultFiltersExpr></a:defaultFiltersExpr>
        <a:layoutType>GRID</a:layoutType>
        <a:security>16383</a:security>
        <a:hideLatestNews>false</a:hideLatestNews>
    </recordType>
    <roleMap>
        <role name="record_type_administrator">
            <users/>
            <groups>
                <groupUuid>_e-0000deb5-0bcb-8000-9aee-01075c01075c_667</groupUuid>
            </groups>
        </role>
        <role name="record_type_viewer">
            <users/>
            <groups>
                <groupUuid>_e-0000deb5-0bcb-8000-9aee-01075c01075c_666</groupUuid>
            </groups>
        </role>
    </roleMap>
</recordTypeHaul>
