<?xml version="1.0" encoding="UTF-8" standalone="yes"?>
<groupHaul xmlns:a="http://www.appian.com/ae/types/2009">
    <group>
        <name>UAP Faculty</name>
        <securityMap>SECURITYMAP_PUBLIC</securityMap>
        <uuid>_e-0000deb5-0bcb-8000-9aee-01075c01075c_672</uuid>
        <groupTypeUuid>SYSTEM_GROUP_TYPE_CUSTOM</groupTypeUuid>
        <parentUuid>_e-0000deb5-0bcb-8000-9aee-01075c01075c_666</parentUuid>
        <description>The Faculty at USF - these people can be designated as Program Directors, College Designees, etc.</description>
        <delegatedCreation>false</delegatedCreation>
        <memberPolicy>MEMBERPOLICY_CLOSED</memberPolicy>
        <viewingPolicy>VIEWINGPOLICY_LOW</viewingPolicy>
        <attributes/>
    </group>
    <members>
        <users/>
        <groups/>
    </members>
    <admins>
        <users/>
        <groups/>
    </admins>
    <ruleSet/>
</groupHaul>
