<?xml version="1.0" encoding="UTF-8" standalone="yes"?>
<groupHaul xmlns:a="http://www.appian.com/ae/types/2009">
    <group>
        <name>UAP All Users</name>
        <securityMap>SECURITYMAP_PUBLIC</securityMap>
        <uuid>_e-0000deb5-0bcb-8000-9aee-01075c01075c_666</uuid>
        <groupTypeUuid>SYSTEM_GROUP_TYPE_CUSTOM</groupTypeUuid>
        <description>All Users for the University Admissions app</description>
        <delegatedCreation>false</delegatedCreation>
        <memberPolicy>MEMBERPOLICY_CLOSED</memberPolicy>
        <viewingPolicy>VIEWINGPOLICY_LOW</viewingPolicy>
        <attributes/>
    </group>
    <members>
        <users/>
        <groups>
            <groupUuid>_e-0000deb5-0bcb-8000-9aee-01075c01075c_667</groupUuid>
            <groupUuid>_e-0000dec3-7016-8000-9aee-01075c01075c_675</groupUuid>
            <groupUuid>_e-0000deb5-0bcb-8000-9aee-01075c01075c_668</groupUuid>
            <groupUuid>_e-0000deb5-0bcb-8000-9aee-01075c01075c_672</groupUuid>
            <groupUuid>_e-0000deb5-0bcb-8000-9aee-01075c01075c_673</groupUuid>
            <groupUuid>_e-0000deb5-0bcb-8000-9aee-01075c01075c_674</groupUuid>
            <groupUuid>_e-0000deb5-0bcb-8000-9aee-01075c01075c_670</groupUuid>
            <groupUuid>_e-0000deb5-0bcb-8000-9aee-01075c01075c_669</groupUuid>
        </groups>
    </members>
    <admins>
        <users/>
        <groups>
            <groupUuid>_e-0000deb5-0bcb-8000-9aee-01075c01075c_667</groupUuid>
        </groups>
    </admins>
    <ruleSet/>
</groupHaul>
