<?xml version="1.0" encoding="UTF-8" standalone="yes"?>
<groupHaul xmlns:a="http://www.appian.com/ae/types/2009">
    <group>
        <name>UAP Graduate Admissions Coordinators</name>
        <securityMap>SECURITYMAP_TEAM</securityMap>
        <uuid>_e-0000deb5-0bcb-8000-9aee-01075c01075c_674</uuid>
        <groupTypeUuid>SYSTEM_GROUP_TYPE_CUSTOM</groupTypeUuid>
        <parentUuid>_e-0000deb5-0bcb-8000-9aee-01075c01075c_666</parentUuid>
        <description>Members of the Graduate Admissions Coordinator in the University Admissions application</description>
        <delegatedCreation>false</delegatedCreation>
        <memberPolicy>MEMBERPOLICY_CLOSED</memberPolicy>
        <viewingPolicy>VIEWINGPOLICY_LOW</viewingPolicy>
        <attributes/>
    </group>
    <members>
        <users/>
        <groups/>
    </members>
    <admins>
        <users>
            <userUuid>U84959184</userUuid>
        </users>
        <groups/>
    </admins>
    <ruleSet/>
</groupHaul>
