<?xml version="1.0" encoding="UTF-8" standalone="yes"?>
<contentHaul xmlns:a="http://www.appian.com/ae/types/2009">
    <rule>
        <name>UAP_returnEligibleTerms</name>
        <uuid>2b764373-c393-4f24-a4ef-ef26707530ec</uuid>
        <description>Returns the terms that are eligible for term change</description>
        <parentUuid>_a-0000deb5-0bcc-8000-9ba2-011c48011c48_218267</parentUuid>
        <visibility>
            <advertise>false</advertise>
            <hierarchy>true</hierarchy>
            <indexable>true</indexable>
            <quota>false</quota>
            <searchable>true</searchable>
            <system>false</system>
            <unlogged>false</unlogged>
        </visibility>
        <definition>/*
This expression rule returns the terms that an application can be switched to given an initial term of ri!inputTerm

The term cannot be changed if the third term from the original term is earlier than the next term.
In this case, it will return -1 to signal that the term can't be changed
*/

with
( 
  /*Return the next term*/
  local!nextTerm: #"_a-0000def2-cb5b-8000-9ba2-011c48011c48_238956"(),
  
  /*Get the year of the next term*/
  local!nextTermYear:
  left(local!nextTerm,4),
  
  /*Get the month of the next term*/
  local!nextTermMonth:
  right(local!nextTerm,2),
  
  /*Get the year of the input term*/
  local!inputTermYear:
  left(ri!inputTerm,4),
  
  /*Get the month of the input term*/
  local!inputTermMonth:
  right(ri!inputTerm,2),
  
  /*Get the year of the final term (one year from input term)*/
  local!finalTermYear:
  tostring(tointeger(local!inputTermYear)+1),
  
  /*Get the month of the final term (same as input term)*/
  local!finalTermMonth:
  local!inputTermMonth,
  
  /*Get the number of years between the next term and the final term*/
  local!numberOfYears:
  tointeger(local!finalTermYear) - tointeger(local!nextTermYear),
  
  /*Get the number of terms to adjust for by month*/
  local!numberOfTermsFromMonth: #"_a-0000df16-9c51-8000-9ba2-011c48011c48_252584"
  (
    nextTermMonth: local!nextTermMonth,
    finalTermMonth: local!finalTermMonth
  ),
  
  /*Get the total number of terms. Add one for current term.*/
  local!numberOfTerms:
  3*local!numberOfYears + local!numberOfTermsFromMonth + 1,
  
  /*Generate terms based on the startTerm and the number of terms to generate*/
  if
  (
    /*If the next term is already more than three terms from the application's original term, term can't be changed. Return -1*/
    tointeger(local!finalTermYear&amp;local!finalTermMonth) &lt; tointeger(local!nextTerm),
    -1,
    #"_a-0000df16-9c51-8000-9ba2-011c48011c48_252589"
    (
      startTermMonth: local!nextTermMonth,
      startTermYear: local!nextTermYear,
      numberOfTerms: local!numberOfTerms
    )
  )
)</definition>
        <namedTypedValue>
            <name>inputTerm</name>
            <type>
                <name>string</name>
                <namespace>http://www.w3.org/2001/XMLSchema</namespace>
            </type>
            <value/>
        </namedTypedValue>
        <preferredEditor>legacy</preferredEditor>
        <offlineEnabled>false</offlineEnabled>
    </rule>
    <roleMap public="true">
        <role inherit="true" allowForAll="false" name="readers">
            <users/>
            <groups/>
        </role>
        <role inherit="true" allowForAll="false" name="authors">
            <users/>
            <groups/>
        </role>
        <role inherit="true" allowForAll="false" name="administrators">
            <users/>
            <groups/>
        </role>
        <role inherit="false" allowForAll="false" name="denyReaders">
            <users/>
            <groups/>
        </role>
        <role inherit="false" allowForAll="false" name="denyAuthors">
            <users/>
            <groups/>
        </role>
        <role inherit="false" allowForAll="false" name="denyAdministrators">
            <users/>
            <groups/>
        </role>
    </roleMap>
</contentHaul>
