<?xml version="1.0" encoding="UTF-8" standalone="yes"?>
<contentHaul xmlns:a="http://www.appian.com/ae/types/2009">
    <rule>
        <name>UAP_directorDashboadButtonValidation</name>
        <uuid>448544b9-e5cd-4a23-8ee4-366ccfeda122</uuid>
        <description>determines if a button is visible or not </description>
        <parentUuid>_a-0000deb5-0bcc-8000-9ba2-011c48011c48_218267</parentUuid>
        <visibility>
            <advertise>false</advertise>
            <hierarchy>true</hierarchy>
            <indexable>true</indexable>
            <quota>false</quota>
            <searchable>true</searchable>
            <system>false</system>
            <unlogged>false</unlogged>
        </visibility>
        <definition>with(
  local!statusList: index(
    ri!view,
    wherecontains(
      ri!identifiers,
      ri!view.applicationId
    )
  ).status,
  local!gpaList: index(
    ri!view,
    wherecontains(
      ri!identifiers,
      ri!view.applicationId
    )
  ).gpa,
  local!removeDirectorReview: remove(
    local!statusList,
    wherecontains(
      "Director Review",
      local!statusList
    )
  ),
  if(
    #"_a-0000d62a-67b3-8000-da6f-010000010000_951"(
      ri!identifiers
    ),
    true,
    if(
      ri!isAdmit,
      or(
        not(
          #"_a-0000d62a-67b3-8000-da6f-010000010000_950"(
            local!removeDirectorReview
          )
        ),
        not(
          #"_a-0000d62a-67b3-8000-da6f-010000010000_951"(
            where(
              local!gpaList &lt; #"_a-0000decc-9caf-8000-9ba2-011c48011c48_227653"
            )
          )
        )
      ),
      not(
        #"_a-0000d62a-67b3-8000-da6f-010000010000_950"(
          local!removeDirectorReview
        )
      )
    )
  )
)</definition>
        <namedTypedValue>
            <name>view</name>
            <type>
                <name>UAP_v_directorDashApplication?list</name>
                <namespace>urn:com:appian:types:UAP</namespace>
            </type>
        </namedTypedValue>
        <namedTypedValue>
            <name>identifiers</name>
            <type>
                <name>Integer?list</name>
                <namespace>http://www.appian.com/ae/types/2009</namespace>
            </type>
        </namedTypedValue>
        <namedTypedValue>
            <name>isAdmit</name>
            <type>
                <name>boolean</name>
                <namespace>http://www.w3.org/2001/XMLSchema</namespace>
            </type>
        </namedTypedValue>
        <preferredEditor>legacy</preferredEditor>
        <offlineEnabled>false</offlineEnabled>
    </rule>
    <roleMap public="true">
        <role inherit="true" allowForAll="false" name="readers">
            <users/>
            <groups/>
        </role>
        <role inherit="true" allowForAll="false" name="authors">
            <users/>
            <groups/>
        </role>
        <role inherit="true" allowForAll="false" name="administrators">
            <users/>
            <groups/>
        </role>
        <role inherit="false" allowForAll="false" name="denyReaders">
            <users/>
            <groups/>
        </role>
        <role inherit="false" allowForAll="false" name="denyAuthors">
            <users/>
            <groups/>
        </role>
        <role inherit="false" allowForAll="false" name="denyAdministrators">
            <users/>
            <groups/>
        </role>
    </roleMap>
</contentHaul>
