<?xml version="1.0" encoding="UTF-8" standalone="yes"?>
<contentHaul xmlns:a="http://www.appian.com/ae/types/2009">
    <rule>
        <name>UAP_s_unmappedApplications</name>
        <uuid>_a-0000def2-cb5b-8000-9ba2-011c48011c48_239042</uuid>
        <description>A "Baggage Claim" interface that displays information about applications that aren't mapping to a program</description>
        <parentUuid>_a-0000deb5-0bcc-8000-9ba2-011c48011c48_218266</parentUuid>
        <visibility>
            <advertise>false</advertise>
            <hierarchy>true</hierarchy>
            <indexable>true</indexable>
            <quota>false</quota>
            <searchable>true</searchable>
            <system>false</system>
            <unlogged>false</unlogged>
        </visibility>
        <definition>load(
  local!pagingInfo: #"SYSTEM_SYSRULES_pagingInfo"(
    startIndex: 1,
    batchSize: 5,
    sort: #"SYSTEM_SYSRULES_sortInfo"(
      field: "applicationNumber",
      ascending: true
    )
  ),
  local!unmappedDatasubset: #"_a-0000deb5-0bcc-8000-9ba2-011c48011c48_219299"(
    pagingInfo: local!pagingInfo,
    returnUnmapped: true
  ),
  #"SYSTEM_SYSRULES_sectionLayout"(
    firstColumnContents: {
      if(
        #"_a-0000d62a-67b3-8000-da6f-010000010000_951"(
          local!unmappedDatasubset
        ),
        #"_a-0000deb5-0bcc-8000-9ba2-011c48011c48_218640"(
          #"_a-0000df0b-4b17-8000-9ba2-011c48011c48_247772"
        ),
        #"SYSTEM_SYSRULES_gridField"(
          instructions: #"_a-0000deef-1613-8000-9ba2-011c48011c48_233435",
          totalCount: local!unmappedDatasubset.totalCount,
          identifiers: index(
            local!unmappedDatasubset.data,
            "applicationId",
            {}
          ),
          value: local!pagingInfo,
          columns: {
            #"SYSTEM_SYSRULES_gridTextColumn"(
              label: "Applicant",
              data: apply(
                concat(
                  _,
                  " ",
                  _
                ),
                merge(
                  index(
                    local!unmappedDatasubset.data,
                    "firstName",
                    {}
                  ),
                  index(
                    local!unmappedDatasubset.data,
                    "lastName",
                    {}
                  )
                )
              ),
              field: "lastName",
              links: apply(
                #"SYSTEM_SYSRULES_recordLink"(
                  recordType: #"_a-0000decc-9caf-8000-9ba2-011c48011c48_225409",
                  identifier: _
                ),
                index(
                  local!unmappedDatasubset.data,
                  "applicationId",
                  {}
                )
              )
            ),
            #"SYSTEM_SYSRULES_gridTextColumn"(
              label: "Application Number",
              field: "applicationNumber",
              data: local!unmappedDatasubset.data.applicationNumber
            ),
            #"SYSTEM_SYSRULES_gridTextColumn"(
              label: "Term",
              field: "term",
              data: apply(
                #"_a-0000def2-cb5b-8000-9ba2-011c48011c48_238367"(
                  _
                ),
                local!unmappedDatasubset.data.term
              )
            ),
            #"SYSTEM_SYSRULES_gridTextColumn"(
              label: #"_a-0000deef-1613-8000-9ba2-011c48011c48_233432",
              field: "uNumber",
              data: local!unmappedDatasubset.data.uNumber
            ),
            #"SYSTEM_SYSRULES_gridTextColumn"(
              label: "College Code",
              field: "college",
              data: local!unmappedDatasubset.data.college
            ),
            #"SYSTEM_SYSRULES_gridTextColumn"(
              label: "Major Code",
              field: "majorCode",
              data: local!unmappedDatasubset.data.majorCode
            ),
            #"SYSTEM_SYSRULES_gridTextColumn"(
              label: "Concentration Code",
              field: "concentrationCode",
              data: local!unmappedDatasubset.data.concentrationCode
            ),
            #"SYSTEM_SYSRULES_gridTextColumn"(
              label: "Degree Code",
              field: "degree",
              data: local!unmappedDatasubset.data.degree
            )
          },
          saveInto: {
            local!pagingInfo,
            a!save(
              local!unmappedDatasubset,
              #"_a-0000deb5-0bcc-8000-9ba2-011c48011c48_219299"(
                pagingInfo: local!pagingInfo,
                returnUnmapped: true
              )
            )
          }
        )
      )
    }
  )
)</definition>
        <metadataExpr></metadataExpr>
        <preferredEditor>interface</preferredEditor>
        <offlineEnabled>false</offlineEnabled>
    </rule>
    <roleMap public="true">
        <role inherit="true" allowForAll="false" name="readers">
            <users/>
            <groups/>
        </role>
        <role inherit="true" allowForAll="false" name="authors">
            <users/>
            <groups/>
        </role>
        <role inherit="true" allowForAll="false" name="administrators">
            <users>
                <userUuid>U03434620</userUuid>
            </users>
            <groups/>
        </role>
        <role inherit="false" allowForAll="false" name="denyReaders">
            <users/>
            <groups/>
        </role>
        <role inherit="false" allowForAll="false" name="denyAuthors">
            <users/>
            <groups/>
        </role>
        <role inherit="false" allowForAll="false" name="denyAdministrators">
            <users/>
            <groups/>
        </role>
    </roleMap>
</contentHaul>
