<?xml version="1.0" encoding="UTF-8" standalone="yes"?>
<contentHaul xmlns:a="http://www.appian.com/ae/types/2009">
    <rule>
        <name>UAP_buildRequirementList</name>
        <uuid>_a-0000dec3-7017-8000-9ba2-011c48011c48_223359</uuid>
        <description>Builds an integer list representation of the required document boolean values for a UAP_level3 object</description>
        <parentUuid>_a-0000deb5-0bcc-8000-9ba2-011c48011c48_218267</parentUuid>
        <visibility>
            <advertise>false</advertise>
            <hierarchy>true</hierarchy>
            <indexable>true</indexable>
            <quota>false</quota>
            <searchable>true</searchable>
            <system>false</system>
            <unlogged>false</unlogged>
        </visibility>
        <definition>intersection
(
  {
    #"_a-0000dec3-7017-8000-9ba2-011c48011c48_223313",
    #"_a-0000dec3-7017-8000-9ba2-011c48011c48_223315",
    #"_a-0000dec3-7017-8000-9ba2-011c48011c48_223319",
    #"_a-0000dec3-7017-8000-9ba2-011c48011c48_224630",
    #"_a-0000dec3-7017-8000-9ba2-011c48011c48_223327",
    #"_a-0000dec3-7017-8000-9ba2-011c48011c48_223328",
    #"_a-0000dec3-7017-8000-9ba2-011c48011c48_223329",
    #"_a-0000dec3-7017-8000-9ba2-011c48011c48_223326"
  },
  tointeger
  (
    {
      if(ri!level3.showTranscript, #"_a-0000dec3-7017-8000-9ba2-011c48011c48_223313", null),
      if(ri!level3.showTestScore, #"_a-0000dec3-7017-8000-9ba2-011c48011c48_223315", null),
      if(ri!level3.showResume, #"_a-0000dec3-7017-8000-9ba2-011c48011c48_223319", null),
      if(ri!level3.showWritingSample, #"_a-0000dec3-7017-8000-9ba2-011c48011c48_224630", null),
      if(ri!level3.showRec1, #"_a-0000dec3-7017-8000-9ba2-011c48011c48_223327", null),
      if(ri!level3.showRec2, #"_a-0000dec3-7017-8000-9ba2-011c48011c48_223328", null),
      if(ri!level3.showRec3, #"_a-0000dec3-7017-8000-9ba2-011c48011c48_223329", null),
      if(ri!level3.showSupplemental, #"_a-0000dec3-7017-8000-9ba2-011c48011c48_223326", null)
    }
  )
  
)</definition>
        <namedTypedValue>
            <name>level3</name>
            <type>
                <name>UAP_level3</name>
                <namespace>urn:com:appian:types:UAP</namespace>
            </type>
        </namedTypedValue>
        <preferredEditor>legacy</preferredEditor>
        <offlineEnabled>false</offlineEnabled>
    </rule>
    <roleMap public="true">
        <role inherit="true" allowForAll="false" name="readers">
            <users/>
            <groups/>
        </role>
        <role inherit="true" allowForAll="false" name="authors">
            <users/>
            <groups/>
        </role>
        <role inherit="true" allowForAll="false" name="administrators">
            <users/>
            <groups/>
        </role>
        <role inherit="false" allowForAll="false" name="denyReaders">
            <users/>
            <groups/>
        </role>
        <role inherit="false" allowForAll="false" name="denyAuthors">
            <users/>
            <groups/>
        </role>
        <role inherit="false" allowForAll="false" name="denyAdministrators">
            <users/>
            <groups/>
        </role>
    </roleMap>
</contentHaul>
