<?xml version="1.0" encoding="UTF-8" standalone="yes"?>
<contentHaul xmlns:a="http://www.appian.com/ae/types/2009">
    <rule>
        <name>UAP_displayBooleanRichText</name>
        <uuid>_a-0000dec3-7017-8000-9ba2-011c48011c48_223740</uuid>
        <description>Displays the rich text status of a boolean Application Checklist requirement</description>
        <parentUuid>_a-0000deb5-0bcc-8000-9ba2-011c48011c48_218266</parentUuid>
        <visibility>
            <advertise>false</advertise>
            <hierarchy>true</hierarchy>
            <indexable>true</indexable>
            <quota>false</quota>
            <searchable>true</searchable>
            <system>false</system>
            <unlogged>false</unlogged>
        </visibility>
        <definition>#"SYSTEM_SYSRULES_richTextDisplayField"(
  value: #"SYSTEM_SYSRULES_richTextItem"(
    text: {
      /*ICON*/
      #"SYSTEM_SYSRULES_richTextImage"(
        image: #"SYSTEM_SYSRULES_documentImage"(
          document: 
          if(
            
            /*If boolean is null or false, display an X*/
            or
            (
              isnull(ri!boolean),
              not(ri!boolean)
            ),
            #"SYSTEM_SYSRULES_iconIndicator"(
              "STATUS_NOTDONE"
            ),
            
            /*If boolean is true, display a check*/
            #"SYSTEM_SYSRULES_iconIndicator"(
              "STATUS_OK"
            )
          )
        )
      ),
      /*TEXT*/
      if(
        
        /*If boolean is null or false, display "Not provided"*/
        or
        (
          isnull(ri!boolean),
          not(ri!boolean)
        ),
        #"SYSTEM_SYSRULES_richTextItem"(
          text: 
          if
          (
            ri!isConductClearance,
            "On Hold",
            #"_a-0000dee0-8e2c-8000-9ba2-011c48011c48_231688"
          )
        ),
        
        /*Otherwise display "Verified"*/
        #"SYSTEM_SYSRULES_richTextItem"(
          text: 
          if
          (
            ri!isConductClearance,
            "None",
            #"_a-0000dee0-8e2c-8000-9ba2-011c48011c48_231690"
          )
        )
      )
    }
  )
)</definition>
        <namedTypedValue>
            <name>boolean</name>
            <type>
                <name>boolean</name>
                <namespace>http://www.w3.org/2001/XMLSchema</namespace>
            </type>
        </namedTypedValue>
        <namedTypedValue>
            <name>selectedSectionId</name>
            <type>
                <name>int</name>
                <namespace>http://www.w3.org/2001/XMLSchema</namespace>
            </type>
        </namedTypedValue>
        <namedTypedValue>
            <name>isConductClearance</name>
            <type>
                <name>boolean</name>
                <namespace>http://www.w3.org/2001/XMLSchema</namespace>
            </type>
        </namedTypedValue>
        <metadataExpr></metadataExpr>
        <preferredEditor>interface</preferredEditor>
        <offlineEnabled>false</offlineEnabled>
    </rule>
    <roleMap public="true">
        <role inherit="true" allowForAll="false" name="readers">
            <users/>
            <groups/>
        </role>
        <role inherit="true" allowForAll="false" name="authors">
            <users/>
            <groups/>
        </role>
        <role inherit="true" allowForAll="false" name="administrators">
            <users>
                <userUuid>U03434620</userUuid>
                <userUuid>U75253385</userUuid>
            </users>
            <groups/>
        </role>
        <role inherit="false" allowForAll="false" name="denyReaders">
            <users/>
            <groups/>
        </role>
        <role inherit="false" allowForAll="false" name="denyAuthors">
            <users/>
            <groups/>
        </role>
        <role inherit="false" allowForAll="false" name="denyAdministrators">
            <users/>
            <groups/>
        </role>
    </roleMap>
</contentHaul>
