<?xml version="1.0" encoding="UTF-8" standalone="yes"?>
<contentHaul xmlns:a="http://www.appian.com/ae/types/2009">
    <rule>
        <name>UAP_ws_getPriorInstitutions</name>
        <uuid>_a-0000def2-cb5b-8000-9ba2-011c48011c48_237564</uuid>
        <description>Get Prior Institutions for the student</description>
        <parentUuid>_a-0000deb5-0bcc-8000-9ba2-011c48011c48_218267</parentUuid>
        <visibility>
            <advertise>false</advertise>
            <hierarchy>true</hierarchy>
            <indexable>true</indexable>
            <quota>false</quota>
            <searchable>true</searchable>
            <system>false</system>
            <unlogged>false</unlogged>
        </visibility>
        <definition>&#xD;
load(&#xD;
  local!response: #"_a-0000def2-cb5b-8000-9ba2-011c48011c48_237206"(&#xD;
    usfId: ri!uNumber,&#xD;
    pagingInfo: ri!pagingInfo&#xD;
  ),&#xD;
  &#xD;
  /*a!fromJson(local!response.result.body)*/&#xD;
  /*local!response.results*/&#xD;
  if(&#xD;
    local!response.success,&#xD;
    #"_a-0000def2-cb5b-8000-9ba2-011c48011c48_237546"(&#xD;
      responseBody: local!response.result.body,&#xD;
      uNumber: ri!uNumber&#xD;
    ),&#xD;
    "ERROR"&#xD;
  )&#xD;
)</definition>
        <namedTypedValue>
            <name>uNumber</name>
            <type>
                <name>string</name>
                <namespace>http://www.w3.org/2001/XMLSchema</namespace>
            </type>
            <value/>
        </namedTypedValue>
        <namedTypedValue>
            <name>pagingInfo</name>
            <type>
                <name>PagingInfo</name>
                <namespace>http://www.appian.com/ae/types/2009</namespace>
            </type>
        </namedTypedValue>
        <preferredEditor>legacy</preferredEditor>
        <offlineEnabled>false</offlineEnabled>
    </rule>
    <roleMap public="true">
        <role inherit="true" allowForAll="false" name="readers">
            <users/>
            <groups/>
        </role>
        <role inherit="true" allowForAll="false" name="authors">
            <users/>
            <groups/>
        </role>
        <role inherit="true" allowForAll="false" name="administrators">
            <users/>
            <groups/>
        </role>
        <role inherit="false" allowForAll="false" name="denyReaders">
            <users/>
            <groups/>
        </role>
        <role inherit="false" allowForAll="false" name="denyAuthors">
            <users/>
            <groups/>
        </role>
        <role inherit="false" allowForAll="false" name="denyAdministrators">
            <users/>
            <groups/>
        </role>
    </roleMap>
</contentHaul>
