<?xml version="1.0" encoding="UTF-8" standalone="yes"?>
<contentHaul xmlns:a="http://www.appian.com/ae/types/2009">
    <rule>
        <name>UAP_formatTermForFilter</name>
        <uuid>_a-0000def2-cb5b-8000-9ba2-011c48011c48_238318</uuid>
        <description>Formats the term to match the format coming over from Banner</description>
        <parentUuid>_a-0000deb5-0bcc-8000-9ba2-011c48011c48_218267</parentUuid>
        <visibility>
            <advertise>false</advertise>
            <hierarchy>true</hierarchy>
            <indexable>true</indexable>
            <quota>false</quota>
            <searchable>true</searchable>
            <system>false</system>
            <unlogged>false</unlogged>
        </visibility>
        <definition>with
(
  local!splitInputTerm:
  split(ri!inputTerm, " "),
  
  local!month: index(local!splitInputTerm, 1, null),
  
  local!year: index(local!splitInputTerm, 2, null),
  
  if
  (
    #"_a-0000d62a-67b3-8000-da6f-010000010000_950"(ri!inputTerm),
    null,
    local!year
    &amp;
    /*month code*/
    if
    (
      local!month = #"_a-0000def2-cb5b-8000-9ba2-011c48011c48_238321",
      "01",
      if
      (
        local!month = #"_a-0000def2-cb5b-8000-9ba2-011c48011c48_238322",
        "05",
        "08"
      )
    )
  )
)</definition>
        <namedTypedValue>
            <name>inputTerm</name>
            <type>
                <name>string</name>
                <namespace>http://www.w3.org/2001/XMLSchema</namespace>
            </type>
            <value/>
        </namedTypedValue>
        <preferredEditor>legacy</preferredEditor>
        <offlineEnabled>false</offlineEnabled>
    </rule>
    <roleMap public="true">
        <role inherit="true" allowForAll="false" name="readers">
            <users/>
            <groups/>
        </role>
        <role inherit="true" allowForAll="false" name="authors">
            <users/>
            <groups/>
        </role>
        <role inherit="true" allowForAll="false" name="administrators">
            <users/>
            <groups/>
        </role>
        <role inherit="false" allowForAll="false" name="denyReaders">
            <users/>
            <groups/>
        </role>
        <role inherit="false" allowForAll="false" name="denyAuthors">
            <users/>
            <groups/>
        </role>
        <role inherit="false" allowForAll="false" name="denyAdministrators">
            <users/>
            <groups/>
        </role>
    </roleMap>
</contentHaul>
