<?xml version="1.0" encoding="UTF-8" standalone="yes"?>
<contentHaul xmlns:a="http://www.appian.com/ae/types/2009">
    <rule>
        <name>UAP_c_applicationMilestone</name>
        <uuid>_a-0000decc-9caf-8000-9ba2-011c48011c48_227253</uuid>
        <description>The milestone field for a Graduate Application</description>
        <parentUuid>_a-0000deb5-0bcc-8000-9ba2-011c48011c48_218268</parentUuid>
        <visibility>
            <advertise>false</advertise>
            <hierarchy>true</hierarchy>
            <indexable>true</indexable>
            <quota>false</quota>
            <searchable>true</searchable>
            <system>false</system>
            <unlogged>false</unlogged>
        </visibility>
        <definition>load(
  /*Milestone*/
  local!mileStoneList: #"_a-0000deb5-0bcc-8000-9ba2-011c48011c48_219282"(
    referenceList: ri!referenceList,
    refType: #"_a-0000dec3-7017-8000-9ba2-011c48011c48_224280"
  ),
  /*Application Status*/
  local!statusList: #"_a-0000deb5-0bcc-8000-9ba2-011c48011c48_219282"(
    referenceList: ri!referenceList,
    refType: #"_a-0000decc-9caf-8000-9ba2-011c48011c48_225896"
  ),
  #"SYSTEM_SYSRULES_milestoneField"(
    steps: {
      index(
        index(
          local!mileStoneList,
          1,
          null
        ),
        "displayValue",
        null
      ) &amp; if(
        #"_a-0000d62a-67b3-8000-da6f-010000010000_950"(
          ri!graduateApplication.appSubmittedOn
        ),
        null,
        char(
          10
        ) &amp; todate(
          ri!graduateApplication.appSubmittedOn
        )
      ),
      index(
        index(
          local!mileStoneList,
          2,
          null
        ),
        "displayValue",
        null
      )
      &amp;
      if
      (
        #"_a-0000d62a-67b3-8000-da6f-010000010000_950"(ri!graduateApplication.isRgOn),
        null,
        char(10)&amp;todate(ri!graduateApplication.isRgOn)
      ),
      index(
        index(
          local!mileStoneList,
          3,
          null
        ),
        "displayValue",
        null
      ) &amp; if(
        #"_a-0000d62a-67b3-8000-da6f-010000010000_950"(
          ri!gradAppDetail.deptRecommendationOn
        ),
        null,
        char(
          10
        ) &amp; todate(
          ri!gradAppDetail.deptRecommendationOn
        )
      ),
      index(
        index(
          local!mileStoneList,
          4,
          null
        ),
        "displayValue",
        null
      ) &amp; if(
        #"_a-0000d62a-67b3-8000-da6f-010000010000_950"(
          ri!gradAppDetail.finalDecisionOn
        ),
        null,
        char(
          10
        ) &amp; todate(
          ri!gradAppDetail.finalDecisionOn
        )
      ),
      index(
        index(
          local!mileStoneList,
          5,
          null
        ),
        "displayValue",
        null
      )
    },
    active: if(
      contains(
        {
          #"_a-0000decc-9caf-8000-9ba2-011c48011c48_225882",
          #"_a-0000decc-9caf-8000-9ba2-011c48011c48_225883",
          #"_a-0000decc-9caf-8000-9ba2-011c48011c48_225886"
        },
        ri!status.refId
      ),
      wherecontains(
        ri!status.refId,
        {
          #"_a-0000decc-9caf-8000-9ba2-011c48011c48_225882",
          #"_a-0000decc-9caf-8000-9ba2-011c48011c48_225883",
          #"_a-0000decc-9caf-8000-9ba2-011c48011c48_225886"
        }
      )/*Add one because there's no "Submitted" status*/
      + 1,
      5
    )
  )
)</definition>
        <namedTypedValue>
            <name>graduateApplication</name>
            <type>
                <name>UAP_v_graduateApplication</name>
                <namespace>urn:com:appian:types:UAP</namespace>
            </type>
        </namedTypedValue>
        <namedTypedValue>
            <name>referenceList</name>
            <type>
                <name>UAP_reference?list</name>
                <namespace>urn:com:appian:types:UAP</namespace>
            </type>
        </namedTypedValue>
        <namedTypedValue>
            <name>status</name>
            <type>
                <name>UAP_reference</name>
                <namespace>urn:com:appian:types:UAP</namespace>
            </type>
        </namedTypedValue>
        <namedTypedValue>
            <name>gradAppDetail</name>
            <type>
                <name>UAP_gradAppDetail</name>
                <namespace>urn:com:appian:types:UAP</namespace>
            </type>
        </namedTypedValue>
        <metadataExpr></metadataExpr>
        <preferredEditor>interface</preferredEditor>
        <offlineEnabled>false</offlineEnabled>
    </rule>
    <roleMap public="true">
        <role inherit="true" allowForAll="false" name="readers">
            <users/>
            <groups/>
        </role>
        <role inherit="true" allowForAll="false" name="authors">
            <users/>
            <groups/>
        </role>
        <role inherit="true" allowForAll="false" name="administrators">
            <users/>
            <groups/>
        </role>
        <role inherit="false" allowForAll="false" name="denyReaders">
            <users/>
            <groups/>
        </role>
        <role inherit="false" allowForAll="false" name="denyAuthors">
            <users/>
            <groups/>
        </role>
        <role inherit="false" allowForAll="false" name="denyAdministrators">
            <users/>
            <groups/>
        </role>
    </roleMap>
    <typedValue>
        <type>
            <name>RuleTestConfig?list</name>
            <namespace>http://www.appian.com/ae/types/2009</namespace>
        </type>
        <value>
            <el>
                <a:name/>
                <a:ruleInputTestConfigs>
                    <a:value xmlns:xsi="http://www.w3.org/2001/XMLSchema-instance" xsi:type="a:Expression">'type!{urn:com:appian:types:UAP}UAP_v_graduateApplication'(appSubmittedOn:fn!datetime(2017, 5, 30, 7, 0, 0, 0))</a:value>
                    <a:nameRef>graduateApplication</a:nameRef>
                    <a:id/>
                </a:ruleInputTestConfigs>
                <a:ruleInputTestConfigs>
                    <a:value xmlns:xsi="http://www.w3.org/2001/XMLSchema-instance" xsi:type="a:Expression">#"_a-0000deb5-0bcc-8000-9ba2-011c48011c48_219272"&#xD;
  (&#xD;
    refType: {#"_a-0000dec3-7017-8000-9ba2-011c48011c48_224280", #"_a-0000decc-9caf-8000-9ba2-011c48011c48_225896"},&#xD;
    returnAll: true,&#xD;
    returnCdt: true,&#xD;
    pagingInfo: &#xD;
    #"SYSTEM_SYSRULES_pagingInfo"&#xD;
    (&#xD;
      startIndex: 1,&#xD;
      batchSize: -1,&#xD;
      sort:&#xD;
      #"SYSTEM_SYSRULES_sortInfo"&#xD;
      (&#xD;
        field: "displayOrder",&#xD;
        ascending:true&#xD;
      )&#xD;
    )&#xD;
  )</a:value>
                    <a:nameRef>referenceList</a:nameRef>
                    <a:id/>
                </a:ruleInputTestConfigs>
                <a:ruleInputTestConfigs>
                    <a:value xmlns:n1="urn:com:appian:types:UAP" xmlns:xsi="http://www.w3.org/2001/XMLSchema-instance" xsi:nil="true" xsi:type="n1:UAP_reference"/>
                    <a:nameRef>status</a:nameRef>
                    <a:id/>
                </a:ruleInputTestConfigs>
                <a:ruleInputTestConfigs>
                    <a:value xmlns:n1="urn:com:appian:types:UAP" xmlns:xsi="http://www.w3.org/2001/XMLSchema-instance" xsi:nil="true" xsi:type="n1:UAP_gradAppDetail"/>
                    <a:nameRef>gradAppDetail</a:nameRef>
                    <a:id/>
                </a:ruleInputTestConfigs>
                <a:assertions xmlns:xsi="http://www.w3.org/2001/XMLSchema-instance" xsi:nil="true"/>
            </el>
        </value>
    </typedValue>
</contentHaul>
