<?xml version="1.0" encoding="UTF-8" standalone="yes"?>
<contentHaul xmlns:a="http://www.appian.com/ae/types/2009">
    <rule>
        <name>UAP_s_directorDashboard</name>
        <uuid>_a-0000def2-cb5b-8000-9ba2-011c48011c48_237311</uuid>
        <description>Director record dashboard </description>
        <parentUuid>_a-0000deb5-0bcc-8000-9ba2-011c48011c48_218266</parentUuid>
        <visibility>
            <advertise>false</advertise>
            <hierarchy>true</hierarchy>
            <indexable>true</indexable>
            <quota>false</quota>
            <searchable>true</searchable>
            <system>false</system>
            <unlogged>false</unlogged>
        </visibility>
        <definition>load(
  local!loggedInUser: loggedInUser(),
  local!uNumberFilter,
  local!gpaFilter,
  local!decisionFilter,
  local!statusFilter: #"_a-0000dee0-8e2c-8000-9ba2-011c48011c48_232559",
  local!applicantFilter,
  local!gpaFilterDropdown,
  local!decisionFilterDropdown,
  local!applicantFilterDropdown,
  local!auditHistoryList,
  local!gradAppDetailList,
  local!termFilter: remove(
    #"_a-0000dee0-8e2c-8000-9ba2-011c48011c48_232086"(),
    {
      2,
      3,
      4,
      5,
      6,
      7
    }),
  local!termFilterDropdown: remove(
    #"_a-0000dee0-8e2c-8000-9ba2-011c48011c48_232086"(),
    {
      2,
      3,
      4,
      5,
      6,
      7
    }
  ),
  local!termList: #"_a-0000dee0-8e2c-8000-9ba2-011c48011c48_232086"(),
  local!referenceList: #"_a-0000deb5-0bcc-8000-9ba2-011c48011c48_219272"(
    refType: {
      #"_a-0000decc-9caf-8000-9ba2-011c48011c48_226563",
      #"_a-0000decc-9caf-8000-9ba2-011c48011c48_225896",
      #"_a-0000decc-9caf-8000-9ba2-011c48011c48_225283",
      #"_a-0000dee0-8e2c-8000-9ba2-011c48011c48_232668"
    },
    returnAll: true,
    returnCdt: true,
    pagingInfo: #"SYSTEM_SYSRULES_pagingInfo"(
      startIndex: 1,
      batchSize: - 1,
      sort: #"SYSTEM_SYSRULES_sortInfo"(
        field: "displayOrder",
        ascending: true
      )
    )
  ),
  local!statusFilterDropdown: #"_a-0000dee0-8e2c-8000-9ba2-011c48011c48_232559",
  local!applicationStatusList: #"_a-0000deb5-0bcc-8000-9ba2-011c48011c48_219282"(
    referenceList: local!referenceList,
    refType: #"_a-0000decc-9caf-8000-9ba2-011c48011c48_225896"
  ),
  local!reviewStatusList: #"_a-0000deb5-0bcc-8000-9ba2-011c48011c48_219282"(
    referenceList: local!referenceList,
    refType: #"_a-0000dee0-8e2c-8000-9ba2-011c48011c48_232668"
  ),
  local!deptRecList: #"_a-0000deb5-0bcc-8000-9ba2-011c48011c48_219282"(
    referenceList: local!referenceList,
    refType: #"_a-0000decc-9caf-8000-9ba2-011c48011c48_225283"
  ),
  
  local!gridSelection: #"SYSTEM_SYSRULES_gridSelection"(
    #"SYSTEM_SYSRULES_pagingInfo"(
      startIndex: 1,
      batchSize: 10,
      sort: #"SYSTEM_SYSRULES_sortInfo"(
        field: "appSubmittedOn",
        ascending: true
      )
    )
  ),
  
  /*Get the level3 values for which the user is a director*/
  local!directorLevelThreeList: #"_a-0000deb5-0bcc-8000-9ba2-011c48011c48_218352"(
    returnCdt: true,
    director: local!loggedInUser
  ),
  
  /*Find the user's designee roles*/
  local!designeeList:
  #"_a-0000decc-9caf-8000-9ba2-011c48011c48_226178"
  (
    returnCdt: true,
    uNumber: local!loggedInUser
  ),
  
  /*Use UAP_v_programDegree to link designee.levelOneId to levelThreeId*/
  local!designeeProgramDegreeList:
  if
  (
    #"_a-0000d62a-67b3-8000-da6f-010000010000_951"(local!designeeList),
    {},
    #"_a-0000deb5-0bcc-8000-9ba2-011c48011c48_218623"
    (
      returnCdt: true,
      levelOneId: local!designeeList.levelOneId
    )
  ),
  
  /*If there are any program degrees, pull out the level3 ids*/
  local!designeeLevelThreeList:
  if
  (
    #"_a-0000d62a-67b3-8000-da6f-010000010000_951"(local!designeeProgramDegreeList),
    cast
    (
      typeof('type!{urn:com:appian:types:UAP}UAP_level3'()),
      {}
    ),
    #"_a-0000deb5-0bcc-8000-9ba2-011c48011c48_218352"(
      returnCdt: true,
      levelThreeIdList: local!designeeProgramDegreeList.levelThreeId
    )
  ),
  
  /*Combine the director level3 values with the designee level3 values*/
  local!levelThreeList: 
  union
  (
    local!directorLevelThreeList,
    local!designeeLevelThreeList
  ),
  
  /*Use the level3 ids to find the applications to display*/
  local!datasubset: #"_a-0000decc-9caf-8000-9ba2-011c48011c48_225732"(
    term: local!termFilterDropDown,
    levelThreeId: local!levelThreeList.id,
    applicationStatus: local!statusFilterDropdown,
    pagingInfo: local!gridSelection.pagingInfo
  ),
 {
      #"_a-0000decc-9caf-8000-9ba2-011c48011c48_225393"(
        gpaFilter: local!gpaFilter,
        gpaFilterDropdown: local!gpaFilterDropdown,
        decisionFilter: local!decisionFilter,
        decisionFilterDropdown: local!decisionFilterDropdown,
        reviewStatusList: local!reviewStatusList,
        applicationStatusList: local!applicationStatusList,
        applicantFilter: local!applicantFilter,
        applicantFilterDropdown: local!applicantFilterDropdown,
        statusFilter: local!statusFilter,
        statusFilterDropdown: local!statusFilterDropdown,
        dataSubset: local!datasubset,
        gridSelection: local!gridSelection,
        termFilter: local!termFilter,
        termFilterDropdown: local!termFilterDropdown,
        termList: local!termList,
        directorFilter: local!levelThreeList.id,
        uNumberFilter: local!uNumberFilter
      ),
      #"SYSTEM_SYSRULES_textField"(
        label: "",
        /*value: local!gridSelection.selected,*/
        readOnly: true
      ),
      if
      (
        isusermemberofgroup(
          local!loggedInUser,
          #"_a-0000deb5-0bcc-8000-9ba2-011c48011c48_219197"
        ),
        
        /*If user is a program director, let them waitlist*/
        #"SYSTEM_SYSRULES_ButtonLayout"(
          secondaryButtons: {
            /*waitlist button*/
            #"SYSTEM_SYSRULES_ButtonWidgetSubmit"(
              label: #"_a-0000decc-9caf-8000-9ba2-011c48011c48_227400",
              style: "NORMAL",
              disabled: 
              or
              (
                #"448544b9-e5cd-4a23-8ee4-366ccfeda122"(
                  view: local!dataSubset.data,
                  identifiers: local!gridSelection.selected
                ),
                #"_a-0000defe-bf54-8000-9ba2-011c48011c48_242345"(
                  directorDashList: local!datasubset.data, 
                  identifiers: local!gridSelection.selected,
                  directorLevelThreeList: local!directorLevelThreeList
                )
              ),
              
              confirmMessage: "Are you sure you want to waitlist these students?",
              saveInto: {
                a!save(
                  local!auditHistoryList,
                  #"_a-0000decc-9caf-8000-9ba2-011c48011c48_225899"(
                    applicationIdList: local!gridSelection.selected,
                    decision: #"_a-0000decc-9caf-8000-9ba2-011c48011c48_227400"
                  )
                ),
                a!save(
                  local!gradAppDetailList,
                  #"_a-0000decc-9caf-8000-9ba2-011c48011c48_226760"(
                    applicationIdList: local!gridSelection.selected,
                    deptRecRefList: local!deptRecList,
                    decision: #"_a-0000decc-9caf-8000-9ba2-011c48011c48_227400",
                    isDirector: true
                  )
                ),
                #"SYSTEM_SYSRULES_writeToMultipleDataStoreEntities"(
                  valuesToStore: {
                    #"SYSTEM_SYSRULES_entityData"(
                      entity: #"_a-0000deb5-0bcc-8000-9ba2-011c48011c48_218646",
                      data: local!auditHistoryList
                    ),
                    #"SYSTEM_SYSRULES_entityData"(
                      entity: #"_a-0000dec3-7017-8000-9ba2-011c48011c48_223658",
                      data: local!gradAppDetailList
                    )
                  }
                ),
                a!save(
                  local!datasubset,
                  #"_a-0000decc-9caf-8000-9ba2-011c48011c48_225732"(
                    pagingInfo: local!gridSelection.pagingInfo,
                    name: local!applicantFilter,
                    gpa: local!gpaFilter,
                    deptDecision: local!decisionFilter,
                    applicationStatus: local!statusFilter,
                    levelThreeId: local!levelThreeList.id,
                    term: local!termFilter
                  )
                ),
                a!save(
                  local!gridSelection.selected,
                  null
                )
              }
            )

            /*deny button*/
            /*a!buttonWidgetSubmit(*/
            /*  label: cons!UAP_BTN_DENY,*/
            /*  style: "NORMAL",*/
            /*  disabled: rule!UAP_directorDashboadButtonValidation(*/
            /*    view: local!dataSubset.data,*/
            /*    identifiers: local!gridSelection.selected*/
            /*  ),*/
            /*  confirmMessage: "Are you sure you want to deny these students?",*/
            /*  saveInto: {*/
            /*    a!save(*/
            /*      local!auditHistoryList,*/
            /*      rule!UAP_constructAuditHistoriesForDashboard(*/
            /*        applicationIdList: local!gridSelection.selected,*/
            /*        decision: cons!UAP_BTN_DENY*/
            /*      )*/
            /*    ),*/
            /*    a!save(*/
            /*      local!gradAppDetailList,*/
            /*      rule!UAP_constructGradAppDetailList(*/
            /*        applicationIdList: local!gridSelection.selected,*/
            /*        deptRecRefList: local!deptRecList,*/
            /*        decision: cons!UAP_BTN_DENY,*/
            /*        isDirector: true*/
            /*      )*/
            /*    ),*/
            /*    a!writeToMultipleDataStoreEntities(*/
            /*      valuesToStore: {*/
            /*        a!entityData(*/
            /*          entity: cons!UAP_DS_AUDIT_HISTORY,*/
            /*          data: local!auditHistoryList*/
            /*        ),*/
            /*        a!entityData(*/
            /*          entity: cons!UAP_DS_GRAD_APP_DETAIL,*/
            /*          data: local!gradAppDetailList*/
            /*        )*/
            /*      }*/
            /*    ),*/
            /*    a!save(*/
            /*      local!datasubset,*/
            /*      rule!UAP_v_getDirectorDashApplication(*/
            /*        returnAll: true,*/
            /*        pagingInfo: local!gridSelection.pagingInfo,*/
            /*        applicationId: local!applicantFilter,*/
            /*        gpa: local!gpaFilter,*/
            /*        deptDecision: local!decisionFilter,*/
            /*        applicationStatus: local!statusFilter,*/
            /*        levelThreeId: local!levelThreeList.id,*/
            /*         term: local!termFilter*/
            /*      )*/
            /*    ),*/
            /*    a!save(*/
            /*      local!gridSelection.selected,*/
            /*      null*/
            /*    )*/
            /*  }*/
            /*),*/
            /*admit button*/
            /*a!buttonWidgetSubmit(*/
            /*  label: cons!UAP_BTN_ADMIT,*/
            /*  disabled: rule!UAP_directorDashboadButtonValidation(*/
            /*    view: local!dataSubset.data,*/
            /*    identifiers: local!gridSelection.selected,*/
            /*    isAdmit: true*/
            /*  ),*/
            /*  confirmMessage: "Are you sure you want to recommend these students for admission?",*/
            /*  saveInto: {*/
            /*    a!save(*/
            /*      local!auditHistoryList,*/
            /*      rule!UAP_constructAuditHistoriesForDashboard(*/
            /*        applicationIdList: local!gridSelection.selected,*/
            /*        decision: cons!UAP_BTN_ADMIT*/
            /*      )*/
            /*    ),*/
            /*    a!save(*/
            /*      local!gradAppDetailList,*/
            /*      rule!UAP_constructGradAppDetailList(*/
            /*        applicationIdList: local!gridSelection.selected,*/
            /*        deptRecRefList: local!deptRecList,*/
            /*        decision: cons!UAP_BTN_ADMIT,*/
            /*        isDirector: true*/
            /*      )*/
            /*    ),*/
            /*    a!writeToMultipleDataStoreEntities(*/
            /*      valuesToStore: {*/
            /*        a!entityData(*/
            /*          entity: cons!UAP_DS_AUDIT_HISTORY,*/
            /*          data: local!auditHistoryList*/
            /*        ),*/
            /*        a!entityData(*/
            /*          entity: cons!UAP_DS_GRAD_APP_DETAIL,*/
            /*          data: local!gradAppDetailList*/
            /*        )*/
            /*      }*/
            /*    ),*/
            /*    a!save(*/
            /*      local!datasubset,*/
            /*      rule!UAP_v_getDirectorDashApplication(*/
            /*        returnAll: true,*/
            /*        pagingInfo: local!gridSelection.pagingInfo,*/
            /*        applicationId: local!applicantFilter,*/
            /*        gpa: local!gpaFilter,*/
            /*        deptDecision: local!decisionFilter,*/
            /*        applicationStatus: local!statusFilter,*/
            /*        levelThreeId: local!levelThreeList.id,*/
            /*        term: local!termFilter*/
            /*      )*/
            /*    ),*/
            /*    a!save(*/
            /*      local!gridSelection.selected,*/
            /*      null*/
            /*    )*/
            /*  }*/
            /*)*/
          }
        ),
       {}
      ),
      #"SYSTEM_SYSRULES_richTextDisplayField"(
        labelPosition: "COLLAPSED",
        value: #"SYSTEM_SYSRULES_richTextItem"(
          text: "Please select a single or multiple applicants below and choose the corresponding recommendation above for that group",
          style: "EMPHASIS"
          
          )
      ),
      if(
        and(
          isusermemberofgroup(
            local!loggedInUser,
            #"_a-0000deb5-0bcc-8000-9ba2-011c48011c48_219197"
          ),
          not(
            #"_a-0000d62a-67b3-8000-da6f-010000010000_951"(
              local!gridSelection.selected
            )
          ),
          #"448544b9-e5cd-4a23-8ee4-366ccfeda122"(
            view: local!dataSubset.data,
            identifiers: local!gridSelection.selected
          )
        ),
        
        /*If the user is a director and has selected applications in the wrong status*/
        #"_a-0000deb5-0bcc-8000-9ba2-011c48011c48_218640"(
          "Selected applications must be in Director Review to be Waitlisted"
        ),
        {
          if
          (
            and
            (
              isusermemberofgroup(
                local!loggedInUser,
                #"_a-0000deb5-0bcc-8000-9ba2-011c48011c48_219197"
              ),
              not(#"_a-0000d62a-67b3-8000-da6f-010000010000_951"(local!gridSelection.selected)),
              #"_a-0000defe-bf54-8000-9ba2-011c48011c48_242345"(
                directorDashList: local!datasubset.data, 
                identifiers: local!gridSelection.selected,
                directorLevelThreeList: local!directorLevelThreeList
              )
            ),
            
            /*If the user is a director and has selected programs they don't direct*/
            #"_a-0000deb5-0bcc-8000-9ba2-011c48011c48_218640"(
              "You can only waitlist applications for which you are a Director"
            ),
            {}
          )
        }
      ),
      #"_a-0000decc-9caf-8000-9ba2-011c48011c48_225394"(
        datasubset: local!dataSubset,
        gridSelection: local!gridSelection,
        gpaFilter: local!gpaFilter,
        decisionFilter: local!decisionFilter,
        levelThreeList: local!levelThreeList,
        applicantFilter: local!applicantFilter,
        statusFilter: local!statusFilter,
        termFilter: local!termFilter,
        uNumberFilter: local!uNumberFilter
      )
    }
  
)</definition>
        <metadataExpr></metadataExpr>
        <preferredEditor>interface</preferredEditor>
        <offlineEnabled>false</offlineEnabled>
    </rule>
    <roleMap public="true">
        <role inherit="true" allowForAll="false" name="readers">
            <users/>
            <groups/>
        </role>
        <role inherit="true" allowForAll="false" name="authors">
            <users/>
            <groups/>
        </role>
        <role inherit="true" allowForAll="false" name="administrators">
            <users>
                <userUuid>U38263239</userUuid>
            </users>
            <groups/>
        </role>
        <role inherit="false" allowForAll="false" name="denyReaders">
            <users/>
            <groups/>
        </role>
        <role inherit="false" allowForAll="false" name="denyAuthors">
            <users/>
            <groups/>
        </role>
        <role inherit="false" allowForAll="false" name="denyAdministrators">
            <users/>
            <groups/>
        </role>
    </roleMap>
</contentHaul>
