<?xml version="1.0" encoding="UTF-8" standalone="yes"?>
<contentHaul xmlns:a="http://www.appian.com/ae/types/2009">
    <rule>
        <name>UAP_s_milestoneData</name>
        <uuid>_a-0000def2-cb5b-8000-9ba2-011c48011c48_237615</uuid>
        <description>Section to display information about the duration of time that applications spend at the different intervals</description>
        <parentUuid>_a-0000deb5-0bcc-8000-9ba2-011c48011c48_218266</parentUuid>
        <visibility>
            <advertise>false</advertise>
            <hierarchy>true</hierarchy>
            <indexable>true</indexable>
            <quota>false</quota>
            <searchable>true</searchable>
            <system>false</system>
            <unlogged>false</unlogged>
        </visibility>
        <definition>= load(
  local!termFilter: #"_a-0000def2-cb5b-8000-9ba2-011c48011c48_238367"(
    #"_a-0000def2-cb5b-8000-9ba2-011c48011c48_238956"()
  ),
  local!termFilterDisplay: local!termFilter,
  local!collegeFilter,
  local!majorFilter,
  local!concentrationFilter,
  local!degreeFilter,
  local!termList: #"_a-0000def2-cb5b-8000-9ba2-011c48011c48_238550"(),
  local!degreeList: #"_a-0000deb5-0bcc-8000-9ba2-011c48011c48_218352"(
    returnCdt: true,
    returnAll: true,
    pagingInfo: #"SYSTEM_SYSRULES_pagingInfo"(
      startIndex: 1,
      batchSize: 2000,
      sort: #"SYSTEM_SYSRULES_sortInfo"(
        field: "typeName",
        ascending: true
      )
    )
  ),
  local!collegeList: #"_a-0000deb5-0bcc-8000-9ba2-011c48011c48_218345"(
    returnCDT: true,
    returnAll: true,
    pagingInfo: #"SYSTEM_SYSRULES_pagingInfo"(
      1,
      100
    )
  ),
  local!majorList: #"_a-0000deb5-0bcc-8000-9ba2-011c48011c48_218348"(
    returnCDT: true,
    returnAll: true,
    pagingInfo: #"SYSTEM_SYSRULES_pagingInfo"(
      startIndex: 1,
      batchSize: 1000,
      sort: #"SYSTEM_SYSRULES_sortInfo"(
        field: "name",
        ascending: true
      )
    )
  ),
  local!majorListName: apply(
    concat(
      _,
      "-",
      _
    ),
    merge(
      local!majorList.name,
      local!majorList.code
    )
  ),
  local!concentration: todatasubset(
    arrayToPage: local!majorList,
    pagingConfiguration: #"SYSTEM_SYSRULES_pagingInfo"(
      startIndex: 1,
      batchSize: - 1,
      sort: #"SYSTEM_SYSRULES_sortInfo"(
        field: "concentration",
        ascending: true
      )
    )
  ).data,
  local!concentrationListName: apply(
    concat(
      _,
      "-",
      _
    ),
    merge(
      reject(
        fn!isnull,
        local!concentration.concentration
      ),
      reject(
        fn!isnull,
        local!concentration.concentrationCode
      )
    )
  ),
  local!pagingInfo: #"SYSTEM_SYSRULES_pagingInfo"(
    startIndex: 1,
    batchSize: 10,
    sort: #"SYSTEM_SYSRULES_sortInfo"(
      field: "term",
      ascending: true
    )
  ),
  local!datasubset: #"_a-0000def2-cb5b-8000-9ba2-011c48011c48_238358"(
    pagingInfo: local!pagingInfo,
    term: local!termFilter
  ),
  {
    #"SYSTEM_SYSRULES_sectionLayout"(
      /*label: "Filters",*/
      firstColumnContents: {
        #"SYSTEM_SYSRULES_dropdownField"(
          label: "Term",
          labelPosition: "ADJACENT",
          placeholderLabel: #"_a-0000deb5-0bcc-8000-9ba2-011c48011c48_219354",
          choiceLabels: local!termList,
          choiceValues: local!termList,
          value: local!termFilterDisplay,
          saveInto: local!termFilterDisplay
        ),
        #"SYSTEM_SYSRULES_dropdownField"(
          label: "College",
          labelPosition: "ADJACENT",
          placeholderLabel: #"_a-0000deb5-0bcc-8000-9ba2-011c48011c48_219354",
          choiceLabels: local!collegeList.displayName,
          choiceValues: local!collegeList.name,
          value: local!collegeFilter,
          saveInto: local!collegeFilter
        ),
        #"SYSTEM_SYSRULES_dropdownField"(
          label: "Major",
          labelPosition: "ADJACENT",
          placeholderLabel: #"_a-0000deb5-0bcc-8000-9ba2-011c48011c48_219354",
          choiceLabels: union(
            local!majorListName,
            local!majorListName
          ),
          choiceValues: union(
            local!majorList.code,
            local!majorList.code
          ),
          value: local!majorFilter,
          saveInto: local!majorFilter
        )
      },
      secondColumnContents: {
        #"SYSTEM_SYSRULES_dropdownField"(
          label: "Concentration",
          labelPosition: "ADJACENT",
          placeholderLabel: #"_a-0000deb5-0bcc-8000-9ba2-011c48011c48_219354",
          choiceLabels: union(
            reject(
              fn!isnull,
              local!concentrationListName
            ),
            reject(
              fn!isnull,
              local!concentrationListName
            )
          ),
          choiceValues: union(
            reject(
              fn!isnull,
              local!concentration.concentrationCode
            ),
            reject(
              fn!isnull,
              local!concentration.concentrationCode
            )
          ),
          value: local!concentrationFilter,
          saveInto: local!concentrationFilter
        ),
        #"SYSTEM_SYSRULES_dropdownField"(
          label: "Degree",
          labelPosition: "ADJACENT",
          placeholderLabel: #"_a-0000deb5-0bcc-8000-9ba2-011c48011c48_219354",
          choiceLabels: union(
            local!degreeList.typeName,
            local!degreeList.typeName
          ),
          choiceValues: union(
            local!degreeList.type,
            local!degreeList.type
          ),
          value: local!degreeFilter,
          saveInto: local!degreeFilter
        ),
        #"SYSTEM_SYSRULES_textField"(
          readOnly: true
        ),
        #"SYSTEM_SYSRULES_richTextDisplayField"(
          labelPosition: "COLLAPSED",
          align: "RIGHT",
          value: {
            #"SYSTEM_SYSRULES_richTextItem"(
              text: "Show Past Six Terms",
              style: "UNDERLINE",
              link: #"SYSTEM_SYSRULES_dynamicLink"(
                saveInto: {
                  a!save(
                    local!collegeFilter,
                    null
                  ),
                  a!save(
                    local!majorFilter,
                    null
                  ),
                  a!save(
                    local!concentrationFilter,
                    null
                  ),
                  a!save(
                    local!degreeFilter,
                    null
                  ),
                  a!save(
                    local!termFilter,
                    null
                  ),
                  a!save(
                    local!termFilterDisplay,
                    null
                  ),
                  a!save(
                    local!datasubset,
                    #"_a-0000def2-cb5b-8000-9ba2-011c48011c48_238358"(
                      returnAll: true,
                      term: local!termFilter,
                      college: local!collegeFilter,
                      majorCode: local!majorFilter,
                      concentrationCode: local!concentrationFilter,
                      degree: local!degreeFilter,
                      pagingInfo: local!pagingInfo
                    )
                  )
                }
              )
            ),
            #"SYSTEM_SYSRULES_richTextItem"(
              text: "   "
            ),
            #"SYSTEM_SYSRULES_richTextItem"(
              text: "Apply Filters",
              style: "UNDERLINE",
              link: #"SYSTEM_SYSRULES_dynamicLink"(
                saveInto: {
                  a!save(
                    local!pagingInfo.startIndex,
                    1
                  ),
                  a!save(
                    local!termFilter,
                    local!termFilterDisplay
                  ),
                  a!save(
                    local!datasubset,
                    #"_a-0000def2-cb5b-8000-9ba2-011c48011c48_238358"(
                      term: local!termFilter,
                      college: local!collegeFilter,
                      majorCode: local!majorFilter,
                      concentrationCode: local!concentrationFilter,
                      degree: local!degreeFilter,
                      pagingInfo: local!pagingInfo
                    )
                  )
                }
              )
            )
          }
        )
      }
    ),
    /*a!textField(*/
    /*  value: local!concentrationFilter,*/
    /*  readOnly: true*/
    /*),*/
    #"SYSTEM_SYSRULES_columnChartField"(
      label: " ",
      instructions: "Select values from the filters above, then click on 'Apply Filters' to display the data.",
      categories: if(
        isnull(
          local!termFilter
        ),
        if(
          local!datasubset.totalCount = 0,
          null,
          apply(
            #"_a-0000def2-cb5b-8000-9ba2-011c48011c48_238367"(
              _
            ),
            local!datasubset.data.term
          )
        ),
        local!termFilter
      ),
      xAxisTitle: "Milestones",
      yAxisTitle: "Average Days Spent in Review",
      showDataLabels: true,
      series: {
        #"SYSTEM_SYSRULES_chartSeries"(
          label: "Initial Review",
          color: "GREEN",
          data: fixed(
            index(
              local!datasubset.data,
              "initialReviewDurationAverage",
              {}
            ),
            1
          )
        ),
        #"SYSTEM_SYSRULES_chartSeries"(
          label: "Director Review",
          color: "GOLD",
          data: fixed(
            index(
              local!datasubset.data,
              "directorReviewDurationAverage",
              {}
            ),
            1
          )
        ),
        #"SYSTEM_SYSRULES_chartSeries"(
          label: "Final Review",
          color: "ORANGE",
          data: fixed(
            index(
              local!datasubset.data,
              "finalReviewDurationAverage",
              {}
            ),
            1
          )
        ),
        #"SYSTEM_SYSRULES_chartSeries"(
          label: "Total",
          color: "PURPLE",
          data: fixed(
            index(
              local!datasubset.data,
              "totalDurationAverage",
              {}
            ),
            1
          )
        )
      }
    )
  }
)</definition>
        <metadataExpr></metadataExpr>
        <preferredEditor>interface</preferredEditor>
        <offlineEnabled>false</offlineEnabled>
    </rule>
    <roleMap public="true">
        <role inherit="true" allowForAll="false" name="readers">
            <users/>
            <groups/>
        </role>
        <role inherit="true" allowForAll="false" name="authors">
            <users/>
            <groups/>
        </role>
        <role inherit="true" allowForAll="false" name="administrators">
            <users/>
            <groups/>
        </role>
        <role inherit="false" allowForAll="false" name="denyReaders">
            <users/>
            <groups/>
        </role>
        <role inherit="false" allowForAll="false" name="denyAuthors">
            <users/>
            <groups/>
        </role>
        <role inherit="false" allowForAll="false" name="denyAdministrators">
            <users/>
            <groups/>
        </role>
    </roleMap>
</contentHaul>
