<?xml version="1.0" encoding="UTF-8" standalone="yes"?>
<contentHaul xmlns:a="http://www.appian.com/ae/types/2009">
    <rule>
        <name>UAP_s_editProgram</name>
        <uuid>_a-0000deb5-0bcc-8000-9ba2-011c48011c48_218990</uuid>
        <description>The "Edit Program" section of the Manage Program form</description>
        <parentUuid>_a-0000deb5-0bcc-8000-9ba2-011c48011c48_218266</parentUuid>
        <visibility>
            <advertise>false</advertise>
            <hierarchy>true</hierarchy>
            <indexable>true</indexable>
            <quota>false</quota>
            <searchable>true</searchable>
            <system>false</system>
            <unlogged>false</unlogged>
        </visibility>
        <definition>load(
  local!reviewersSaveValue,
  local!requirementsSaveValue,
  local!deletedReviewerUNum,
  local!deletedReviewerIndex,
  local!scoringTypeRefList: #"_a-0000deb5-0bcc-8000-9ba2-011c48011c48_219282"(
    referenceList: ri!referenceList,
    refType: #"_a-0000deb5-0bcc-8000-9ba2-011c48011c48_219280"
  ),
  with
  (
    local!programDegreeIndex: where(tointeger(ri!programDegreeDatasubset.data.levelThreeId) = ri!currentLevel3.id),
    #"SYSTEM_SYSRULES_sectionLayout"(
      firstColumnContents: {
        #"SYSTEM_SYSRULES_textField"(
          label: #"_a-0000deb5-0bcc-8000-9ba2-011c48011c48_218654",
          labelPosition: "ADJACENT",
          readOnly: true,
          value: 
          index
          (
            ri!programDegreeDatasubset.data.collegeName,
            local!programDegreeIndex,
            null
          )
        ),
        #"SYSTEM_SYSRULES_textField"(
          label: #"_a-0000deb5-0bcc-8000-9ba2-011c48011c48_218816",
          labelPosition: "ADJACENT",
          readOnly: true,
          value:
          index
          (
            ri!programDegreeDatasubset.data.name,
            local!programDegreeIndex,
            null
          )
        ),
        
        #"SYSTEM_SYSRULES_textField"(
          label: "Concentration",
          labelPosition: "ADJACENT",
          readOnly: true,
          value:
          if
          (
            #"_a-0000d62a-67b3-8000-da6f-010000010000_950"
            (
              index
              (
                ri!programDegreeDatasubset.data.concentrationName,
                local!programDegreeIndex,
                null
              )
            ),
            #"_a-0000dee0-8e2c-8000-9ba2-011c48011c48_232694",
            index
            (
              ri!programDegreeDatasubset.data.concentrationName,
              local!programDegreeIndex,
              null
            )
          )
        ),
        
        #"SYSTEM_SYSRULES_textField"(
          label: #"_a-0000deb5-0bcc-8000-9ba2-011c48011c48_218819",
          labelPosition: "ADJACENT",
          readOnly: true,
          value:
          index
          (
            ri!programDegreeDatasubset.data.degreeName,
            local!programDegreeIndex,
            null
          )
          
        ),
        #"SYSTEM_SYSRULES_integerField"(
          label: "Number of Seat(s)",
          labelPosition: "ADJACENT",
          required: true, 
          value: index(ri!currentLevel3,"numberOfPositions",0),
          saveInto: ri!currentLevel3.numberOfPositions
        ),
        /*Scoring Type*/
        #"SYSTEM_SYSRULES_dropdownField"(
          label: "Scoring Type",
          labelPosition: "ADJACENT",
          required: true,
          choiceLabels: local!scoringTypeRefList.displayValue,
          choiceValues: local!scoringTypeRefList.refId,
          placeholderLabel: #"_a-0000deb5-0bcc-8000-9ba2-011c48011c48_219354",
          value: index(
            index(
              ri!currentLevel3,
              "scoringType",
              null
            ),
            "refId",
            null
          ),
          saveInto: ri!currentLevel3.scoringType.refId
        ),
        if
        (
          ri!fromDirectorAction,
          {},
          /*The picker field for the New Director*/
          #"SYSTEM_SYSRULES_pickerFieldUsers"(
            label: "Director",
            required: true,
            requiredMessage: "Please select a new director to update program",
            labelPosition: "ADJACENT",
            maxSelections: 1,
            groupFilter: {
              #"_a-0000deb5-0bcc-8000-9ba2-011c48011c48_218824"
            },
            value: ri!newDirector,
            saveInto: ri!newDirector
          )
        ),
        /*The picker field for Faculty Reviewers*/
        #"SYSTEM_SYSRULES_pickerFieldUsers"(
          label: "Faculty Reviewers",
          maxSelections: #"_a-0000deb5-0bcc-8000-9ba2-011c48011c48_220061",
          required: true,
          requiredMessage: "Please select a Faculty Reviewer to update program",
          labelPosition: "ADJACENT",
          groupFilter: {
            #"_a-0000deb5-0bcc-8000-9ba2-011c48011c48_218824"
          },
          value: index(
            ri!reviewersToWrite,
            "name",
            {}
          ),
          saveInto: {
            local!reviewersSaveValue,
            if(
              #"_a-0000d62a-67b3-8000-da6f-010000010000_951"(
                local!reviewersSaveValue
              ),
              /*********No reviewers in save!value*********/
              {
                if(
                  not(
                    #"_a-0000d62a-67b3-8000-da6f-010000010000_951"(
                      ri!reviewersToWrite
                    )
                  ),
                  /*If reviewersToWrite isn't empty...*/
                  {
                    /*...append it to reviewerToDelete*/
                    a!save(
                      ri!reviewersToDelete,
                      append(
                        ri!reviewersToDelete,
                        ri!reviewersToWrite
                      )
                    ),
                    /*and clear out reviewersToWrite*/
                    a!save(
                      ri!reviewersToWrite,
                      {}
                    )
                  },
                  /*Do nothing if reviewers to write is already empty*/
                  {}
                )
              },
              /*****At least one reviewer in save!value****/
              {
                if(
                  #"_a-0000d62a-67b3-8000-da6f-010000010000_951"(
                    ri!reviewersToWrite
                  ),
                  /*If reviewersToWrite is empty and save!value isn't, append the new save!value*/
                  {
                    a!save(
                      ri!reviewersToWrite,
                      append(
                        ri!reviewersToWrite,
                        'type!{urn:com:appian:types:UAP}UAP_reviewer'(
                          levelThreeId: ri!selectedLevelThreeId,
                          name: tostring(
                            local!reviewersSaveValue[count(
                              local!reviewersSaveValue
                            )]
                          )
                        )
                      )
                    )
                  },
                  /*If reviewersToWrite isn't empty, compare it to save!value to figure out if a reviewer was added or deleted*/
                  {
                    if(
                      count(
                        ri!reviewersToWrite
                      ) &gt; count(
                        local!reviewersSaveValue
                      ),
                      /*If there are more reviewersToWrite than the save!value, it was a deletion*/
                      {
                        /*Find the uNumber of the user removed*/
                        a!save(
                          local!deletedReviewerUNum,
                          difference(
                            ri!reviewersToWrite.name,
                            apply(
                              fn!tostring,
                              local!reviewersSaveValue
                            )
                          )
                        ),
                        /*Find the index to remove by uNumber*/
                        a!save(
                          local!deletedReviewerIndex,
                          where(
                            ri!reviewersToWrite.name = local!deletedReviewerUNum
                          )
                        ),
                        /*Add the reviewer at that index to reviewersToDelete*/
                        a!save(
                          ri!reviewersToDelete,
                          append(
                            ri!reviewersToDelete,
                            index(
                              ri!reviewersToWrite,
                              local!deletedReviewerIndex,
                              null
                            )
                          )
                        ),
                        /*Remove the reviewer at that index from reviewersToWrite*/
                        a!save(
                          ri!reviewersToWrite,
                          remove(
                            ri!reviewersToWrite,
                            local!deletedReviewerIndex
                          )
                        )
                      },
                      /*If there are more save!values than reviewersToWrite, it was an addition*/
                      {
                        if(
                          /*If this reviewer is already in the list, don't add them a second time*/
                          contains(
                            ri!reviewersToWrite.name,
                            tostring(
                              local!reviewersSaveValue[count(
                                local!reviewersSaveValue
                              )]
                            )
                          ),
                          null,
                          a!save(
                            ri!reviewersToWrite,
                            append(
                              ri!reviewersToWrite,
                              'type!{urn:com:appian:types:UAP}UAP_reviewer'(
                                levelThreeId: ri!selectedLevelThreeId,
                                name: tostring(
                                  local!reviewersSaveValue[count(
                                    local!reviewersSaveValue
                                  )]
                                )
                              )
                            )
                          )
                        )
                      }
                    )
                  }
                )
              }
            )
          }
        )
      },
      secondColumnContents: {
        #"_a-0000dec3-7017-8000-9ba2-011c48011c48_223395"(
          requirementList: ri!requirementList,
          currentLevel3: ri!currentLevel3,
          requirementsSaveValue: local!requirementsSaveValue,
          referenceList: ri!referenceList
        )
      }
    )
  )
)</definition>
        <namedTypedValue>
            <name>programDegreeDatasubset</name>
            <type>
                <name>DataSubset</name>
                <namespace>http://www.appian.com/ae/types/2009</namespace>
            </type>
        </namedTypedValue>
        <namedTypedValue>
            <name>currentLevel3</name>
            <type>
                <name>UAP_level3</name>
                <namespace>urn:com:appian:types:UAP</namespace>
            </type>
        </namedTypedValue>
        <namedTypedValue>
            <name>levelOneDataSubset</name>
            <type>
                <name>DataSubset</name>
                <namespace>http://www.appian.com/ae/types/2009</namespace>
            </type>
        </namedTypedValue>
        <namedTypedValue>
            <name>newDirector</name>
            <type>
                <name>string</name>
                <namespace>http://www.w3.org/2001/XMLSchema</namespace>
            </type>
            <value/>
        </namedTypedValue>
        <namedTypedValue>
            <name>levelOneSelection</name>
            <type>
                <name>int</name>
                <namespace>http://www.w3.org/2001/XMLSchema</namespace>
            </type>
        </namedTypedValue>
        <namedTypedValue>
            <name>selectedLevelThreeId</name>
            <type>
                <name>int</name>
                <namespace>http://www.w3.org/2001/XMLSchema</namespace>
            </type>
        </namedTypedValue>
        <namedTypedValue>
            <name>reviewersToWrite</name>
            <type>
                <name>UAP_reviewer?list</name>
                <namespace>urn:com:appian:types:UAP</namespace>
            </type>
        </namedTypedValue>
        <namedTypedValue>
            <name>reviewersToDelete</name>
            <type>
                <name>UAP_reviewer?list</name>
                <namespace>urn:com:appian:types:UAP</namespace>
            </type>
        </namedTypedValue>
        <namedTypedValue>
            <name>referenceList</name>
            <type>
                <name>UAP_reference?list</name>
                <namespace>urn:com:appian:types:UAP</namespace>
            </type>
        </namedTypedValue>
        <namedTypedValue>
            <name>requirementList</name>
            <type>
                <name>Integer?list</name>
                <namespace>http://www.appian.com/ae/types/2009</namespace>
            </type>
        </namedTypedValue>
        <namedTypedValue>
            <name>fromDirectorAction</name>
            <type>
                <name>boolean</name>
                <namespace>http://www.w3.org/2001/XMLSchema</namespace>
            </type>
        </namedTypedValue>
        <metadataExpr></metadataExpr>
        <preferredEditor>interface</preferredEditor>
        <offlineEnabled>false</offlineEnabled>
    </rule>
    <roleMap public="true">
        <role inherit="true" allowForAll="false" name="readers">
            <users/>
            <groups/>
        </role>
        <role inherit="true" allowForAll="false" name="authors">
            <users/>
            <groups/>
        </role>
        <role inherit="true" allowForAll="false" name="administrators">
            <users/>
            <groups/>
        </role>
        <role inherit="false" allowForAll="false" name="denyReaders">
            <users/>
            <groups/>
        </role>
        <role inherit="false" allowForAll="false" name="denyAuthors">
            <users/>
            <groups/>
        </role>
        <role inherit="false" allowForAll="false" name="denyAdministrators">
            <users/>
            <groups/>
        </role>
    </roleMap>
    <typedValue>
        <type>
            <name>RuleTestConfig?list</name>
            <namespace>http://www.appian.com/ae/types/2009</namespace>
        </type>
        <value>
            <el>
                <a:name/>
                <a:ruleInputTestConfigs>
                    <a:value xmlns:xsi="http://www.w3.org/2001/XMLSchema-instance" xsi:type="a:Expression">#"_a-0000deb5-0bcc-8000-9ba2-011c48011c48_218623"&#xD;
    (&#xD;
      levelOneId: 2,&#xD;
      pagingInfo: #"SYSTEM_SYSRULES_pagingInfo"&#xD;
    (&#xD;
      startIndex:1,&#xD;
      batchSize: 5,&#xD;
      sort:&#xD;
      {&#xD;
        #"SYSTEM_SYSRULES_sortInfo"&#xD;
        (&#xD;
          field: "name",&#xD;
          ascending: true&#xD;
        ),&#xD;
        #"SYSTEM_SYSRULES_sortInfo"&#xD;
        (&#xD;
          field: "type",&#xD;
          ascending: true&#xD;
        )&#xD;
      }&#xD;
    )&#xD;
    )</a:value>
                    <a:nameRef>programDegreeDatasubset</a:nameRef>
                    <a:id/>
                </a:ruleInputTestConfigs>
                <a:ruleInputTestConfigs>
                    <a:value xmlns:xsi="http://www.w3.org/2001/XMLSchema-instance" xsi:type="a:Expression">#"_a-0000deb5-0bcc-8000-9ba2-011c48011c48_218352"&#xD;
        (&#xD;
          id: 3,&#xD;
          returnCdt: true&#xD;
        )</a:value>
                    <a:nameRef>currentLevel3</a:nameRef>
                    <a:id/>
                </a:ruleInputTestConfigs>
                <a:ruleInputTestConfigs>
                    <a:value xmlns:xsi="http://www.w3.org/2001/XMLSchema-instance" xsi:type="a:Expression">#"_a-0000deb5-0bcc-8000-9ba2-011c48011c48_218345"&#xD;
  (&#xD;
    &#xD;
    returnAll: true,&#xD;
    &#xD;
    pagingInfo: &#xD;
    #"SYSTEM_SYSRULES_pagingInfo"&#xD;
    (&#xD;
      startIndex:1,&#xD;
      batchSize: -1,&#xD;
      sort:&#xD;
      #"SYSTEM_SYSRULES_sortInfo"&#xD;
      (&#xD;
        field: "name",&#xD;
        ascending: true&#xD;
      )&#xD;
    )&#xD;
  )</a:value>
                    <a:nameRef>levelOneDataSubset</a:nameRef>
                    <a:id/>
                </a:ruleInputTestConfigs>
                <a:ruleInputTestConfigs>
                    <a:value xmlns:xsd="http://www.w3.org/2001/XMLSchema" xmlns:xsi="http://www.w3.org/2001/XMLSchema-instance" xsi:type="xsd:string"/>
                    <a:nameRef>newDirector</a:nameRef>
                    <a:id/>
                </a:ruleInputTestConfigs>
                <a:ruleInputTestConfigs>
                    <a:value xmlns:xsi="http://www.w3.org/2001/XMLSchema-instance" xsi:type="a:Expression">2</a:value>
                    <a:nameRef>levelOneSelection</a:nameRef>
                    <a:id/>
                </a:ruleInputTestConfigs>
                <a:ruleInputTestConfigs>
                    <a:value xmlns:xsi="http://www.w3.org/2001/XMLSchema-instance" xsi:type="a:Expression">7</a:value>
                    <a:nameRef>selectedLevelThreeId</a:nameRef>
                    <a:id/>
                </a:ruleInputTestConfigs>
                <a:ruleInputTestConfigs>
                    <a:value xmlns:xsi="http://www.w3.org/2001/XMLSchema-instance" xsi:type="a:Expression">#"_a-0000deb5-0bcc-8000-9ba2-011c48011c48_219583"&#xD;
        (&#xD;
          levelThreeId: 3,&#xD;
          pagingInfo: &#xD;
          #"SYSTEM_SYSRULES_pagingInfo"&#xD;
          (&#xD;
            startIndex: 1,&#xD;
            batchSize: -1,&#xD;
            sort:&#xD;
            #"SYSTEM_SYSRULES_sortInfo"&#xD;
            (&#xD;
              field: "id",&#xD;
              ascending: true&#xD;
            )&#xD;
          ),&#xD;
          returnCdt: true&#xD;
        )</a:value>
                    <a:nameRef>reviewersToWrite</a:nameRef>
                    <a:id/>
                </a:ruleInputTestConfigs>
                <a:ruleInputTestConfigs>
                    <a:value xmlns:xsi="http://www.w3.org/2001/XMLSchema-instance" xsi:type="a:Expression">{}</a:value>
                    <a:nameRef>reviewersToDelete</a:nameRef>
                    <a:id/>
                </a:ruleInputTestConfigs>
                <a:ruleInputTestConfigs>
                    <a:value xmlns:xsi="http://www.w3.org/2001/XMLSchema-instance" xsi:type="a:Expression">#"_a-0000deb5-0bcc-8000-9ba2-011c48011c48_219272"&#xD;
  (&#xD;
    refType: {#"_a-0000deb5-0bcc-8000-9ba2-011c48011c48_219280", #"_a-0000dec3-7017-8000-9ba2-011c48011c48_224619"},&#xD;
    returnAll: true,&#xD;
    returnCdt: true,&#xD;
    pagingInfo: &#xD;
    #"SYSTEM_SYSRULES_pagingInfo"&#xD;
    (&#xD;
      startIndex: 1,&#xD;
      batchSize: -1,&#xD;
      sort:&#xD;
      #"SYSTEM_SYSRULES_sortInfo"&#xD;
      (&#xD;
        field: "displayOrder",&#xD;
        ascending:true&#xD;
      )&#xD;
    )&#xD;
  )</a:value>
                    <a:nameRef>referenceList</a:nameRef>
                    <a:id/>
                </a:ruleInputTestConfigs>
                <a:ruleInputTestConfigs>
                    <a:value xmlns:xsi="http://www.w3.org/2001/XMLSchema-instance" xsi:type="a:Expression">{}</a:value>
                    <a:nameRef>requirementList</a:nameRef>
                    <a:id/>
                </a:ruleInputTestConfigs>
                <a:ruleInputTestConfigs>
                    <a:value xmlns:xsd="http://www.w3.org/2001/XMLSchema" xmlns:xsi="http://www.w3.org/2001/XMLSchema-instance" xsi:nil="true" xsi:type="xsd:boolean"/>
                    <a:nameRef>fromDirectorAction</a:nameRef>
                    <a:id/>
                </a:ruleInputTestConfigs>
                <a:assertions xmlns:xsi="http://www.w3.org/2001/XMLSchema-instance" xsi:nil="true"/>
            </el>
        </value>
    </typedValue>
</contentHaul>
