<?xml version="1.0" encoding="UTF-8" standalone="yes"?>
<contentHaul xmlns:a="http://www.appian.com/ae/types/2009">
    <rule>
        <name>UAP_f_missingDocument</name>
        <uuid>_a-0000decc-9caf-8000-9ba2-011c48011c48_225557</uuid>
        <description>The Missing Document Email interface</description>
        <parentUuid>_a-0000deb5-0bcc-8000-9ba2-011c48011c48_218266</parentUuid>
        <visibility>
            <advertise>false</advertise>
            <hierarchy>true</hierarchy>
            <indexable>true</indexable>
            <quota>false</quota>
            <searchable>true</searchable>
            <system>false</system>
            <unlogged>false</unlogged>
        </visibility>
        <definition>


load
(
  local!missingDocuments,
  
  local!referenceList:
  #"_a-0000deb5-0bcc-8000-9ba2-011c48011c48_219272"
  (
    refType: {#"_a-0000dee0-8e2c-8000-9ba2-011c48011c48_232514"},
    returnAll: true,
    returnCdt: true,
    pagingInfo: 
    #"SYSTEM_SYSRULES_pagingInfo"
    (
      startIndex: 1,
      batchSize: -1,
      sort:
      #"SYSTEM_SYSRULES_sortInfo"
      (
        field: "displayOrder",
        ascending:true
      )
    )
  ),
  
  local!requirementList:
  #"_a-0000deb5-0bcc-8000-9ba2-011c48011c48_219282"
  (
    referenceList: local!referenceList,
    refType: #"_a-0000dee0-8e2c-8000-9ba2-011c48011c48_232514"
  ),
  
  local!gradApp: #"_a-0000deb5-0bcc-8000-9ba2-011c48011c48_219299"(
    applicationId: ri!graduateApplication.applicationId,
    returnCdt: true
  ),
  
  local!level3:
  #"_a-0000deb5-0bcc-8000-9ba2-011c48011c48_218352"
  (
    id: local!gradApp.levelThreeId,
    pagingInfo: #"SYSTEM_SYSRULES_pagingInfo"(1,1),
    returnCdt: true
  ),
  
  local!programDegree:
  #"_a-0000deb5-0bcc-8000-9ba2-011c48011c48_218623"
  (
    levelThreeId: local!gradApp.levelThreeId,
    pagingInfo: #"SYSTEM_SYSRULES_pagingInfo"(1,1),
    returnCdt: true
  ),
  local!showAll: false,
  
  #"SYSTEM_SYSRULES_formLayout"
  (
    label: #"_a-0000decc-9caf-8000-9ba2-011c48011c48_225569",
    instructions: #"_a-0000decc-9caf-8000-9ba2-011c48011c48_225570",
    firstColumnContents:
    {
      #"SYSTEM_SYSRULES_sectionLayout"
      (
        label: "Requirements",
        isCollapsible: true,
        firstColumnContents:
        {
          #"_a-0000deb5-0bcc-8000-9ba2-011c48011c48_219875"
          (
            graduateApplication: ri!graduateApplication,
            level3: local!level3,
            showAll: local!showAll,
            showLink: false
          ),
          #"SYSTEM_SYSRULES_richTextDisplayField"
          (
            labelPosition: "COLLAPSED",
            align: "RIGHT",
            value:
            {
              #"SYSTEM_SYSRULES_richTextItem"
              (
                text:
                if
                (
                  local!showAll,
                  #"_a-0000dee0-8e2c-8000-9ba2-011c48011c48_231869",
                  #"_a-0000dee0-8e2c-8000-9ba2-011c48011c48_231865"
                ),
                link:
                #"SYSTEM_SYSRULES_dynamicLink"
                (
                  value: not(local!showAll),
                  saveInto: local!showAll
                ),
                style: "UNDERLINE"
              )
            }
          )
        }
      ),
      #"SYSTEM_SYSRULES_sectionLayout"
      (
        label: "Missing Documents",
        isCollapsible: true,
        firstColumnContents:
        {
          #"SYSTEM_SYSRULES_textField"
          (
            label: "Applicant",
            labelPosition: "ADJACENT",
            readOnly: true,
            value: 
            local!gradApp.firstName
            &amp; " " &amp;
            local!gradApp.lastName
          ),
          
          #"SYSTEM_SYSRULES_textField"
          (
            label: "Email",
            labelPosition: "ADJACENT",
            readOnly: true,
            value: 
            local!gradApp.email
          ),
          
          #"SYSTEM_SYSRULES_textField"
          (
            label: "Term",
            labelPosition: "ADJACENT",
            readOnly: true,
            value: local!gradApp.term
          ),
          
          #"SYSTEM_SYSRULES_textField"
          (
            label: "Degree",
            labelPosition: "ADJACENT",
            readOnly: true,
            value: local!programDegree.degreeName
          ),
          
          #"SYSTEM_SYSRULES_textField"
          (
            label: "Major",
            labelPosition: "ADJACENT",
            readOnly: true,
            value: local!programDegree.name
          ),
          
          if
          (
            #"_a-0000d62a-67b3-8000-da6f-010000010000_950"(local!programDegree.concentrationName),
            {},
            #"SYSTEM_SYSRULES_textField"
            (
              label: "Concentration",
              labelPosition: "ADJACENT",
              readOnly: true,
              value: local!programDegree.concentrationName
            )
          ),
          
          #"SYSTEM_SYSRULES_linkField"
          (
            label: "Template",
            labelPosition: "ADJACENT",
            links:
            {
              #"SYSTEM_SYSRULES_documentDownloadLink"
              (
                document: #"_a-0000decc-9caf-8000-9ba2-011c48011c48_225595",
                label: "Download Example"
              )
            }
          )
        },
        secondColumnContents:
        {
          #"SYSTEM_SYSRULES_checkboxField"
          (
            label: "Missing Documents",
            labelPosition: "ADJACENT",
            required: true,
            choiceLabels: local!requirementList.displayValue,
            choiceValues: local!requirementList.refId,
            value: local!missingDocuments,
            requiredMessage: "Please select at least one missing document",
            saveInto:
            {
              local!missingDocuments
            }
          )
        }
      )
    },
    buttons: 
    {
      #"SYSTEM_SYSRULES_ButtonLayout"
      (
        primaryButtons: #"SYSTEM_SYSRULES_ButtonWidgetSubmit"(
          label: #"_a-0000dec3-7017-8000-9ba2-011c48011c48_223250",
          style: "PRIMARY",
          value: #"_a-0000dec3-7017-8000-9ba2-011c48011c48_223250",
          saveInto: 
          {
            ri!btnValue,
            a!save
            (
              ri!documentNames,
              index
              (
                local!requirementList.displayValue,
                wherecontains(local!missingDocuments, local!requirementList.refId)
              )
            ),
            
            a!save
            (
              ri!programDegree,
              local!programDegree
            ),
            
            #"_a-0000deb5-0bcc-8000-9ba2-011c48011c48_220136"(
              auditHistory: ri!auditHistory,
              recordId: ri!graduateApplication.applicationId,
              recordType: #"_a-0000deb5-0bcc-8000-9ba2-011c48011c48_218652",
              actionTypeCons: #"_a-0000decc-9caf-8000-9ba2-011c48011c48_225602",
              notes:
              "Missing: "
              &amp;
              substitute
              (
                tostring(ri!documentNames),
                ";",
                ","
              ),
              actionDescriptionConstant: #"_a-0000decc-9caf-8000-9ba2-011c48011c48_225602"
            )
          }
        ),
        secondaryButtons: #"SYSTEM_SYSRULES_ButtonWidgetSubmit"(
          label: #"_a-0000deb5-0bcc-8000-9ba2-011c48011c48_218782",
          style: "NORMAL",
          skipValidation: true,
          value: #"_a-0000deb5-0bcc-8000-9ba2-011c48011c48_218782",
          saveInto:
          {
            ri!btnValue
          }
        )
      )
    }
  )
)</definition>
        <namedTypedValue>
            <name>btnValue</name>
            <type>
                <name>string</name>
                <namespace>http://www.w3.org/2001/XMLSchema</namespace>
            </type>
            <value/>
        </namedTypedValue>
        <namedTypedValue>
            <name>graduateApplication</name>
            <type>
                <name>UAP_v_graduateApplication</name>
                <namespace>urn:com:appian:types:UAP</namespace>
            </type>
        </namedTypedValue>
        <namedTypedValue>
            <name>documentNames</name>
            <type>
                <name>Text?list</name>
                <namespace>http://www.appian.com/ae/types/2009</namespace>
            </type>
        </namedTypedValue>
        <namedTypedValue>
            <name>auditHistory</name>
            <type>
                <name>TRV_auditHistory</name>
                <namespace>urn:com:appian:types:TRV</namespace>
            </type>
        </namedTypedValue>
        <namedTypedValue>
            <name>programDegree</name>
            <type>
                <name>UAP_v_programDegree</name>
                <namespace>urn:com:appian:types:UAP</namespace>
            </type>
        </namedTypedValue>
        <metadataExpr></metadataExpr>
        <preferredEditor>interface</preferredEditor>
        <offlineEnabled>false</offlineEnabled>
    </rule>
    <roleMap public="true">
        <role inherit="true" allowForAll="false" name="readers">
            <users/>
            <groups/>
        </role>
        <role inherit="true" allowForAll="false" name="authors">
            <users/>
            <groups/>
        </role>
        <role inherit="true" allowForAll="false" name="administrators">
            <users/>
            <groups/>
        </role>
        <role inherit="false" allowForAll="false" name="denyReaders">
            <users/>
            <groups/>
        </role>
        <role inherit="false" allowForAll="false" name="denyAuthors">
            <users/>
            <groups/>
        </role>
        <role inherit="false" allowForAll="false" name="denyAdministrators">
            <users/>
            <groups/>
        </role>
    </roleMap>
    <typedValue>
        <type>
            <name>RuleTestConfig?list</name>
            <namespace>http://www.appian.com/ae/types/2009</namespace>
        </type>
        <value>
            <el>
                <a:name/>
                <a:ruleInputTestConfigs>
                    <a:value xmlns:xsd="http://www.w3.org/2001/XMLSchema" xmlns:xsi="http://www.w3.org/2001/XMLSchema-instance" xsi:type="xsd:string"/>
                    <a:nameRef>btnValue</a:nameRef>
                    <a:id/>
                </a:ruleInputTestConfigs>
                <a:ruleInputTestConfigs>
                    <a:value xmlns:xsi="http://www.w3.org/2001/XMLSchema-instance" xsi:type="a:Expression">#"_a-0000deb5-0bcc-8000-9ba2-011c48011c48_219299"(applicationId: 1, returnCdt: true)</a:value>
                    <a:nameRef>graduateApplication</a:nameRef>
                    <a:id/>
                </a:ruleInputTestConfigs>
                <a:ruleInputTestConfigs>
                    <a:nameRef>documentNames</a:nameRef>
                    <a:id/>
                </a:ruleInputTestConfigs>
                <a:ruleInputTestConfigs>
                    <a:value xmlns:n1="urn:com:appian:types:TRV" xmlns:xsi="http://www.w3.org/2001/XMLSchema-instance" xsi:nil="true" xsi:type="n1:TRV_auditHistory"/>
                    <a:nameRef>auditHistory</a:nameRef>
                    <a:id/>
                </a:ruleInputTestConfigs>
                <a:ruleInputTestConfigs>
                    <a:value xmlns:n2="urn:com:appian:types:UAP" xmlns:xsi="http://www.w3.org/2001/XMLSchema-instance" xsi:nil="true" xsi:type="n2:UAP_v_programDegree"/>
                    <a:nameRef>programDegree</a:nameRef>
                    <a:id/>
                </a:ruleInputTestConfigs>
                <a:assertions xmlns:xsi="http://www.w3.org/2001/XMLSchema-instance" xsi:nil="true"/>
            </el>
        </value>
    </typedValue>
</contentHaul>
