<?xml version="1.0" encoding="UTF-8" standalone="yes"?>
<contentHaul xmlns:a="http://www.appian.com/ae/types/2009">
    <rule>
        <name>UAP_eg_checklist</name>
        <uuid>_a-0000deb5-0bcc-8000-9ba2-011c48011c48_219875</uuid>
        <description>Checklist of application information in a paging grid format</description>
        <parentUuid>_a-0000deb5-0bcc-8000-9ba2-011c48011c48_218266</parentUuid>
        <visibility>
            <advertise>false</advertise>
            <hierarchy>true</hierarchy>
            <indexable>true</indexable>
            <quota>false</quota>
            <searchable>true</searchable>
            <system>false</system>
            <unlogged>false</unlogged>
        </visibility>
        <definition>with
(
  /*Determines which columns to display*/
  local!showColumns:
  where
  (
    if
    (
      ri!showAll,
      {
        true,
        true,
        true,
        true,
        true,
        true,
        true,
        true,
        true,
        true
      },
      {
        ri!level3.showTranscript,
        ri!level3.showTestScore,
        ri!level3.showResume,
        ri!level3.showWritingSample,
        ri!level3.showRec1,
        ri!level3.showRec2,
        ri!level3.showRec3,
        ri!level3.showSupplemental,
        true,
        true
      }
    )
  ),
  #"SYSTEM_SYSRULES_gridLayout"(
    labelPosition: "COLLAPSED",
    /*instructions: "Select an attribute to view more details.",*/
    headerCells: 
    index
    (
      {
        #"SYSTEM_SYSRULES_gridLayoutHeaderCell"(
          label: "Transcript"
        ),
        #"SYSTEM_SYSRULES_gridLayoutHeaderCell"(
          label: "Test Scores"
        ),
        #"SYSTEM_SYSRULES_gridLayoutHeaderCell"(
          label: "Resume"
        ),
        #"SYSTEM_SYSRULES_gridLayoutHeaderCell"(
          label: "Statement of Purpose"
        ),
        #"SYSTEM_SYSRULES_gridLayoutHeaderCell"(
          label: "Rec 1"
        ),
        #"SYSTEM_SYSRULES_gridLayoutHeaderCell"(
          label: "Rec 2"
        ),
        #"SYSTEM_SYSRULES_gridLayoutHeaderCell"(
          label: "Rec 3"
        ),
        #"SYSTEM_SYSRULES_gridLayoutHeaderCell"(
          label: "Supplemental"
        ),
        #"SYSTEM_SYSRULES_gridLayoutHeaderCell"(
          label: "English Proficiency"
        ),
        #"SYSTEM_SYSRULES_gridLayoutHeaderCell"(
          label: "Hold"
        )
      },
      local!showColumns,
      {}
    ),
    columnConfigs:
    index
    (
      {
        #"SYSTEM_SYSRULES_gridLayoutColumnConfig"(
          width: "DISTRIBUTE",
          weight: "1"
        ),
        #"SYSTEM_SYSRULES_gridLayoutColumnConfig"(
          width: "DISTRIBUTE",
          weight: "1"
        ),
        #"SYSTEM_SYSRULES_gridLayoutColumnConfig"(
          width: "DISTRIBUTE",
          weight: "1"
        ),
        #"SYSTEM_SYSRULES_gridLayoutColumnConfig"(
          width: "DISTRIBUTE",
          weight: "1"
        ),
        #"SYSTEM_SYSRULES_gridLayoutColumnConfig"(
          width: "DISTRIBUTE",
          weight: "1"
        ),
        #"SYSTEM_SYSRULES_gridLayoutColumnConfig"(
          width: "DISTRIBUTE",
          weight: "1"
        ),
        #"SYSTEM_SYSRULES_gridLayoutColumnConfig"(
          width: "DISTRIBUTE",
          weight: "1"
        ),
        #"SYSTEM_SYSRULES_gridLayoutColumnConfig"(
          width: "DISTRIBUTE",
          weight: "1"
        ),
        #"SYSTEM_SYSRULES_gridLayoutColumnConfig"(
          width: "DISTRIBUTE",
          weight: "1"
        ),
        #"SYSTEM_SYSRULES_gridLayoutColumnConfig"(
          width: "DISTRIBUTE",
          weight: "1"
        )
      },
      local!showColumns,
      {}
    ),
    rows: {
      #"SYSTEM_SYSRULES_gridRowLayout"(
        contents: 
        index
        (
          {
            /*rule!UAP_displayDocumentRichText(*/
            /*  document: ri!graduateApplication.transcript,*/
            /*  indicator: 1,*/
            /*  checklistBtnValue: ri!checklistBtnValue,*/
            /*  showLinks: ri!showLinks*/
            /*),*/
            #"_a-0000deb5-0bcc-8000-9ba2-011c48011c48_219621"(
              document: ri!graduateApplication.transcript,
              /*indicator: cons!UAP_N_TRANSCRIPT_INDICATOR,*/
              checklistBtnValue: ri!checklistBtnValue,
              showLinks: ri!showLinks
            ),
            #"_a-0000deb5-0bcc-8000-9ba2-011c48011c48_219621"(
              document: ri!graduateApplication.testScores,
              /*indicator: cons!UAP_N_TESTSCORES_INDICATOR,*/
              checklistBtnValue: ri!checklistBtnValue,
              testScoreList:ri!testScore,
              graduateApplication:ri!graduateApplication,
              showLinks:ri!showLinks
            ),
            #"_a-0000deb5-0bcc-8000-9ba2-011c48011c48_219621"(
              document: ri!graduateApplication.resume,
              indicator: #"_a-0000dec3-7017-8000-9ba2-011c48011c48_223319",
              checklistBtnValue: ri!checklistBtnValue,
              showLinks: ri!showLinks
            ),
            #"_a-0000deb5-0bcc-8000-9ba2-011c48011c48_219621"(
              document: ri!graduateApplication.statementOfPurpose,
              indicator: #"_a-0000dec3-7017-8000-9ba2-011c48011c48_224630",
              checklistBtnValue: ri!checklistBtnValue,
              showLinks: ri!showLinks
            ),
            #"_a-0000deb5-0bcc-8000-9ba2-011c48011c48_219621"(
              document: ri!graduateApplication.recLetter1,
              indicator:#"_a-0000dec3-7017-8000-9ba2-011c48011c48_223327",
              checklistBtnValue: ri!checklistBtnValue,
              showLinks: ri!showLinks
            ),
            #"_a-0000deb5-0bcc-8000-9ba2-011c48011c48_219621"(
              document: ri!graduateApplication.recLetter2,
              indicator: #"_a-0000dec3-7017-8000-9ba2-011c48011c48_223328",
              checklistBtnValue: ri!checklistBtnValue,
              showLinks: ri!showLinks
            ),
            #"_a-0000deb5-0bcc-8000-9ba2-011c48011c48_219621"(
              document: ri!graduateApplication.recLetter3,
              indicator:#"_a-0000dec3-7017-8000-9ba2-011c48011c48_223329",
              checklistBtnValue: ri!checklistBtnValue,
              showLinks: ri!showLinks
            ),
            #"_a-0000deb5-0bcc-8000-9ba2-011c48011c48_219621"(
              document: ri!graduateApplication.supplemental,
              indicator: #"_a-0000dec3-7017-8000-9ba2-011c48011c48_223326",
              checklistBtnValue: ri!checklistBtnValue,
              showLinks: ri!showLinks
            ),
            
            #"_a-0000dec3-7017-8000-9ba2-011c48011c48_223740"(
              boolean: ri!graduateApplication.isEnglishProficient
            ),
            #"_a-0000dec3-7017-8000-9ba2-011c48011c48_223740"(
              boolean: ri!graduateApplication.isClearedForConduct,
              isConductClearance: true
            )
          },
          local!showColumns,
          {}
        )
      )
    }
  )
)</definition>
        <namedTypedValue>
            <name>graduateApplication</name>
            <type>
                <name>UAP_v_graduateApplication</name>
                <namespace>urn:com:appian:types:UAP</namespace>
            </type>
        </namedTypedValue>
        <namedTypedValue>
            <name>checklistBtnValue</name>
            <type>
                <name>int</name>
                <namespace>http://www.w3.org/2001/XMLSchema</namespace>
            </type>
        </namedTypedValue>
        <namedTypedValue>
            <name>showLinks</name>
            <type>
                <name>boolean</name>
                <namespace>http://www.w3.org/2001/XMLSchema</namespace>
            </type>
        </namedTypedValue>
        <namedTypedValue>
            <name>level3</name>
            <type>
                <name>UAP_level3</name>
                <namespace>urn:com:appian:types:UAP</namespace>
            </type>
        </namedTypedValue>
        <namedTypedValue>
            <name>showAll</name>
            <type>
                <name>boolean</name>
                <namespace>http://www.w3.org/2001/XMLSchema</namespace>
            </type>
        </namedTypedValue>
        <namedTypedValue>
            <name>testScore</name>
            <type>
                <name>UAP_testScore?list</name>
                <namespace>urn:com:appian:types:UAP</namespace>
            </type>
        </namedTypedValue>
        <metadataExpr></metadataExpr>
        <preferredEditor>interface</preferredEditor>
        <offlineEnabled>false</offlineEnabled>
    </rule>
    <roleMap public="true">
        <role inherit="true" allowForAll="false" name="readers">
            <users/>
            <groups/>
        </role>
        <role inherit="true" allowForAll="false" name="authors">
            <users/>
            <groups/>
        </role>
        <role inherit="true" allowForAll="false" name="administrators">
            <users>
                <userUuid>U38263239</userUuid>
                <userUuid>U75253385</userUuid>
            </users>
            <groups/>
        </role>
        <role inherit="false" allowForAll="false" name="denyReaders">
            <users/>
            <groups/>
        </role>
        <role inherit="false" allowForAll="false" name="denyAuthors">
            <users/>
            <groups/>
        </role>
        <role inherit="false" allowForAll="false" name="denyAdministrators">
            <users/>
            <groups/>
        </role>
    </roleMap>
    <typedValue>
        <type>
            <name>RuleTestConfig?list</name>
            <namespace>http://www.appian.com/ae/types/2009</namespace>
        </type>
        <value>
            <el>
                <a:name/>
                <a:ruleInputTestConfigs>
                    <a:value xmlns:xsi="http://www.w3.org/2001/XMLSchema-instance" xsi:type="a:Expression">'type!{urn:com:appian:types:UAP}UAP_v_graduateApplication'(uNumber:"U06271388", testScores:0, resume:1, recLetter2:2, isEnglishProficient:true)</a:value>
                    <a:nameRef>graduateApplication</a:nameRef>
                    <a:id/>
                </a:ruleInputTestConfigs>
                <a:ruleInputTestConfigs>
                    <a:value xmlns:xsd="http://www.w3.org/2001/XMLSchema" xmlns:xsi="http://www.w3.org/2001/XMLSchema-instance" xsi:nil="true" xsi:type="xsd:int"/>
                    <a:nameRef>checklistBtnValue</a:nameRef>
                    <a:id/>
                </a:ruleInputTestConfigs>
                <a:ruleInputTestConfigs>
                    <a:value xmlns:xsd="http://www.w3.org/2001/XMLSchema" xmlns:xsi="http://www.w3.org/2001/XMLSchema-instance" xsi:nil="true" xsi:type="xsd:boolean"/>
                    <a:nameRef>showLinks</a:nameRef>
                    <a:id/>
                </a:ruleInputTestConfigs>
                <a:ruleInputTestConfigs>
                    <a:value xmlns:xsi="http://www.w3.org/2001/XMLSchema-instance" xsi:type="a:Expression">#"_a-0000deb5-0bcc-8000-9ba2-011c48011c48_218352"&#xD;
  (&#xD;
    id: 1,&#xD;
    pagingInfo: #"SYSTEM_SYSRULES_pagingInfo"(1,1),&#xD;
    returnCdt: true&#xD;
  )</a:value>
                    <a:nameRef>level3</a:nameRef>
                    <a:id/>
                </a:ruleInputTestConfigs>
                <a:ruleInputTestConfigs>
                    <a:value xmlns:xsd="http://www.w3.org/2001/XMLSchema" xmlns:xsi="http://www.w3.org/2001/XMLSchema-instance" xsi:nil="true" xsi:type="xsd:boolean"/>
                    <a:nameRef>showAll</a:nameRef>
                    <a:id/>
                </a:ruleInputTestConfigs>
                <a:ruleInputTestConfigs>
                    <a:nameRef>testScore</a:nameRef>
                    <a:id/>
                </a:ruleInputTestConfigs>
                <a:assertions xmlns:xsi="http://www.w3.org/2001/XMLSchema-instance" xsi:nil="true"/>
            </el>
        </value>
    </typedValue>
</contentHaul>
