<?xml version="1.0" encoding="UTF-8" standalone="yes"?>
<contentHaul xmlns:a="http://www.appian.com/ae/types/2009">
    <rule>
        <name>UAP_removeNonAdmissionsDocuments</name>
        <uuid>_a-0000df0b-4b17-8000-9ba2-011c48011c48_247504</uuid>
        <description>removes the documents that are pulled form appXtender that aren't related to graduate admissions </description>
        <parentUuid>_a-0000deb5-0bcc-8000-9ba2-011c48011c48_218267</parentUuid>
        <visibility>
            <advertise>false</advertise>
            <hierarchy>true</hierarchy>
            <indexable>true</indexable>
            <quota>false</quota>
            <searchable>true</searchable>
            <system>false</system>
            <unlogged>false</unlogged>
        </visibility>
        <definition>load(
  local!referencelist: #"_a-0000deb5-0bcc-8000-9ba2-011c48011c48_219272"(
    refType: {
      #"_a-0000def2-cb5b-8000-9ba2-011c48011c48_237138"
    },
    returnCdt: true,
    pagingInfo: #"SYSTEM_SYSRULES_pagingInfo"(
      startIndex: 1,
      batchSize: - 1,
      sort: #"SYSTEM_SYSRULES_sortInfo"(
        field: "displayOrder",
        ascending: true
      )
    )
  ),
  remove(
    ri!datasubset.data,
    wherecontains(
      local!referenceList.displayValue,
      ri!datasubset.data.documentName
    )
  )
)</definition>
        <namedTypedValue>
            <name>datasubset</name>
            <type>
                <name>DataSubset</name>
                <namespace>http://www.appian.com/ae/types/2009</namespace>
            </type>
        </namedTypedValue>
        <preferredEditor>legacy</preferredEditor>
        <offlineEnabled>false</offlineEnabled>
    </rule>
    <roleMap public="true">
        <role inherit="true" allowForAll="false" name="readers">
            <users/>
            <groups/>
        </role>
        <role inherit="true" allowForAll="false" name="authors">
            <users/>
            <groups/>
        </role>
        <role inherit="true" allowForAll="false" name="administrators">
            <users/>
            <groups/>
        </role>
        <role inherit="false" allowForAll="false" name="denyReaders">
            <users/>
            <groups/>
        </role>
        <role inherit="false" allowForAll="false" name="denyAuthors">
            <users/>
            <groups/>
        </role>
        <role inherit="false" allowForAll="false" name="denyAdministrators">
            <users/>
            <groups/>
        </role>
    </roleMap>
</contentHaul>
