<?xml version="1.0" encoding="UTF-8" standalone="yes"?>
<contentHaul xmlns:a="http://www.appian.com/ae/types/2009">
    <rule>
        <name>UAP_d_graduateApplication</name>
        <uuid>_a-0000deb5-0bcc-8000-9ba2-011c48011c48_218275</uuid>
        <description>Record dashboard for a graduate application</description>
        <parentUuid>_a-0000deb5-0bcc-8000-9ba2-011c48011c48_218266</parentUuid>
        <visibility>
            <advertise>false</advertise>
            <hierarchy>true</hierarchy>
            <indexable>true</indexable>
            <quota>false</quota>
            <searchable>true</searchable>
            <system>false</system>
            <unlogged>false</unlogged>
        </visibility>
        <definition>load(
  local!loggedInUser: loggedInUser(),
  local!checklistBtnValue,
  local!testScore,
  local!transcript: false,
  local!testScoreLink: false,
  local!testScorePagingInfo: #"SYSTEM_SYSRULES_pagingInfo"(
    1,
    5
  ),
  local!testScoreList: #"_a-0000def2-cb5b-8000-9ba2-011c48011c48_236897"(
    uNumber: ri!graduateApplication.uNumber,/*uNumber: "U06271388"*/
    pagingInfo: #"SYSTEM_SYSRULES_pagingInfo"(startIndex: 1, batchSize: 100)
    
  ),
  local!referenceList: #"_a-0000deb5-0bcc-8000-9ba2-011c48011c48_219272"(
    refType: {
      #"_a-0000dec3-7017-8000-9ba2-011c48011c48_224280",
      #"_a-0000decc-9caf-8000-9ba2-011c48011c48_225896"
    },
    returnCdt: true,
    pagingInfo: #"SYSTEM_SYSRULES_pagingInfo"(
      startIndex: 1,
      batchSize: - 1,
      sort: #"SYSTEM_SYSRULES_sortInfo"(
        field: "displayOrder",
        ascending: true
      )
    )
  ),
  local!reviewPagingInfo: #"SYSTEM_SYSRULES_pagingInfo"(
    startIndex: 1,
    batchSize: 5,
    sort: #"SYSTEM_SYSRULES_sortInfo"(
      field: "createdOn",
      ascending: false
    )
  ),
  local!hideReviews: not(
    or(
      isusermemberofgroups(
        local!loggedInUser,
        {
          #"_a-0000deb5-0bcc-8000-9ba2-011c48011c48_219197",
          #"_a-0000deb5-0bcc-8000-9ba2-011c48011c48_220117",
          #"_a-0000deb5-0bcc-8000-9ba2-011c48011c48_219367"
        }
      ),
      ri!graduateApplication.seeReviews
    )
  ),
  local!reviewDataSubset: if(
    and(
      local!hideReviews,
      #"_a-0000d62a-67b3-8000-da6f-010000010000_951"(
        ri!graduateApplication.reviewCycleId
      )
    ),
    {},
    /*We pull back all reviews here and filter (if faculty reviewer) in UAP_s_review*/
    #"_a-0000dec3-7017-8000-9ba2-011c48011c48_223357"(
      pagingInfo: #"SYSTEM_SYSRULES_pagingInfo"(
        startIndex: 1,
        batchSize: 100,
        sort: #"SYSTEM_SYSRULES_sortInfo"(
          field: "createdOn",
          ascending: false
        )
      ),
      reviewCycleId: ri!graduateApplication.reviewCycleId
    )
  ),
  local!reviewerDatasubset: #"_a-0000deb5-0bcc-8000-9ba2-011c48011c48_219583"(
    levelThreeId: ri!graduateApplication.levelThreeId,
    pagingInfo: #"SYSTEM_SYSRULES_pagingInfo"(
      startIndex: 1,
      /*Pull back all of them. Set to 100 for safeguard*/
      batchSize: 100,
      sort: #"SYSTEM_SYSRULES_sortInfo"(
        field: "id",
        ascending: true
      )
    )
  ),
  local!level3: #"_a-0000deb5-0bcc-8000-9ba2-011c48011c48_218352"(
    id: ri!graduateApplication.levelThreeId,
    pagingInfo: #"SYSTEM_SYSRULES_pagingInfo"(
      1,
      1
    ),
    returnCdt: true
  ),
  local!showAll: false,
  local!showDocSection: false,
  local!toggle: 1,
  local!priorCollegePagingInfo: #"SYSTEM_SYSRULES_pagingInfo"(
    startIndex: 1,
    batchSize: 10
  ),
  local!priorCollegeDatasubset: todatasubset(
    {},
    local!priorCollegePagingInfo
  ),
  local!docsPagingInfo: #"SYSTEM_SYSRULES_pagingInfo"(
    startIndex: 1,
    batchSize: 5,
    sort: #"SYSTEM_SYSRULES_sortInfo"(
      field: "modifiedDate",
      ascending: false
    )
  ),
  local!docsDatasubset: todatasubset(
    {},
    local!docsPagingInfo
  ),
  #"SYSTEM_SYSRULES_dashboardLayout_v1"(
    contents: {
      
      if
      (
        #"_a-0000d62a-67b3-8000-da6f-010000010000_950"(ri!graduateApplication.newTermApplicationId),
        {},
        #"SYSTEM_SYSRULES_richTextDisplayField"
        (
          align: "CENTER",
          value:
          {
            #"SYSTEM_SYSRULES_richTextImage"
            (
              #"SYSTEM_SYSRULES_documentImage"
              (
                document:
                #"SYSTEM_SYSRULES_iconIndicator"
                (
                  "STATUS_WARN"
                )
              )
            ),
            #"SYSTEM_SYSRULES_richTextItem"
            (
              text: "Application Moved due to Term Change",
              style: "STRONG",
              link:
              #"SYSTEM_SYSRULES_recordLink"
              (
                recordType: #"_a-0000decc-9caf-8000-9ba2-011c48011c48_225409",
                identifier: ri!graduateApplication.newTermApplicationId
              )
            )
          }
          
        )
      ),
      
      
      #"_a-0000decc-9caf-8000-9ba2-011c48011c48_227253"(
        graduateApplication: ri!graduateApplication,
        gradAppDetail: #"_a-0000dec3-7017-8000-9ba2-011c48011c48_223654"(
          applicationId: ri!graduateApplication.applicationId,
          returnCdt: true
        ),
        status: ri!graduateApplication.status,
        referenceList: local!referenceList
      ),
      
      
      /*Applicant Checklist Section*/
      #"SYSTEM_SYSRULES_sectionLayout"(
        label: "Applicant Checklist",
        isCollapsible: true,
        firstColumnContents: {
          #"_a-0000deb5-0bcc-8000-9ba2-011c48011c48_219875"(
            graduateApplication: ri!graduateApplication,
            checklistBtnValue: local!checklistBtnValue,
            showLinks: false,
            level3: local!level3,
            testScore: local!testScore,
            showAll: local!showAll
          )
        }
      ),
      
      /*Applicant Checklist Section*/
      #"SYSTEM_SYSRULES_sectionLayout"(
        firstColumnContents:
        {
          #"SYSTEM_SYSRULES_richTextDisplayField"(
            labelPosition: "COLLAPSED",
            align: "LEFT",
            value: {
                            /*document link*/
              #"SYSTEM_SYSRULES_richTextItem"(
                text: "Documents",
                style: "UNDERLINE",
                link: #"SYSTEM_SYSRULES_dynamicLink"(
                  value: 3,
                  saveInto: {
                    local!checklistBtnValue
                   }
                )
              ),
              #"SYSTEM_SYSRULES_richTextItem"(
                text: "       "
              ),
              /*show transcript*/
              #"SYSTEM_SYSRULES_richTextItem"(
                text: "Prior Institutions",
                style: "UNDERLINE",
                link: #"SYSTEM_SYSRULES_dynamicLink"(
                  value: 1,
                  saveInto: local!checklistBtnValue
                )
              ),
              #"SYSTEM_SYSRULES_richTextItem"(
                text: "       "
              ),
              /*show test score*/
              #"SYSTEM_SYSRULES_richTextItem"(
                text: "Official Test Scores",
                style: "UNDERLINE",
                link: #"SYSTEM_SYSRULES_dynamicLink"(
                  value: 2,
                  saveInto: local!checklistBtnValue
                )
              )
              }
          )
        },
        
        secondColumnContents: {
          #"SYSTEM_SYSRULES_richTextDisplayField"(
            labelPosition: "COLLAPSED",
            align: "RIGHT",
            value: {
              /*show all*/
              #"SYSTEM_SYSRULES_richTextItem"(
                text: if(
                  local!showAll,
                  #"_a-0000dee0-8e2c-8000-9ba2-011c48011c48_231869",
                  #"_a-0000dee0-8e2c-8000-9ba2-011c48011c48_231865"
                ),
                link: #"SYSTEM_SYSRULES_dynamicLink"(
                  value: not(
                    local!showAll
                  ),
                  saveInto: local!showAll
                ),
                style: "UNDERLINE"
              )              
            }
          )
        }
      ),
      
      
      /*Documents Section*/
      /*if(*/
      /*  local!showDocSection,*/
      /*  rule!UAP_s_document(*/
      /*    readOnly: true*/
      /*  ),*/
      /*  {}*/
      /*),*/
      if(
        isnull(
          local!checklistBtnValue
        ),
        {},
        choose(
          local!checklistBtnValue,
          #"SYSTEM_SYSRULES_sectionLayout"(
            label: "Prior Institutions",
            firstColumnContents: {
              #"_a-0000dee0-8e2c-8000-9ba2-011c48011c48_232907"(
                pagingInfo: local!priorCollegePagingInfo,
                graduateApplication: ri!graduateApplication
              ),
              #"SYSTEM_SYSRULES_richTextDisplayField"(
                labelPosition: "COLLAPSED",
                align: "RIGHT",
                value: (
                  #"SYSTEM_SYSRULES_richTextItem"(
                    text: "Hide",
                    style: "STRONG",
                    link: #"SYSTEM_SYSRULES_dynamicLink"(
                      value: null,
                      saveInto: local!checklistBtnValue
                    )
                  )
                )
              )/*   a!buttonLayout(*/
              /*  primaryButtons: a!buttonWidgetSubmit(*/
              /*    label: "Hide",*/
              /*    value: null,*/
              /*    saveInto: local!checklistBtnValue*/
              /*  )*/
              /*)*/
              
            }
          ),
          #"_a-0000dee0-8e2c-8000-9ba2-011c48011c48_231317"(
            testScoreList: local!testScoreList,
            pagingInfo: local!testScorePagingInfo,
            checklistButtonValue: local!checklistBtnValue
          ),
          #"_a-0000decc-9caf-8000-9ba2-011c48011c48_227744"(
            graduateApplication: ri!graduateApplication,
            checklistBtnValue: local!checklistBtnValue
          )
        )
      ),
      /*Dynamic Drill Downs*/
      /*if(*/
      /*  isnull(*/
      /*    local!checklistBtnValue*/
      /*  ),*/
      /*  {},*/
      /*  choose(*/
      /*    local!checklistBtnValue,*/
      /*Transcript*/
      /*    a!sectionLayout(*/
      /*      label: "Transcript",*/
      /*      firstColumnContents: {*/
      /*        a!buttonLayout(*/
      /*          primaryButtons: a!buttonWidgetSubmit(*/
      /*            label: "Hide",*/
      /*            value: null,*/
      /*            saveInto: local!checklistBtnValue*/
      /*          )*/
      /*        )*/
      /*      }*/
      /*    ),*/
      /*2. Transcript*/
      /*    a!sectionLayout(*/
      /*      label: "Prior College",*/
      /*      firstColumnContents: {*/
      /*        rule!UAP_pg_priorCollege(*/
      /*          pagingInfo: local!priorCollegePagingInfo,*/
      /*          graduateApplication: ri!graduateApplication*/
      /*        ),*/
      /*        a!buttonLayout(*/
      /*          primaryButtons: a!buttonWidgetSubmit(*/
      /*            label: "Hide",*/
      /*            value: null,*/
      /*            saveInto: local!checklistBtnValue*/
      /*          )*/
      /*        )*/
      /*      }*/
      /*    ),*/
      /*3.Test Scores*/
      /*    rule!UAP_s_testScores(*/
      /*      testScoreList: local!testScoreList,*/
      /*      pagingInfo: local!testScorePagingInfo,*/
      /*      checklistButtonValue: local!checklistBtnValue*/
      /*    ),*/
      /*4.Resume*/
      /*    a!sectionLayout(*/
      /*      label: "Resume",*/
      /*      firstColumnContents: {*/
      /*        a!buttonLayout(*/
      /*          primaryButtons: a!buttonWidgetSubmit(*/
      /*            label: "Hide",*/
      /*            value: null,*/
      /*            saveInto: local!checklistBtnValue*/
      /*          )*/
      /*        )*/
      /*      }*/
      /*    ),*/
      /*5.Statement of Purpose*/
      /*    a!sectionLayout(*/
      /*      label: "Statement of Purpose",*/
      /*      firstColumnContents: {*/
      /*        a!buttonLayout(*/
      /*          primaryButtons: a!buttonWidgetSubmit(*/
      /*            label: "Hide",*/
      /*            value: null,*/
      /*            saveInto: local!checklistBtnValue*/
      /*          )*/
      /*        )*/
      /*      }*/
      /*    ),*/
      /*6.Rec 1*/
      /*    a!sectionLayout(*/
      /*      label: "Recommendation Letter 1",*/
      /*      firstColumnContents: {*/
      /*        a!buttonLayout(*/
      /*          primaryButtons: a!buttonWidgetSubmit(*/
      /*            label: "Hide",*/
      /*            value: null,*/
      /*            saveInto: local!checklistBtnValue*/
      /*          )*/
      /*        )*/
      /*      }*/
      /*    ),*/
      /*7.Rec 2*/
      /*    a!sectionLayout(*/
      /*      label: "Recommendation Letter 2",*/
      /*      firstColumnContents: {*/
      /*        a!buttonLayout(*/
      /*          primaryButtons: a!buttonWidgetSubmit(*/
      /*            label: "Hide",*/
      /*            value: null,*/
      /*            saveInto: local!checklistBtnValue*/
      /*          )*/
      /*        )*/
      /*      }*/
      /*    ),*/
      /*8.Rec 3*/
      /*    a!sectionLayout(*/
      /*      label: "Recommendation Letter 3",*/
      /*      firstColumnContents: {*/
      /*        a!buttonLayout(*/
      /*          primaryButtons: a!buttonWidgetSubmit(*/
      /*            label: "Hide",*/
      /*            value: null,*/
      /*            saveInto: local!checklistBtnValue*/
      /*          )*/
      /*        )*/
      /*      }*/
      /*    ),*/
      /*9.Supplemental*/
      /*    a!sectionLayout(*/
      /*      label: "Supplemental",*/
      /*      firstColumnContents: {*/
      /*        a!buttonLayout(*/
      /*          primaryButtons: a!buttonWidgetSubmit(*/
      /*            label: "Hide",*/
      /*            value: null,*/
      /*            saveInto: local!checklistBtnValue*/
      /*          )*/
      /*        )*/
      /*      }*/
      /*    )*/
      /*  )*/
      /*),*/
      /*Application Information Section*/
      #"_a-0000deb5-0bcc-8000-9ba2-011c48011c48_218276"(
        graduateApplication: ri!graduateApplication
      ),
      /*Reviews Section*/
      #"_a-0000dec3-7017-8000-9ba2-011c48011c48_223542"(
        reviewDataSubset: local!reviewDataSubset,
        pagingInfo: local!reviewPagingInfo,
        scoringTypeId: ri!graduateApplication.scoringType.refId,
        reviewerDataSubset: local!reviewerDatasubset,
        hideReviews: local!hideReviews,
        sectionLabel: if(
          local!hideReviews,
          "Review",
          "Reviews"
        ),
        deptRecommendation: ri!graduateApplication.deptRecommendation,
        loggedInUser: local!loggedInUser
      ),
      {
        /*Audit History*/
        #"_a-0000deb5-0bcc-8000-9ba2-011c48011c48_218628"(
          recordId: ri!graduateApplication.applicationId
        )
      },
      /*Application notes and paging grid section*/
      /*rule!UAP_s_notes(*/
      /*  applicationId: ri!graduateApplication.applicationId,*/
      /*  notesDatasubset: local!notesDatasubset,*/
      /*  pagingInfo: local!notesPagingInfo*/
      /*),*/
      
    }
  )
)</definition>
        <namedTypedValue>
            <name>graduateApplication</name>
            <type>
                <name>UAP_v_graduateApplication</name>
                <namespace>urn:com:appian:types:UAP</namespace>
            </type>
        </namedTypedValue>
        <namedTypedValue>
            <name>ratingDataSubset</name>
            <type>
                <name>DataSubset</name>
                <namespace>http://www.appian.com/ae/types/2009</namespace>
            </type>
        </namedTypedValue>
        <namedTypedValue>
            <name>testScore</name>
            <type>
                <name>UAP_testScore?list</name>
                <namespace>urn:com:appian:types:UAP</namespace>
            </type>
        </namedTypedValue>
        <metadataExpr></metadataExpr>
        <preferredEditor>interface</preferredEditor>
        <offlineEnabled>false</offlineEnabled>
    </rule>
    <roleMap public="true">
        <role inherit="true" allowForAll="false" name="readers">
            <users/>
            <groups/>
        </role>
        <role inherit="true" allowForAll="false" name="authors">
            <users/>
            <groups/>
        </role>
        <role inherit="true" allowForAll="false" name="administrators">
            <users/>
            <groups/>
        </role>
        <role inherit="false" allowForAll="false" name="denyReaders">
            <users/>
            <groups/>
        </role>
        <role inherit="false" allowForAll="false" name="denyAuthors">
            <users/>
            <groups/>
        </role>
        <role inherit="false" allowForAll="false" name="denyAdministrators">
            <users/>
            <groups/>
        </role>
    </roleMap>
    <typedValue>
        <type>
            <name>RuleTestConfig?list</name>
            <namespace>http://www.appian.com/ae/types/2009</namespace>
        </type>
        <value>
            <el>
                <a:name/>
                <a:ruleInputTestConfigs>
                    <a:value xmlns:xsi="http://www.w3.org/2001/XMLSchema-instance" xsi:type="a:Expression">#"_a-0000deb5-0bcc-8000-9ba2-011c48011c48_219299"(applicationId: 1, returnCdt: true)</a:value>
                    <a:nameRef>graduateApplication</a:nameRef>
                    <a:id/>
                </a:ruleInputTestConfigs>
                <a:ruleInputTestConfigs>
                    <a:value xmlns:xsi="http://www.w3.org/2001/XMLSchema-instance" xsi:nil="true" xsi:type="a:DataSubset"/>
                    <a:nameRef>ratingDataSubset</a:nameRef>
                    <a:id/>
                </a:ruleInputTestConfigs>
                <a:ruleInputTestConfigs>
                    <a:nameRef>testScore</a:nameRef>
                    <a:id/>
                </a:ruleInputTestConfigs>
                <a:assertions xmlns:xsi="http://www.w3.org/2001/XMLSchema-instance" xsi:nil="true"/>
            </el>
        </value>
    </typedValue>
</contentHaul>
