<?xml version="1.0" encoding="UTF-8" standalone="yes"?>
<contentHaul xmlns:a="http://www.appian.com/ae/types/2009">
    <rule>
        <name>UAP_getLevelThree</name>
        <uuid>_a-0000deb5-0bcc-8000-9ba2-011c48011c48_218352</uuid>
        <description>Queries the UAP_level3 table</description>
        <parentUuid>_a-0000deb5-0bcc-8000-9ba2-011c48011c48_218267</parentUuid>
        <visibility>
            <advertise>false</advertise>
            <hierarchy>true</hierarchy>
            <indexable>true</indexable>
            <quota>false</quota>
            <searchable>true</searchable>
            <system>false</system>
            <unlogged>false</unlogged>
        </visibility>
        <definition>with(
  local!queryDatasubset: #"SYSTEM_SYSRULES_queryEntity"(
    entity: #"_a-0000deb5-0bcc-8000-9ba2-011c48011c48_218344",
    query: #"SYSTEM_SYSRULES_query"(
      pagingInfo: if(
        #"_a-0000d62a-67b3-8000-da6f-010000010000_950"(
          ri!pagingInfo
        ),
        #"SYSTEM_SYSRULES_pagingInfo"(
          startIndex: 1,
          batchSize: - 1,
          sort: #"SYSTEM_SYSRULES_sortInfo"(
            field: "id",
            ascending: true
          )
        ),
        ri!pagingInfo
      ),
      logicalExpression: #"SYSTEM_SYSRULES_queryLogicalExpression"(
        operator: "AND",
        filters: {
          if(
            and(
              isnull(
                ri!id
              ),
              isnull(
                ri!levelTwoId
              ),
              isnull(
                ri!type
              ),
              isnull(
                ri!director
              ),
              isnull(
                ri!numberOfPositions
              ),
              isnull(
                ri!scoringTypeId
              ),
              isnull(
                ri!admissionStyleId
              ),
              isnull(
                ri!showTranscript
              ),
              isnull(
                ri!showGPA
              ),
              isnull(
                ri!showTestScore
              ),
              isnull(
                ri!showResume
              ),
              isnull(
                ri!showWritingSample
              ),
              isnull(
                ri!showRec1
              ),
              isnull(
                ri!showRec2
              ),
              isnull(
                ri!showRec3
              ),
              isnull(
                ri!showSupplemental
              ),
              #"_a-0000d62a-67b3-8000-da6f-010000010000_951"
              (
                ri!levelTwoIdList
              ),
              #"_a-0000d62a-67b3-8000-da6f-010000010000_951"
              (
                ri!levelThreeIdList
              )
              
              
            ),
            if(
              ri!returnAll,
              #"SYSTEM_SYSRULES_queryFilter"(
                field: "id",
                operator: "not null"
              ),
              #"SYSTEM_SYSRULES_queryFilter"(
                field: "id",
                operator: "is null"
              )
            ),
            {
              if(
                isnull(
                  ri!id
                ),
                {},
                #"SYSTEM_SYSRULES_queryFilter"(
                  field: "id",
                  operator: "=",
                  value: ri!id
                )
              ),
              if(
                isnull(
                  ri!levelTwoId
                ),
                {},
                #"SYSTEM_SYSRULES_queryFilter"(
                  field: "levelTwoId",
                  operator: "=",
                  value: ri!levelTwoId
                )
              ),
              if(
                isnull(
                  ri!type
                ),
                {},
                #"SYSTEM_SYSRULES_queryFilter"(
                  field: "type",
                  operator: "=",
                  value: ri!type
                )
              ),
              if(
                isnull(
                  ri!director
                ),
                {},
                #"SYSTEM_SYSRULES_queryFilter"(
                  field: "director",
                  operator: "=",
                  value: ri!director
                )
              ),
              if(
                isnull(
                  ri!numberOfPositions
                ),
                {},
                #"SYSTEM_SYSRULES_queryFilter"(
                  field: "numberOfPositions",
                  operator: "=",
                  value: ri!numberOfPositions
                )
              ),
              if(
                isnull(
                  ri!scoringTypeId
                ),
                {},
                #"SYSTEM_SYSRULES_queryFilter"(
                  field: "scoringType.refId",
                  operator: "=",
                  value: ri!scoringTypeId
                )
              ),
              if(
                isnull(
                  ri!admissionStyleId
                ),
                {},
                #"SYSTEM_SYSRULES_queryFilter"(
                  field: "admissionStyle.refId",
                  operator: "=",
                  value: ri!admissionStyleId
                )
              ),
              if(
                isnull(
                  ri!showTranscript
                ),
                {},
                #"SYSTEM_SYSRULES_queryFilter"(
                  field: "showTranscript",
                  operator: "=",
                  value: ri!showTranscript
                )
              ),
              if(
                isnull(
                  ri!showGPA
                ),
                {},
                #"SYSTEM_SYSRULES_queryFilter"(
                  field: "showGPA",
                  operator: "=",
                  value: ri!showGPA
                )
              ),
              if(
                isnull(
                  ri!showTestScore
                ),
                {},
                #"SYSTEM_SYSRULES_queryFilter"(
                  field: "showTestScore",
                  operator: "=",
                  value: ri!showTestScore
                )
              ),
              if(
                isnull(
                  ri!showResume
                ),
                {},
                #"SYSTEM_SYSRULES_queryFilter"(
                  field: "showResume",
                  operator: "=",
                  value: ri!showResume
                )
              ),
              if(
                isnull(
                  ri!showWritingSample
                ),
                {},
                #"SYSTEM_SYSRULES_queryFilter"(
                  field: "showWritingSample",
                  operator: "=",
                  value: ri!showWritingSample
                )
              ),
              if(
                isnull(
                  ri!showRec1
                ),
                {},
                #"SYSTEM_SYSRULES_queryFilter"(
                  field: "showRec1",
                  operator: "=",
                  value: ri!showRec1
                )
              ),
              if(
                isnull(
                  ri!showRec2
                ),
                {},
                #"SYSTEM_SYSRULES_queryFilter"(
                  field: "showRec2",
                  operator: "=",
                  value: ri!showRec2
                )
              ),
              if(
                isnull(
                  ri!showRec3
                ),
                {},
                #"SYSTEM_SYSRULES_queryFilter"(
                  field: "showRec3",
                  operator: "=",
                  value: ri!showRec3
                )
              ),
              if(
                isnull(
                  ri!showSupplemental
                ),
                {},
                #"SYSTEM_SYSRULES_queryFilter"(
                  field: "showSupplemental",
                  operator: "=",
                  value: ri!showSupplemental
                )
              ),
              if(
                #"_a-0000d62a-67b3-8000-da6f-010000010000_951"(
                  ri!levelTwoIdList
                ),
                {},
                #"SYSTEM_SYSRULES_queryFilter"(
                  field: "levelTwoId",
                  operator: "in",
                  value: ri!levelTwoIdList
                )
              ),
              if(
                #"_a-0000d62a-67b3-8000-da6f-010000010000_951"(
                  ri!levelThreeIdList
                ),
                {},
                #"SYSTEM_SYSRULES_queryFilter"(
                  field: "id",
                  operator: "in",
                  value: ri!levelThreeIdList
                )
              )
            }
          )
        }
      )
    )
  ),
  if(
    ri!returnCdt,
    cast(
      typeof(
        {
          'type!{urn:com:appian:types:UAP}UAP_level3'()
        }
      ),
      local!queryDatasubset.data
    ),
    local!queryDatasubset
  )
)</definition>
        <namedTypedValue>
            <name>pagingInfo</name>
            <type>
                <name>PagingInfo</name>
                <namespace>http://www.appian.com/ae/types/2009</namespace>
            </type>
        </namedTypedValue>
        <namedTypedValue>
            <name>returnCdt</name>
            <type>
                <name>boolean</name>
                <namespace>http://www.w3.org/2001/XMLSchema</namespace>
            </type>
        </namedTypedValue>
        <namedTypedValue>
            <name>returnAll</name>
            <type>
                <name>boolean</name>
                <namespace>http://www.w3.org/2001/XMLSchema</namespace>
            </type>
        </namedTypedValue>
        <namedTypedValue>
            <name>id</name>
            <type>
                <name>int</name>
                <namespace>http://www.w3.org/2001/XMLSchema</namespace>
            </type>
        </namedTypedValue>
        <namedTypedValue>
            <name>levelTwoId</name>
            <type>
                <name>int</name>
                <namespace>http://www.w3.org/2001/XMLSchema</namespace>
            </type>
        </namedTypedValue>
        <namedTypedValue>
            <name>type</name>
            <type>
                <name>string</name>
                <namespace>http://www.w3.org/2001/XMLSchema</namespace>
            </type>
            <value/>
        </namedTypedValue>
        <namedTypedValue>
            <name>director</name>
            <type>
                <name>string</name>
                <namespace>http://www.w3.org/2001/XMLSchema</namespace>
            </type>
            <value/>
        </namedTypedValue>
        <namedTypedValue>
            <name>numberOfPositions</name>
            <type>
                <name>int</name>
                <namespace>http://www.w3.org/2001/XMLSchema</namespace>
            </type>
        </namedTypedValue>
        <namedTypedValue>
            <name>scoringTypeId</name>
            <type>
                <name>int</name>
                <namespace>http://www.w3.org/2001/XMLSchema</namespace>
            </type>
        </namedTypedValue>
        <namedTypedValue>
            <name>admissionStyleId</name>
            <type>
                <name>int</name>
                <namespace>http://www.w3.org/2001/XMLSchema</namespace>
            </type>
        </namedTypedValue>
        <namedTypedValue>
            <name>showTranscript</name>
            <type>
                <name>boolean</name>
                <namespace>http://www.w3.org/2001/XMLSchema</namespace>
            </type>
        </namedTypedValue>
        <namedTypedValue>
            <name>showGPA</name>
            <type>
                <name>boolean</name>
                <namespace>http://www.w3.org/2001/XMLSchema</namespace>
            </type>
        </namedTypedValue>
        <namedTypedValue>
            <name>showTestScore</name>
            <type>
                <name>boolean</name>
                <namespace>http://www.w3.org/2001/XMLSchema</namespace>
            </type>
        </namedTypedValue>
        <namedTypedValue>
            <name>showResume</name>
            <type>
                <name>boolean</name>
                <namespace>http://www.w3.org/2001/XMLSchema</namespace>
            </type>
        </namedTypedValue>
        <namedTypedValue>
            <name>showWritingSample</name>
            <type>
                <name>boolean</name>
                <namespace>http://www.w3.org/2001/XMLSchema</namespace>
            </type>
        </namedTypedValue>
        <namedTypedValue>
            <name>showRec1</name>
            <type>
                <name>boolean</name>
                <namespace>http://www.w3.org/2001/XMLSchema</namespace>
            </type>
        </namedTypedValue>
        <namedTypedValue>
            <name>showRec2</name>
            <type>
                <name>boolean</name>
                <namespace>http://www.w3.org/2001/XMLSchema</namespace>
            </type>
        </namedTypedValue>
        <namedTypedValue>
            <name>showRec3</name>
            <type>
                <name>boolean</name>
                <namespace>http://www.w3.org/2001/XMLSchema</namespace>
            </type>
        </namedTypedValue>
        <namedTypedValue>
            <name>showSupplemental</name>
            <type>
                <name>boolean</name>
                <namespace>http://www.w3.org/2001/XMLSchema</namespace>
            </type>
        </namedTypedValue>
        <namedTypedValue>
            <name>levelTwoIdList</name>
            <type>
                <name>Integer?list</name>
                <namespace>http://www.appian.com/ae/types/2009</namespace>
            </type>
        </namedTypedValue>
        <namedTypedValue>
            <name>levelThreeIdList</name>
            <type>
                <name>Integer?list</name>
                <namespace>http://www.appian.com/ae/types/2009</namespace>
            </type>
        </namedTypedValue>
        <preferredEditor>legacy</preferredEditor>
        <offlineEnabled>false</offlineEnabled>
    </rule>
    <roleMap public="true">
        <role inherit="true" allowForAll="false" name="readers">
            <users/>
            <groups/>
        </role>
        <role inherit="true" allowForAll="false" name="authors">
            <users/>
            <groups/>
        </role>
        <role inherit="true" allowForAll="false" name="administrators">
            <users/>
            <groups/>
        </role>
        <role inherit="false" allowForAll="false" name="denyReaders">
            <users/>
            <groups/>
        </role>
        <role inherit="false" allowForAll="false" name="denyAuthors">
            <users/>
            <groups/>
        </role>
        <role inherit="false" allowForAll="false" name="denyAdministrators">
            <users/>
            <groups/>
        </role>
    </roleMap>
</contentHaul>
