<?xml version="1.0" encoding="UTF-8" standalone="yes"?>
<contentHaul xmlns:a="http://www.appian.com/ae/types/2009">
    <rule>
        <name>UAP_s_admissionsByProgram</name>
        <uuid>_a-0000dee0-8e2c-8000-9ba2-011c48011c48_232875</uuid>
        <description>Program Roll Up report</description>
        <parentUuid>_a-0000deb5-0bcc-8000-9ba2-011c48011c48_218266</parentUuid>
        <visibility>
            <advertise>false</advertise>
            <hierarchy>true</hierarchy>
            <indexable>true</indexable>
            <quota>false</quota>
            <searchable>true</searchable>
            <system>false</system>
            <unlogged>false</unlogged>
        </visibility>
        <definition>= load(
  local!collegeFilter,
  local!collegeFilterDisplay,
  local!majorFilter,
  local!majorFilterDisplay,
  local!concentrationFilter,
  local!concentrationFilterDisplay,
  local!degreeFilter,
  local!degreeFilterDisplay,
  local!termFilter,
  local!termFilterDisplay,
  local!termList: #"_a-0000dee0-8e2c-8000-9ba2-011c48011c48_232086"(),
  local!collegeList: #"_a-0000deb5-0bcc-8000-9ba2-011c48011c48_218345"(
    returnCDT: true,
    returnAll: true,
    pagingInfo: #"SYSTEM_SYSRULES_pagingInfo"(
      1,
      100
    )
  ),
  local!degreeList: #"_a-0000deb5-0bcc-8000-9ba2-011c48011c48_218352"(
    returnCdt: true,
    returnAll: true,
    pagingInfo: #"SYSTEM_SYSRULES_pagingInfo"(
      startIndex: 1,
      batchSize: 1100,
      sort: #"SYSTEM_SYSRULES_sortInfo"(
        field: "typeName",
        ascending: true
      )
    )
  ),
  local!majorList: #"_a-0000deb5-0bcc-8000-9ba2-011c48011c48_218348"(
    returnCDT: true,
    returnAll: true,
    pagingInfo: #"SYSTEM_SYSRULES_pagingInfo"(
      startIndex: 1,
      batchSize: 1000,
      sort: #"SYSTEM_SYSRULES_sortInfo"(
        field: "name",
        ascending: true
      )
    )
  ),
  local!majorListName: apply(
    concat(
      _,
      "-",
      _
    ),
    merge(
      local!majorList.name,
      local!majorList.code
    )
  ),
  local!concentration: todatasubset(
    arrayToPage: local!majorList,
    pagingConfiguration: #"SYSTEM_SYSRULES_pagingInfo"(
      startIndex: 1,
      batchSize: - 1,
      sort: #"SYSTEM_SYSRULES_sortInfo"(
        field: "concentration",
        ascending: true
      )
    )
  ).data,
  local!concentrationListName: apply(
    concat(
      _,
      "-",
      _
    ),
    merge(
      reject(
        fn!isnull,
        local!concentration.concentration
      ),
      reject(
        fn!isnull,
        local!concentration.concentrationCode
      )
    )
  ),
  local!pagingInfo: #"SYSTEM_SYSRULES_pagingInfo"(
    startIndex: 1,
    batchSize: 10,
    sort: {
      #"SYSTEM_SYSRULES_sortInfo"(
        field: "collegeName",
        ascending: true
      ),
      #"SYSTEM_SYSRULES_sortInfo"(
        field: "majorName",
        ascending: true
      ),
      #"SYSTEM_SYSRULES_sortInfo"(
        field: "concentrationName",
        ascending: true
      ),
      #"SYSTEM_SYSRULES_sortInfo"(
        field: "degreeName",
        ascending: true
      )
    }
  ),
  local!datasubset: #"_a-0000def2-cb5b-8000-9ba2-011c48011c48_238129"(
    returnAll: true,
    pagingInfo: local!pagingInfo
  ),
  {
    #"SYSTEM_SYSRULES_sectionLayout"(
      /*label: "Filters",*/
      firstColumnContents: {
        /*college filter*/
        #"SYSTEM_SYSRULES_dropdownField"(
          label: "Term",
          labelPosition: "ADJACENT",
          placeholderLabel: #"_a-0000deb5-0bcc-8000-9ba2-011c48011c48_219354",
          choiceLabels: local!termList,
          choiceValues: local!termList,
          value: local!termFilterDisplay,
          saveInto: local!termFilterDisplay
        ),
        #"SYSTEM_SYSRULES_dropdownField"(
          label: "College",
          labelPosition: "ADJACENT",
          placeholderLabel: #"_a-0000deb5-0bcc-8000-9ba2-011c48011c48_219354",
          choiceLabels: local!collegeList.displayName,
          choiceValues: local!collegeList.name,
          value: local!collegeFilterDisplay,
          saveInto: local!collegeFilterDisplay
        ),
        #"SYSTEM_SYSRULES_dropdownField"(
          label: "Major",
          labelPosition: "ADJACENT",
          placeholderLabel: #"_a-0000deb5-0bcc-8000-9ba2-011c48011c48_219354",
          choiceLabels: union(
            local!majorListName,
            local!majorListName
          ),
          choiceValues: union(
            local!majorList.code,
            local!majorList.code
          ),
          value: local!majorFilterDisplay,
          saveInto: local!majorFilterDisplay
        )
      },
      secondColumnContents: {
        /*concentrationFilter*/
        #"SYSTEM_SYSRULES_dropdownField"(
          label: "Concentration",
          labelPosition: "ADJACENT",
          placeholderLabel: #"_a-0000deb5-0bcc-8000-9ba2-011c48011c48_219354",
          choiceLabels: union(
            reject(
              fn!isnull,
              local!concentrationListName
            ),
            reject(
              fn!isnull,
              local!concentrationListName
            )
          ),
          choiceValues: union(
            reject(
              fn!isnull,
              local!concentration.concentrationCode
            ),
            reject(
              fn!isnull,
              local!concentration.concentrationCode
            )
          ),
          value: local!concentrationFilterDisplay,
          saveInto: local!concentrationFilterDisplay
        ),
        #"SYSTEM_SYSRULES_dropdownField"(
          label: "Degree",
          labelPosition: "ADJACENT",
          placeholderLabel: #"_a-0000deb5-0bcc-8000-9ba2-011c48011c48_219354",
          choiceLabels: union(
            local!degreeList.typeName,
            local!degreeList.typeName
          ),
          choiceValues: union(
            local!degreeList.type,
            local!degreeList.type
          ),
          value: local!degreeFilterDisplay,
          saveInto: local!degreeFilterDisplay
        ),
        #"SYSTEM_SYSRULES_textField"(
          readOnly: true
        ),
        #"SYSTEM_SYSRULES_richTextDisplayField"(
          labelPosition: "COLLAPSED",
          align: "RIGHT",
          value: {
            #"SYSTEM_SYSRULES_richTextItem"(
              text: "Clear Filters",
              style: "UNDERLINE",
              link: #"SYSTEM_SYSRULES_dynamicLink"(
                saveInto: {
                  a!save(
                    local!collegeFilter,
                    null
                  ),
                  a!save(
                    local!collegeFilterDisplay,
                    null
                  ),
                  a!save(
                    local!majorFilter,
                    null
                  ),
                  a!save(
                    local!majorFilterDisplay,
                    null
                  ),
                  a!save(
                    local!concentrationFilter,
                    null
                  ),
                  a!save(
                    local!concentrationFilterDisplay,
                    null
                  ),
                  a!save(
                    local!degreeFilter,
                    null
                  ),
                  a!save(
                    local!degreeFilterDisplay,
                    null
                  ),
                  a!save(
                    local!termFilter,
                    null
                  ),
                  a!save(
                    local!datasubset,
                    #"_a-0000def2-cb5b-8000-9ba2-011c48011c48_238129"(
                      returnAll: true,
                      collegeCode: local!collegeFilter,
                      majorCode: local!majorFilter,
                      concentrationCode: local!concentrationFilter,
                      degreeCode: local!degreeFilter,
                      pagingInfo: local!pagingInfo,
                      term: local!termFilter
                    )
                  )
                }
              )
            ),
            #"SYSTEM_SYSRULES_richTextItem"(
              text: "   "
            ),
            #"SYSTEM_SYSRULES_richTextItem"(
              text: "Apply Filters",
              style: "UNDERLINE",
              link: #"SYSTEM_SYSRULES_dynamicLink"(
                saveInto: {
                  a!save(
                    local!termFilter,
                    #"_a-0000def2-cb5b-8000-9ba2-011c48011c48_238318"(
                      local!termFilterDisplay
                    )
                  ),
                  
                  a!save
                  (
                    local!collegeFilter,
                    local!collegeFilterDisplay
                  ),
                  
                  a!save
                  (
                    local!majorFilter,
                    local!majorFilterDisplay
                  ),
                  
                  a!save
                  (
                    local!concentrationFilter,
                    local!concentrationFilterDisplay
                  ),
                  
                  a!save
                  (
                    local!degreeFilter,
                    local!degreeFilterDisplay
                  ),
                  
                  a!save(
                    local!pagingInfo.startIndex,
                    1
                  ),
                  a!save(
                    local!datasubset,
                    #"_a-0000def2-cb5b-8000-9ba2-011c48011c48_238129"(
                      collegeCode: local!collegeFilter,
                      majorCode: local!majorFilter,
                      concentrationCode: local!concentrationFilter,
                      degreeCode: local!degreeFilter,
                      pagingInfo: local!pagingInfo,
                      term: local!termFilter
                    )
                  )
                }
              )
            )
          }
        )
      }
    ),
    /*a!textField(readOnly:true,value:local!datasubset),*/
    #"SYSTEM_SYSRULES_gridField"(
      totalCount: local!datasubset.totalCount,
      value: local!pagingInfo,
      instructions: #"_a-0000df0b-4b17-8000-9ba2-011c48011c48_247837",
      saveInto: {
        local!pagingInfo,
        a!save(
          local!datasubset,
          #"_a-0000def2-cb5b-8000-9ba2-011c48011c48_238129"(
            term: local!termFilter,
            collegeCode: local!collegeFilter,
            majorCode: local!majorFilter,
            concentrationCode: local!concentrationFilter,
            degreeCode: local!degreeFilter,
            pagingInfo: local!pagingInfo,
            returnAll: true
          )
        )
      },
      columns: {
        #"SYSTEM_SYSRULES_gridTextColumn"(
          label: "College",
          field: "collegeName",
          data: index(
            local!datasubset.data,
            "collegeName",
            {}
          )
        ),
        #"SYSTEM_SYSRULES_gridTextColumn"(
          label: "Major",
          field: "majorName",
          data: index(
            local!datasubset.data,
            "majorName",
            {}
          )
        ),
        #"SYSTEM_SYSRULES_gridTextColumn"(
          label: "Concentration",
          field: "concentrationName",
          data: index(
            local!datasubset.data,
            "concentrationName",
            {}
          )
        ),
        #"SYSTEM_SYSRULES_gridTextColumn"(
          label: "Degree",
          field: "degreeName",
          data: index(
            local!datasubset.data,
            "degreeName",
            {}
          )
        ),
        #"SYSTEM_SYSRULES_gridTextColumn"(
          label: "Term",
          field: "term",
          data: apply(
            #"_a-0000def2-cb5b-8000-9ba2-011c48011c48_238367"(
              _
            ),
            index(
              local!datasubset.data,
              "term",
              {}
            )
          )
        ),
        #"SYSTEM_SYSRULES_gridTextColumn"(
          label: "Pipeline",
          field: "pipeline",
          data: index(
            local!datasubset.data,
            "pipeline",
            {}
          )
        ),
        #"SYSTEM_SYSRULES_gridTextColumn"(
          label: "Admit",
          field: "admit",
          data: index(
            local!datasubset.data,
            "admit",
            {}
          )
        ),
        #"SYSTEM_SYSRULES_gridTextColumn"(
          label: "Deny",
          field: "deny",
          data: index(
            local!datasubset.data,
            "deny",
            {}
          )
        ),
        #"SYSTEM_SYSRULES_gridTextColumn"(
          label: "Waitlist",
          field: "waitlist",
          data: index(
            local!datasubset.data,
            "waitlist",
            {}
          )
        ),
        #"SYSTEM_SYSRULES_gridTextColumn"(
          label: "Percent Decisioned",
          field: "throughput",
          data:
          apply
          (
            #"_a-0000df0b-4b17-8000-9ba2-011c48011c48_248500"(_),
            index(
              local!datasubset.data,
              "throughput",
              {}
            )
          )
        )
      }
    )
  }
)</definition>
        <metadataExpr></metadataExpr>
        <preferredEditor>interface</preferredEditor>
        <offlineEnabled>false</offlineEnabled>
    </rule>
    <roleMap public="true">
        <role inherit="true" allowForAll="false" name="readers">
            <users/>
            <groups/>
        </role>
        <role inherit="true" allowForAll="false" name="authors">
            <users/>
            <groups/>
        </role>
        <role inherit="true" allowForAll="false" name="administrators">
            <users>
                <userUuid>U38263239</userUuid>
            </users>
            <groups/>
        </role>
        <role inherit="false" allowForAll="false" name="denyReaders">
            <users/>
            <groups/>
        </role>
        <role inherit="false" allowForAll="false" name="denyAuthors">
            <users/>
            <groups/>
        </role>
        <role inherit="false" allowForAll="false" name="denyAdministrators">
            <users/>
            <groups/>
        </role>
    </roleMap>
</contentHaul>
