<?xml version="1.0" encoding="UTF-8" standalone="yes"?>
<contentHaul xmlns:a="http://www.appian.com/ae/types/2009">
    <rule>
        <name>UAP_filterGraduateTestScores</name>
        <uuid>_a-0000def2-cb5b-8000-9ba2-011c48011c48_237041</uuid>
        <description>For Graduate admissions, filter the test scores to show only valid Graduate Tests. For example, GMAT scores are valid 5 years from the test taken date. </description>
        <parentUuid>_a-0000deb5-0bcc-8000-9ba2-011c48011c48_218267</parentUuid>
        <visibility>
            <advertise>false</advertise>
            <hierarchy>true</hierarchy>
            <indexable>true</indexable>
            <quota>false</quota>
            <searchable>true</searchable>
            <system>false</system>
            <unlogged>false</unlogged>
        </visibility>
        <definition>/*{*/
/*  type!UAP_testScore(testDate: today()-365, testComponent: "AP36" , testScore: 564),*/
/*  type!UAP_testScore(testDate: today()-365, testComponent: "GR01" , testScore: 600),*/
/*  type!UAP_testScore(testDate: today()-365, testComponent: "MWS" , testScore: 700),*/
/*  type!UAP_testScore(testDate: today()-365, testComponent: "ILTL" , testScore: 800),*/
/*  type!UAP_testScore(testDate: today()-365, testComponent: "PTEL" , testScore: 900),*/
/*  type!UAP_testScore(testDate: today()-365, testComponent: "TFIL" , testScore: 400)*/
/*}*/
/*MCAT &amp;GRE done 5 years from the TEST DATE.*/
/*TOEFL/IELTS done 2 years from the TEST DATE.*/
/*}*/
load(
  local!gmatList: index(
    ri!testScoreList,
    wherecontains(
      
        #"_a-0000def2-cb5b-8000-9ba2-011c48011c48_237046"
       ,
      (
        index(
          ri!testScoreList,
          "testComponent",
          {}
        )
      )
    ),
    {}
  ),
  local!whereValidGmatList: if(
    #"_a-0000d62a-67b3-8000-da6f-010000010000_950"(
      local!gmatList
    ),
    {},
    apply(
      #"_a-0000def2-cb5b-8000-9ba2-011c48011c48_237060"(
        date: _,
        yearRange:#"_a-0000def2-cb5b-8000-9ba2-011c48011c48_238142"
      ),
      index(
        local!gmatList,
        "testDate",
        {}
      )
    )
  ),
  local!finalGmatList: index(
    local!gmatList,
    where(
      local!whereValidGmatList
    ),
    {}
  ),
    local!pteList: index(
    ri!testScoreList,
    wherecontains(
      {
        #"_a-0000def2-cb5b-8000-9ba2-011c48011c48_237051"
       },
      (
        index(
          ri!testScoreList,
          "testComponent",
          {}
        )
      )
    ),
    {}
  ),
  local!whereValidPteList: if(
    #"_a-0000d62a-67b3-8000-da6f-010000010000_950"(
      local!pteList
    ),
    {},
    apply(
      #"_a-0000def2-cb5b-8000-9ba2-011c48011c48_237060"(
        date: _,
        yearRange:#"_a-0000def2-cb5b-8000-9ba2-011c48011c48_238076"
      ),
      index(
        local!pteList,
        "testDate",
        {}
      )
    )
  ),
  local!finalPteList: index(
    local!pteList,
    where(
      local!whereValidPteList
    ),
    {}
  ),
  
  local!mcatGreList: index(
    ri!testScoreList,
    wherecontains(
      {
        #"_a-0000def2-cb5b-8000-9ba2-011c48011c48_237045",
        #"_a-0000def2-cb5b-8000-9ba2-011c48011c48_237047"
      },
      (
        index(
          ri!testScoreList,
          "testComponent",
          {}
        )
      )
    ),
    {}
  ),
  local!whereValidMcatGreList: if(
    #"_a-0000d62a-67b3-8000-da6f-010000010000_950"(
      local!mcatGreList
    ),
    {},
    apply(
      #"_a-0000def2-cb5b-8000-9ba2-011c48011c48_237060"(
        date: _,
        yearRange:#"_a-0000def2-cb5b-8000-9ba2-011c48011c48_238144"
      ),
      index(
        local!mcatGreList,
        "testDate",
        {}
      )
    )
  ),
  local!finalMcatGreList: index(
    local!mcatGreList,
    where(
      local!whereValidMcatGreList
    ),
    {}
  ),
  local!toeflList: index(
    ri!testScoreList,
    wherecontains(
      {
        #"_a-0000def2-cb5b-8000-9ba2-011c48011c48_237048",
        #"_a-0000def2-cb5b-8000-9ba2-011c48011c48_237049"
      },
      (
        index(
          ri!testScoreList,
          "testComponent",
          {}
        )
      )
    ),
    {}
  ),
  local!whereValidToeflListt: if(
    #"_a-0000d62a-67b3-8000-da6f-010000010000_950"(
      local!toeflList
    ),
    {},
    apply(
      #"_a-0000def2-cb5b-8000-9ba2-011c48011c48_237060"(
        date: _,
        yearRange: #"_a-0000def2-cb5b-8000-9ba2-011c48011c48_238080"
      ),
      index(
        local!toeflList,
        "testDate",
        {}
      )
    )
  ),
  local!finalToeflList: index(
    local!toeflList,
    where(
      local!whereValidToeflListt
    ),
    {}
  ),
  local!ieltsList: index(
    ri!testScoreList,
    wherecontains(
      {
        #"_a-0000def2-cb5b-8000-9ba2-011c48011c48_237050"
      },
      (
        index(
          ri!testScoreList,
          "testComponent",
          {}
        )
      )
    ),
    {}
  ),
  local!whereValidIeltsListt: if(
    #"_a-0000d62a-67b3-8000-da6f-010000010000_950"(
      local!ieltsList
    ),
    {},
    apply(
      #"_a-0000def2-cb5b-8000-9ba2-011c48011c48_237060"(
        date: _,
        yearRange: #"_a-0000def2-cb5b-8000-9ba2-011c48011c48_238080"
      ),
      index(
        local!ieltsList,
        "testDate",
        {}
      )
    )
  ),
  local!finalIeltsList: index(
    local!ieltsList,
    where(
      local!whereValidIeltsListt
    ),
    {}
  ),
  append(
    /*  local!testScoreList,*/
    local!finalGmatList,
    local!finalPteList,
    local!finalMcatGreList,
    local!finalToeflList,
    local!finalIeltsList
  )
)</definition>
        <namedTypedValue>
            <name>testScoreList</name>
            <type>
                <name>UAP_testScore?list</name>
                <namespace>urn:com:appian:types:UAP</namespace>
            </type>
        </namedTypedValue>
        <preferredEditor>legacy</preferredEditor>
        <offlineEnabled>false</offlineEnabled>
    </rule>
    <roleMap public="true">
        <role inherit="true" allowForAll="false" name="readers">
            <users/>
            <groups/>
        </role>
        <role inherit="true" allowForAll="false" name="authors">
            <users/>
            <groups/>
        </role>
        <role inherit="true" allowForAll="false" name="administrators">
            <users/>
            <groups/>
        </role>
        <role inherit="false" allowForAll="false" name="denyReaders">
            <users/>
            <groups/>
        </role>
        <role inherit="false" allowForAll="false" name="denyAuthors">
            <users/>
            <groups/>
        </role>
        <role inherit="false" allowForAll="false" name="denyAdministrators">
            <users/>
            <groups/>
        </role>
    </roleMap>
    <typedValue>
        <type>
            <name>RuleTestConfig?list</name>
            <namespace>http://www.appian.com/ae/types/2009</namespace>
        </type>
        <value>
            <el>
                <a:name>Test Data</a:name>
                <a:ruleInputTestConfigs>
                    <a:value xmlns:xsi="http://www.w3.org/2001/XMLSchema-instance" xsi:type="a:Expression">{&#xD;
  'type!{urn:com:appian:types:UAP}UAP_testScore'(dateTaken: today()-365, testType: "AP36" , score: 564),&#xD;
  'type!{urn:com:appian:types:UAP}UAP_testScore'(dateTaken: today()-365, testType: "GR01" , score: 600),&#xD;
  'type!{urn:com:appian:types:UAP}UAP_testScore'(dateTaken: today()-365, testType: "MWS" , score: 700),&#xD;
  'type!{urn:com:appian:types:UAP}UAP_testScore'(dateTaken: today()-365, testType: "ILTL" , score: 800),&#xD;
  'type!{urn:com:appian:types:UAP}UAP_testScore'(dateTaken: today()-365, testType: "PTEL" , score: 900),&#xD;
  &#xD;
}</a:value>
                    <a:nameRef>testScoreList</a:nameRef>
                    <a:id>1</a:id>
                </a:ruleInputTestConfigs>
                <a:assertions xmlns:xsi="http://www.w3.org/2001/XMLSchema-instance" xsi:nil="true"/>
            </el>
            <el>
                <a:name>Test case 2</a:name>
                <a:ruleInputTestConfigs>
                    <a:value xmlns:xsi="http://www.w3.org/2001/XMLSchema-instance" xsi:type="a:Expression">{&#xD;
  'type!{urn:com:appian:types:UAP}UAP_testScore'(testDate: today()-365, testComponent: "AP36" , testScore: 564),&#xD;
  'type!{urn:com:appian:types:UAP}UAP_testScore'(testDate: today()-365, testComponent: "GR01" , testScore: 600),&#xD;
  'type!{urn:com:appian:types:UAP}UAP_testScore'(testDate: today()-365, testComponent: "MWS" , testScore: 700),&#xD;
  'type!{urn:com:appian:types:UAP}UAP_testScore'(testDate: today()-365, testComponent: "ILTL" , testScore: 800),&#xD;
  'type!{urn:com:appian:types:UAP}UAP_testScore'(testDate: today()-365, testComponent: "PTEL" , testScore: 900),&#xD;
  'type!{urn:com:appian:types:UAP}UAP_testScore'(testDate: today()-365, testComponent: "TFL1" , testScore: 400)&#xD;
}</a:value>
                    <a:nameRef>testScoreList</a:nameRef>
                    <a:id>1</a:id>
                </a:ruleInputTestConfigs>
                <a:assertions xmlns:xsi="http://www.w3.org/2001/XMLSchema-instance" xsi:nil="true"/>
            </el>
            <el>
                <a:name>Unnamed Test Case</a:name>
                <a:ruleInputTestConfigs>
                    <a:value xmlns:xsi="http://www.w3.org/2001/XMLSchema-instance" xsi:type="a:Expression">#"_a-0000def2-cb5b-8000-9ba2-011c48011c48_236897"(uNumber:"U87306751",
pagingInfo:#"SYSTEM_SYSRULES_pagingInfo"(1,5)
)</a:value>
                    <a:nameRef>testScoreList</a:nameRef>
                    <a:id>1</a:id>
                </a:ruleInputTestConfigs>
                <a:assertions xmlns:xsi="http://www.w3.org/2001/XMLSchema-instance" xsi:nil="true"/>
            </el>
            <el>
                <a:name>Unnamed Test Case</a:name>
                <a:ruleInputTestConfigs>
                    <a:nameRef>testScoreList</a:nameRef>
                    <a:id>1</a:id>
                </a:ruleInputTestConfigs>
                <a:assertions xmlns:xsi="http://www.w3.org/2001/XMLSchema-instance" xsi:nil="true"/>
            </el>
            <el>
                <a:name>new data</a:name>
                <a:ruleInputTestConfigs>
                    <a:value xmlns:xsi="http://www.w3.org/2001/XMLSchema-instance" xsi:type="a:Expression">#"_a-0000def2-cb5b-8000-9ba2-011c48011c48_236897"(uNumber:"U06271388")</a:value>
                    <a:nameRef>testScoreList</a:nameRef>
                    <a:id>1</a:id>
                </a:ruleInputTestConfigs>
                <a:assertions xmlns:xsi="http://www.w3.org/2001/XMLSchema-instance" xsi:nil="true"/>
            </el>
        </value>
    </typedValue>
</contentHaul>
