<?xml version="1.0" encoding="UTF-8" standalone="yes"?>
<contentHaul xmlns:a="http://www.appian.com/ae/types/2009">
    <rule>
        <name>UAP_v_getDirectorDashApplication</name>
        <uuid>_a-0000decc-9caf-8000-9ba2-011c48011c48_225732</uuid>
        <description>Retrieves data for the director dashboard view</description>
        <parentUuid>_a-0000deb5-0bcc-8000-9ba2-011c48011c48_218267</parentUuid>
        <visibility>
            <advertise>false</advertise>
            <hierarchy>true</hierarchy>
            <indexable>true</indexable>
            <quota>false</quota>
            <searchable>true</searchable>
            <system>false</system>
            <unlogged>false</unlogged>
        </visibility>
        <definition>with(
  local!queryDatasubset: #"SYSTEM_SYSRULES_queryEntity"(
    entity: #"_a-0000decc-9caf-8000-9ba2-011c48011c48_225743",
    query: #"SYSTEM_SYSRULES_query"(
      pagingInfo: if(
        #"_a-0000d62a-67b3-8000-da6f-010000010000_950"(
          ri!pagingInfo
        ),
        #"SYSTEM_SYSRULES_pagingInfo"(
          startIndex: 1,
          batchSize: - 1,
          sort: #"SYSTEM_SYSRULES_sortInfo"(
            field: "applicationId",
            ascending: true
          )
        ),
        ri!pagingInfo
      ),
      logicalExpression: #"SYSTEM_SYSRULES_queryLogicalExpression"(
        operator: "AND",
        filters: {
          if(
            and(
              isnull(
                ri!applicationId
              ),
              isnull(
                ri!gpa
              ),
              isnull(
                ri!department
              ),
              isnull(
                ri!uNumber
              ),
              isnull(
                ri!major
              ),
              isnull(
                ri!degree
              ),
              isnull(
                ri!deptDecision
              ),
              isnull(
                ri!applicationStatus
              ),
              isnull(
                ri!levelThreeId
              ),
              isnull(
                ri!term
              ),
              isnull(
                ri!name
              ),
              isnull(
                ri!concentration
              ),
              isnull(
                ri!college
              ),
              isnull(
                ri!term
              )
            ),
            if(
              ri!returnAll,
              #"SYSTEM_SYSRULES_queryFilter"(
                field: "applicationId",
                operator: "not null"
              ),
              #"SYSTEM_SYSRULES_queryFilter"(
                field: "applicationId",
                operator: "is null"
              )
            ),
            {
              if(
                isnull(
                  ri!uNumber
                ),
                {},
                #"SYSTEM_SYSRULES_queryFilter"(
                  field: "uNumber",
                  operator: "=",
                  value: ri!uNumber
                )
              ),
              if(
                isnull(
                  ri!applicationId
                ),
                {},
                #"SYSTEM_SYSRULES_queryFilter"(
                  field: "applicationId",
                  operator: "=",
                  value: ri!applicationId
                )
              ),
              if(
                isnull(
                  ri!department
                ),
                {},
                #"SYSTEM_SYSRULES_queryFilter"(
                  field: "department",
                  operator: "=",
                  value: ri!department
                )
              ),
              if(
                isnull(
                  ri!major
                ),
                {},
                #"SYSTEM_SYSRULES_queryFilter"(
                  field: "major",
                  operator: "=",
                  value: ri!major
                )
              ),
              if(
                isnull(
                  ri!term
                ),
                {},
                #"SYSTEM_SYSRULES_queryFilter"(
                  field: "term",
                  operator: "=",
                  value: ri!term
                )
              ),
              if(
                isnull(
                  ri!levelThreeId
                ),
                {},
                #"SYSTEM_SYSRULES_queryFilter"(
                  field: "levelThreeId",
                  operator: "in",
                  value: ri!levelThreeId
                )
              ),
              if(
                isnull(
                  ri!concentration
                ),
                {},
                #"SYSTEM_SYSRULES_queryFilter"(
                  field: "concentration",
                  operator: "=",
                  value: ri!concentration
                )
              ),
              if(
                isnull(
                  ri!applicationStatus
                ),
                {},
                #"SYSTEM_SYSRULES_queryFilter"(
                  field: "status",
                  operator: "includes",
                  value: ri!applicationStatus
                )
              ),
              if(
                isnull(
                  ri!deptDecision
                ),
                {},
                #"SYSTEM_SYSRULES_queryFilter"(
                  field: if(
                    isusermemberofgroup(
                      loggedinuser(),
                      #"_a-0000deb5-0bcc-8000-9ba2-011c48011c48_219197"
                    ),
                    "deptDecision",
                    "finalDecision"
                  ),
                  operator: if(
                    ri!deptDecision = "Decisioned",
                    "not null",
                    "is null"
                  )
                )
              ),
              if(
                isnull(
                  ri!gpa
                ),
                {},
                #"SYSTEM_SYSRULES_queryFilter"(
                  field: "gpa",
                  operator: "between",
                  value: if(
                    ri!gpa = 1,
                    {
                      3.5,
                      10
                    },
                    if(
                      ri!gpa = 2,
                      {
                        3.0,
                        3.5
                      },
                      {
                        0.0,
                        3.0
                      }
                    )
                  )
                )
              ),
              if(
                isnull(
                  ri!name
                ),
                {},
                #"SYSTEM_SYSRULES_queryFilter"(
                  field: "name",
                  operator: "includes",
                  value: ri!name
                )
              ),
              if(
                isnull(
                  ri!degree
                ),
                {},
                #"SYSTEM_SYSRULES_queryFilter"(
                  field: "degree",
                  operator: "=",
                  value: ri!degree
                )
              ),
              if(
                isnull(
                  ri!college
                ),
                {},
                #"SYSTEM_SYSRULES_queryFilter"(
                  field: "college",
                  operator: "=",
                  value: ri!college
                )
              ),
              if(
                isnull(
                  ri!term
                ),
                {},
                #"SYSTEM_SYSRULES_queryFilter"(
                  field: "term",
                  operator: "=",
                  value: ri!term
                )
              )
            }
          )
        }
      )
    )
  ),
  if(
    ri!returnCdt,
    cast(
      typeof(
        {
          'type!{urn:com:appian:types:UAP}UAP_v_directorDashApplication'()
        }
      ),
      local!queryDatasubset.data
    ),
    local!queryDatasubset
  )
)</definition>
        <namedTypedValue>
            <name>pagingInfo</name>
            <type>
                <name>PagingInfo</name>
                <namespace>http://www.appian.com/ae/types/2009</namespace>
            </type>
        </namedTypedValue>
        <namedTypedValue>
            <name>returnAll</name>
            <type>
                <name>boolean</name>
                <namespace>http://www.w3.org/2001/XMLSchema</namespace>
            </type>
        </namedTypedValue>
        <namedTypedValue>
            <name>returnCdt</name>
            <type>
                <name>boolean</name>
                <namespace>http://www.w3.org/2001/XMLSchema</namespace>
            </type>
        </namedTypedValue>
        <namedTypedValue>
            <name>applicationId</name>
            <type>
                <name>int</name>
                <namespace>http://www.w3.org/2001/XMLSchema</namespace>
            </type>
        </namedTypedValue>
        <namedTypedValue>
            <name>gpa</name>
            <type>
                <name>double</name>
                <namespace>http://www.w3.org/2001/XMLSchema</namespace>
            </type>
        </namedTypedValue>
        <namedTypedValue>
            <name>department</name>
            <type>
                <name>string</name>
                <namespace>http://www.w3.org/2001/XMLSchema</namespace>
            </type>
            <value/>
        </namedTypedValue>
        <namedTypedValue>
            <name>major</name>
            <type>
                <name>string</name>
                <namespace>http://www.w3.org/2001/XMLSchema</namespace>
            </type>
            <value/>
        </namedTypedValue>
        <namedTypedValue>
            <name>degree</name>
            <type>
                <name>string</name>
                <namespace>http://www.w3.org/2001/XMLSchema</namespace>
            </type>
            <value/>
        </namedTypedValue>
        <namedTypedValue>
            <name>deptDecision</name>
            <type>
                <name>string</name>
                <namespace>http://www.w3.org/2001/XMLSchema</namespace>
            </type>
            <value/>
        </namedTypedValue>
        <namedTypedValue>
            <name>applicationStatus</name>
            <type>
                <name>string</name>
                <namespace>http://www.w3.org/2001/XMLSchema</namespace>
            </type>
            <value/>
        </namedTypedValue>
        <namedTypedValue>
            <name>term</name>
            <type>
                <name>string</name>
                <namespace>http://www.w3.org/2001/XMLSchema</namespace>
            </type>
            <value/>
        </namedTypedValue>
        <namedTypedValue>
            <name>levelThreeId</name>
            <type>
                <name>Integer?list</name>
                <namespace>http://www.appian.com/ae/types/2009</namespace>
            </type>
        </namedTypedValue>
        <namedTypedValue>
            <name>uNumber</name>
            <type>
                <name>string</name>
                <namespace>http://www.w3.org/2001/XMLSchema</namespace>
            </type>
            <value/>
        </namedTypedValue>
        <namedTypedValue>
            <name>name</name>
            <type>
                <name>string</name>
                <namespace>http://www.w3.org/2001/XMLSchema</namespace>
            </type>
            <value/>
        </namedTypedValue>
        <namedTypedValue>
            <name>concentration</name>
            <type>
                <name>string</name>
                <namespace>http://www.w3.org/2001/XMLSchema</namespace>
            </type>
            <value/>
        </namedTypedValue>
        <namedTypedValue>
            <name>college</name>
            <type>
                <name>string</name>
                <namespace>http://www.w3.org/2001/XMLSchema</namespace>
            </type>
            <value/>
        </namedTypedValue>
        <preferredEditor>legacy</preferredEditor>
        <offlineEnabled>false</offlineEnabled>
    </rule>
    <roleMap public="true">
        <role inherit="true" allowForAll="false" name="readers">
            <users/>
            <groups/>
        </role>
        <role inherit="true" allowForAll="false" name="authors">
            <users/>
            <groups/>
        </role>
        <role inherit="true" allowForAll="false" name="administrators">
            <users/>
            <groups/>
        </role>
        <role inherit="false" allowForAll="false" name="denyReaders">
            <users/>
            <groups/>
        </role>
        <role inherit="false" allowForAll="false" name="denyAuthors">
            <users/>
            <groups/>
        </role>
        <role inherit="false" allowForAll="false" name="denyAdministrators">
            <users/>
            <groups/>
        </role>
    </roleMap>
    <typedValue>
        <type>
            <name>RuleTestConfig?list</name>
            <namespace>http://www.appian.com/ae/types/2009</namespace>
        </type>
        <value>
            <el>
                <a:name>Unnamed Test Case</a:name>
                <a:ruleInputTestConfigs>
                    <a:value xmlns:xsi="http://www.w3.org/2001/XMLSchema-instance" xsi:type="a:Expression">#"SYSTEM_SYSRULES_pagingInfo"(&#xD;
          startIndex: 1,&#xD;
          batchSize: 10,&#xD;
          sort: #"SYSTEM_SYSRULES_sortInfo"(&#xD;
            field: "appSubmittedOn",&#xD;
            ascending: true&#xD;
          )&#xD;
        )</a:value>
                    <a:nameRef>pagingInfo</a:nameRef>
                    <a:id>1</a:id>
                </a:ruleInputTestConfigs>
                <a:ruleInputTestConfigs>
                    <a:value xmlns:xsd="http://www.w3.org/2001/XMLSchema" xmlns:xsi="http://www.w3.org/2001/XMLSchema-instance" xsi:nil="true" xsi:type="xsd:boolean"/>
                    <a:nameRef>returnAll</a:nameRef>
                    <a:id>2</a:id>
                </a:ruleInputTestConfigs>
                <a:ruleInputTestConfigs>
                    <a:value xmlns:xsd="http://www.w3.org/2001/XMLSchema" xmlns:xsi="http://www.w3.org/2001/XMLSchema-instance" xsi:nil="true" xsi:type="xsd:boolean"/>
                    <a:nameRef>returnCdt</a:nameRef>
                    <a:id>3</a:id>
                </a:ruleInputTestConfigs>
                <a:ruleInputTestConfigs>
                    <a:value xmlns:xsd="http://www.w3.org/2001/XMLSchema" xmlns:xsi="http://www.w3.org/2001/XMLSchema-instance" xsi:nil="true" xsi:type="xsd:int"/>
                    <a:nameRef>applicationId</a:nameRef>
                    <a:id>4</a:id>
                </a:ruleInputTestConfigs>
                <a:ruleInputTestConfigs>
                    <a:value xmlns:xsd="http://www.w3.org/2001/XMLSchema" xmlns:xsi="http://www.w3.org/2001/XMLSchema-instance" xsi:nil="true" xsi:type="xsd:double"/>
                    <a:nameRef>gpa</a:nameRef>
                    <a:id>5</a:id>
                </a:ruleInputTestConfigs>
                <a:ruleInputTestConfigs>
                    <a:value xmlns:xsd="http://www.w3.org/2001/XMLSchema" xmlns:xsi="http://www.w3.org/2001/XMLSchema-instance" xsi:type="xsd:string"/>
                    <a:nameRef>department</a:nameRef>
                    <a:id>6</a:id>
                </a:ruleInputTestConfigs>
                <a:ruleInputTestConfigs>
                    <a:value xmlns:xsd="http://www.w3.org/2001/XMLSchema" xmlns:xsi="http://www.w3.org/2001/XMLSchema-instance" xsi:type="xsd:string"/>
                    <a:nameRef>major</a:nameRef>
                    <a:id>7</a:id>
                </a:ruleInputTestConfigs>
                <a:ruleInputTestConfigs>
                    <a:value xmlns:xsd="http://www.w3.org/2001/XMLSchema" xmlns:xsi="http://www.w3.org/2001/XMLSchema-instance" xsi:type="xsd:string"/>
                    <a:nameRef>degree</a:nameRef>
                    <a:id>8</a:id>
                </a:ruleInputTestConfigs>
                <a:ruleInputTestConfigs>
                    <a:value xmlns:xsd="http://www.w3.org/2001/XMLSchema" xmlns:xsi="http://www.w3.org/2001/XMLSchema-instance" xsi:type="xsd:string"/>
                    <a:nameRef>deptDecision</a:nameRef>
                    <a:id>9</a:id>
                </a:ruleInputTestConfigs>
                <a:ruleInputTestConfigs>
                    <a:value xmlns:xsd="http://www.w3.org/2001/XMLSchema" xmlns:xsi="http://www.w3.org/2001/XMLSchema-instance" xsi:type="xsd:string">Director Review</a:value>
                    <a:nameRef>applicationStatus</a:nameRef>
                    <a:id>10</a:id>
                </a:ruleInputTestConfigs>
                <a:ruleInputTestConfigs>
                    <a:value xmlns:xsd="http://www.w3.org/2001/XMLSchema" xmlns:xsi="http://www.w3.org/2001/XMLSchema-instance" xsi:type="xsd:string">Fall 2017</a:value>
                    <a:nameRef>term</a:nameRef>
                    <a:id>11</a:id>
                </a:ruleInputTestConfigs>
                <a:ruleInputTestConfigs>
                    <a:value xmlns:xsi="http://www.w3.org/2001/XMLSchema-instance" xsi:type="a:Expression">{1,2,3,4,5,6,7,8,9,10}</a:value>
                    <a:nameRef>levelThreeId</a:nameRef>
                    <a:id>12</a:id>
                </a:ruleInputTestConfigs>
                <a:ruleInputTestConfigs>
                    <a:value xmlns:xsi="http://www.w3.org/2001/XMLSchema-instance" xsi:nil="true"/>
                    <a:nameRef>uNumber</a:nameRef>
                    <a:id>13</a:id>
                </a:ruleInputTestConfigs>
                <a:ruleInputTestConfigs>
                    <a:value xmlns:xsi="http://www.w3.org/2001/XMLSchema-instance" xsi:nil="true"/>
                    <a:nameRef>name</a:nameRef>
                    <a:id>14</a:id>
                </a:ruleInputTestConfigs>
                <a:ruleInputTestConfigs>
                    <a:value xmlns:xsi="http://www.w3.org/2001/XMLSchema-instance" xsi:nil="true"/>
                    <a:nameRef>concentration</a:nameRef>
                    <a:id>15</a:id>
                </a:ruleInputTestConfigs>
                <a:ruleInputTestConfigs>
                    <a:value xmlns:xsi="http://www.w3.org/2001/XMLSchema-instance" xsi:nil="true"/>
                    <a:nameRef>college</a:nameRef>
                    <a:id>16</a:id>
                </a:ruleInputTestConfigs>
                <a:assertions xmlns:xsi="http://www.w3.org/2001/XMLSchema-instance" xsi:nil="true"/>
            </el>
        </value>
    </typedValue>
</contentHaul>
