<?xml version="1.0" encoding="UTF-8" standalone="yes"?>
<contentHaul xmlns:a="http://www.appian.com/ae/types/2009">
    <rule>
        <name>UAP_returnMilestoneTerms</name>
        <uuid>_a-0000def2-cb5b-8000-9ba2-011c48011c48_238550</uuid>
        <description>Returns the terms for the Milestone Duration report</description>
        <parentUuid>_a-0000deb5-0bcc-8000-9ba2-011c48011c48_218267</parentUuid>
        <visibility>
            <advertise>false</advertise>
            <hierarchy>true</hierarchy>
            <indexable>true</indexable>
            <quota>false</quota>
            <searchable>true</searchable>
            <system>false</system>
            <unlogged>false</unlogged>
        </visibility>
        <definition>load(
  local!today: today(),
  /*date(*/
  /*  2016,*/
  /*  10,*/
  /*  11*/
  /*),*/
  /*Return the next three years*/
  local!years: tointeger(
    repeat(
      3,
      year(
        today()
      ) - 1
    ),
    repeat(
      3,
      year(
        today()
      )
    ),
    repeat(
      3,
      year(
        today()
      ) + 1
    )
  ),
  /*Create array of three start of term months*/
  local!months: {
    1,
    5,
    8,
    1,
    5,
    8,
    1,
    5,
    8
  },
  local!days: repeat(
    9,
    1
  ),
  /*Create next 6 terms array of in format MM/YYYY*/
  local!termDates: apply(
    fn!date,
    merge(
      local!years,
      local!months,
      local!days
    )
  ),
  local!termLabels: /*insert(*/
  /*Create labels for each term*/
  apply(
    #"_a-0000dee0-8e2c-8000-9ba2-011c48011c48_232092"(
      date: _
    ),
    local!termDates
  ),
  local!termLabels
)</definition>
        <preferredEditor>legacy</preferredEditor>
        <offlineEnabled>false</offlineEnabled>
    </rule>
    <roleMap public="true">
        <role inherit="true" allowForAll="false" name="readers">
            <users/>
            <groups/>
        </role>
        <role inherit="true" allowForAll="false" name="authors">
            <users/>
            <groups/>
        </role>
        <role inherit="true" allowForAll="false" name="administrators">
            <users/>
            <groups/>
        </role>
        <role inherit="false" allowForAll="false" name="denyReaders">
            <users/>
            <groups/>
        </role>
        <role inherit="false" allowForAll="false" name="denyAuthors">
            <users/>
            <groups/>
        </role>
        <role inherit="false" allowForAll="false" name="denyAdministrators">
            <users/>
            <groups/>
        </role>
    </roleMap>
</contentHaul>
