<?xml version="1.0" encoding="UTF-8" standalone="yes"?>
<contentHaul xmlns:a="http://www.appian.com/ae/types/2009">
    <rule>
        <name>UAP_pg_notes</name>
        <uuid>_a-0000deb5-0bcc-8000-9ba2-011c48011c48_218691</uuid>
        <description>Paging grid for the users to enter the notes for an application</description>
        <parentUuid>_a-0000deb5-0bcc-8000-9ba2-011c48011c48_218266</parentUuid>
        <visibility>
            <advertise>false</advertise>
            <hierarchy>true</hierarchy>
            <indexable>true</indexable>
            <quota>false</quota>
            <searchable>true</searchable>
            <system>false</system>
            <unlogged>false</unlogged>
        </visibility>
        <definition>load(&#xD;
  local!pagingInfo: if(&#xD;
    isnull(&#xD;
      ri!pagingInfo&#xD;
    ),&#xD;
    #"SYSTEM_SYSRULES_pagingInfo"(&#xD;
      startIndex: 1,&#xD;
      batchSize: -1&#xD;
    ),&#xD;
    ri!pagingInfo&#xD;
  ),&#xD;
  if(&#xD;
  ri!notesDatasubset.totalCount = 0,&#xD;
  #"SYSTEM_SYSRULES_textField"(&#xD;
    value: "No notes available",&#xD;
    readOnly: true&#xD;
  ),&#xD;
      #"SYSTEM_SYSRULES_gridField"(&#xD;
        label: "",&#xD;
        totalCount: index(ri!notesDatasubset, "totalCount", 1),&#xD;
        emptyGridMessage: "Grid empty, no notes available",&#xD;
          columns: {&#xD;
          /*a!gridTextColumn(*/&#xD;
          /*  label: "Note ID",*/&#xD;
          /*  field: "noteId",*/&#xD;
          /*  data: index(ri!notesDatasubset.data, "noteId",null),*/&#xD;
          /*  alignment: "LEFT"*/&#xD;
          /*),*/&#xD;
          #"SYSTEM_SYSRULES_gridTextColumn"(&#xD;
            label: "Note",&#xD;
            field: "note",&#xD;
            data: index(ri!notesDatasubset.data, "note",null),&#xD;
            alignment: "LEFT"&#xD;
          ),&#xD;
          #"SYSTEM_SYSRULES_gridTextColumn"(&#xD;
            label: "Created On",&#xD;
            field: "createdOn",&#xD;
            data: &#xD;
            apply(&#xD;
              text(&#xD;
                _,&#xD;
                "MM/DD/YYYY"&#xD;
              ),&#xD;
             index(ri!notesDatasubset.data, "createdOn",{})&#xD;
            ),&#xD;
          alignment: "LEFT"&#xD;
          ),&#xD;
          /*Creaated By*/&#xD;
          #"SYSTEM_SYSRULES_gridTextColumn"(&#xD;
            label: "Created By",&#xD;
            field: "createdBy",&#xD;
            data: apply(&#xD;
              #"_a-0000d690-12fb-8000-0f1a-010000010000_1352"(&#xD;
                user: _&#xD;
              ),&#xD;
              index(&#xD;
                ri!notesDatasubset.data,&#xD;
                "createdBy",&#xD;
                {}&#xD;
              )&#xD;
            ),&#xD;
            alignment: "LEFT",&#xD;
            links: apply(&#xD;
              #"SYSTEM_SYSRULES_userRecordLink"(&#xD;
                label: _,&#xD;
                user: _&#xD;
              ),&#xD;
              merge(&#xD;
                apply(&#xD;
                  #"_a-0000d690-12fb-8000-0f1a-010000010000_1352"(&#xD;
                  user: _&#xD;
                  ),&#xD;
              index(&#xD;
                ri!notesDatasubset.data,&#xD;
                "createdBy",&#xD;
              {}&#xD;
                  )&#xD;
                ),&#xD;
              index(&#xD;
                ri!notesDatasubset.data,&#xD;
                "createdBy",&#xD;
                 {}&#xD;
                )&#xD;
              )&#xD;
            )&#xD;
          )&#xD;
           },&#xD;
           value: local!pagingInfo,&#xD;
           saveInto: {&#xD;
             local!pagingInfo,&#xD;
             ri!pagingInfo,&#xD;
             a!save(ri!notesDatasubset, #"_a-0000deb5-0bcc-8000-9ba2-011c48011c48_218900"(&#xD;
               pagingInfo: ri!pagingInfo,&#xD;
               applicationId: ri!applicationId&#xD;
             ))&#xD;
           }&#xD;
        &#xD;
     ))&#xD;
  )</definition>
        <namedTypedValue>
            <name>pagingInfo</name>
            <type>
                <name>PagingInfo</name>
                <namespace>http://www.appian.com/ae/types/2009</namespace>
            </type>
        </namedTypedValue>
        <namedTypedValue>
            <name>notesDatasubset</name>
            <type>
                <name>DataSubset</name>
                <namespace>http://www.appian.com/ae/types/2009</namespace>
            </type>
        </namedTypedValue>
        <namedTypedValue>
            <name>applicationId</name>
            <type>
                <name>int</name>
                <namespace>http://www.w3.org/2001/XMLSchema</namespace>
            </type>
        </namedTypedValue>
        <metadataExpr></metadataExpr>
        <preferredEditor>interface</preferredEditor>
        <offlineEnabled>false</offlineEnabled>
    </rule>
    <roleMap public="true">
        <role inherit="true" allowForAll="false" name="readers">
            <users/>
            <groups/>
        </role>
        <role inherit="true" allowForAll="false" name="authors">
            <users/>
            <groups/>
        </role>
        <role inherit="true" allowForAll="false" name="administrators">
            <users/>
            <groups/>
        </role>
        <role inherit="false" allowForAll="false" name="denyReaders">
            <users/>
            <groups/>
        </role>
        <role inherit="false" allowForAll="false" name="denyAuthors">
            <users/>
            <groups/>
        </role>
        <role inherit="false" allowForAll="false" name="denyAdministrators">
            <users/>
            <groups/>
        </role>
    </roleMap>
    <typedValue>
        <type>
            <name>RuleTestConfig?list</name>
            <namespace>http://www.appian.com/ae/types/2009</namespace>
        </type>
        <value>
            <el>
                <a:name/>
                <a:ruleInputTestConfigs>
                    <a:value xmlns:xsi="http://www.w3.org/2001/XMLSchema-instance" xsi:nil="true" xsi:type="a:PagingInfo"/>
                    <a:nameRef>pagingInfo</a:nameRef>
                    <a:id/>
                </a:ruleInputTestConfigs>
                <a:ruleInputTestConfigs>
                    <a:value xmlns:xsi="http://www.w3.org/2001/XMLSchema-instance" xsi:type="a:Expression">#"_a-0000deb5-0bcc-8000-9ba2-011c48011c48_218900"(
  pagingInfo: #"SYSTEM_SYSRULES_pagingInfo"(1,-1)
)</a:value>
                    <a:nameRef>notesDatasubset</a:nameRef>
                    <a:id/>
                </a:ruleInputTestConfigs>
                <a:ruleInputTestConfigs>
                    <a:value xmlns:xsd="http://www.w3.org/2001/XMLSchema" xmlns:xsi="http://www.w3.org/2001/XMLSchema-instance" xsi:nil="true" xsi:type="xsd:int"/>
                    <a:nameRef>applicationId</a:nameRef>
                    <a:id/>
                </a:ruleInputTestConfigs>
                <a:assertions xmlns:xsi="http://www.w3.org/2001/XMLSchema-instance" xsi:nil="true"/>
            </el>
        </value>
    </typedValue>
</contentHaul>
