<?xml version="1.0" encoding="UTF-8" standalone="yes"?>
<contentHaul xmlns:a="http://www.appian.com/ae/types/2009">
    <rule>
        <name>UAP_f_unmappedApplications</name>
        <uuid>_a-0000deef-1613-8000-9ba2-011c48011c48_233393</uuid>
        <description>A "Baggage Claim" interface that displays information about applications that aren't mapping to a program</description>
        <parentUuid>_a-0000deb5-0bcc-8000-9ba2-011c48011c48_218266</parentUuid>
        <visibility>
            <advertise>false</advertise>
            <hierarchy>true</hierarchy>
            <indexable>true</indexable>
            <quota>false</quota>
            <searchable>true</searchable>
            <system>false</system>
            <unlogged>false</unlogged>
        </visibility>
        <definition>load
(
  local!pagingInfo:
  #"SYSTEM_SYSRULES_pagingInfo"
  (
    startIndex: 1,
    batchSize: 5,
    sort:
    #"SYSTEM_SYSRULES_sortInfo"
    (
      field: "applicationNumber",
      ascending: true
    )
  ),
  
  local!unmappedDatasubset:
  #"_a-0000deb5-0bcc-8000-9ba2-011c48011c48_219299"
  (
    pagingInfo: local!pagingInfo,
    returnUnmapped: true
  ),
  #"SYSTEM_SYSRULES_formLayout"
  (
    label: "Unmapped Applications",
    instructions: #"_a-0000deef-1613-8000-9ba2-011c48011c48_233435",
    firstColumnContents:
    {
      #"SYSTEM_SYSRULES_gridField"
      (
        totalCount: local!unmappedDatasubset.totalCount,
        identifiers: index(local!unmappedDatasubset.data, "applicationId", {}),
        value: local!pagingInfo,
        columns:
        {
          #"SYSTEM_SYSRULES_gridTextColumn"
          (
            label: "Application Number",
            field: "applicationNumber",
            data:local!unmappedDatasubset.data.applicationNumber
          ),
          #"SYSTEM_SYSRULES_gridTextColumn"
          (
            label: "Term",
            field: "term",
            data:local!unmappedDatasubset.data.term
          ),
          #"SYSTEM_SYSRULES_gridTextColumn"
          (
            label: #"_a-0000deef-1613-8000-9ba2-011c48011c48_233432",
            field: "uNumber",
            data:local!unmappedDatasubset.data.uNumber
          ),
          #"SYSTEM_SYSRULES_gridTextColumn"
          (
            label: "College Code",
            field: "college",
            data:local!unmappedDatasubset.data.college
          ),
          #"SYSTEM_SYSRULES_gridTextColumn"
          (
            label: "Major Code",
            field: "majorCode",
            data:local!unmappedDatasubset.data.majorCode
          ),
          #"SYSTEM_SYSRULES_gridTextColumn"
          (
            label: "Concentration Code",
            field: "concentrationCode",
            data:local!unmappedDatasubset.data.concentrationCode
          ),
          #"SYSTEM_SYSRULES_gridTextColumn"
          (
            label: "Degree Code",
            field: "degree",
            data:local!unmappedDatasubset.data.degree
          )
        },
        saveInto:
        {
          local!pagingInfo,
          a!save
          (
            local!unmappedDatasubset,
            #"_a-0000deb5-0bcc-8000-9ba2-011c48011c48_219299"
            (
              pagingInfo: local!pagingInfo,
              returnUnmapped: true
            )
          )
        }
      )
    },
    buttons:
    {
      #"SYSTEM_SYSRULES_ButtonLayout"
      (
        primaryButtons:
        {
          /*a!buttonWidgetSubmit*/
          /*(*/
          /*  label: "Fix Later",*/
          /*  value: "Fix Later",*/
          /*  saveInto:*/
          /*  {*/
          /*    ri!btnValue*/
          /*  }*/
          /*),*/
          #"SYSTEM_SYSRULES_ButtonWidgetSubmit"
          (
            label: #"_a-0000deb5-0bcc-8000-9ba2-011c48011c48_219126",
            value: #"_a-0000deb5-0bcc-8000-9ba2-011c48011c48_219126",
            style: "PRIMARY",
            saveInto:
            {
              ri!btnValue
            }
          )
        }
      )
    }
  )
)</definition>
        <namedTypedValue>
            <name>btnValue</name>
            <type>
                <name>string</name>
                <namespace>http://www.w3.org/2001/XMLSchema</namespace>
            </type>
            <value/>
        </namedTypedValue>
        <metadataExpr></metadataExpr>
        <preferredEditor>interface</preferredEditor>
        <offlineEnabled>false</offlineEnabled>
    </rule>
    <roleMap public="true">
        <role inherit="true" allowForAll="false" name="readers">
            <users/>
            <groups/>
        </role>
        <role inherit="true" allowForAll="false" name="authors">
            <users/>
            <groups/>
        </role>
        <role inherit="true" allowForAll="false" name="administrators">
            <users/>
            <groups/>
        </role>
        <role inherit="false" allowForAll="false" name="denyReaders">
            <users/>
            <groups/>
        </role>
        <role inherit="false" allowForAll="false" name="denyAuthors">
            <users/>
            <groups/>
        </role>
        <role inherit="false" allowForAll="false" name="denyAdministrators">
            <users/>
            <groups/>
        </role>
    </roleMap>
</contentHaul>
