<?xml version="1.0" encoding="UTF-8" standalone="yes"?>
<contentHaul xmlns:a="http://www.appian.com/ae/types/2009">
    <rule>
        <name>UAP_displayPossibleTermsForTermChange</name>
        <uuid>_a-0000df16-9c51-8000-9ba2-011c48011c48_252404</uuid>
        <description>Rule that displays the possible terms available for term changes depending on an application's original term</description>
        <parentUuid>_a-0000deb5-0bcc-8000-9ba2-011c48011c48_218267</parentUuid>
        <visibility>
            <advertise>false</advertise>
            <hierarchy>true</hierarchy>
            <indexable>true</indexable>
            <quota>false</quota>
            <searchable>true</searchable>
            <system>false</system>
            <unlogged>false</unlogged>
        </visibility>
        <definition>load(
  local!nextThreeTermsList: insert(
    insert(
      apply(
        #"_a-0000def2-cb5b-8000-9ba2-011c48011c48_238318"(
          inputTerm: _
        ),
        #"_a-0000df16-9c51-8000-9ba2-011c48011c48_252200"(
          term: ri!term
        )
      ),
      ri!term,
      1
    ),
    #"_a-0000def2-cb5b-8000-9ba2-011c48011c48_238956"(),
    1
  ),
  local!currentTermAsDate: #"_a-0000df16-9c51-8000-9ba2-011c48011c48_252365"(
    inputTerm: #"_a-0000df16-9c51-8000-9ba2-011c48011c48_252383"()
  ),
  local!nextTermAsDate: #"_a-0000df16-9c51-8000-9ba2-011c48011c48_252365"(
    inputTerm: #"_a-0000def2-cb5b-8000-9ba2-011c48011c48_238956"()
  ),
  local!applicationTermAsDate: #"_a-0000df16-9c51-8000-9ba2-011c48011c48_252365"(
    inputTerm: ri!term
  ),
  local!termList: if(
    toInteger(
      local!nextTermAsDate - local!applicationTermAsDate
    ) &gt; 366,
    {},
    insert(
      local!nextThreeTermsList,
      #"_a-0000def2-cb5b-8000-9ba2-011c48011c48_238956"(),
      1
    )
  ),
  local!termListPostReject: apply(
    #"_a-0000def2-cb5b-8000-9ba2-011c48011c48_238318"(
      _
    ),
    apply(
      #"_a-0000dee0-8e2c-8000-9ba2-011c48011c48_232092"(
        _
      ),
      reject(
        fn!isnull,
        apply(
          #"_a-0000df0b-4b17-8000-9ba2-011c48011c48_248628"(
            _
          ),
          apply(
            #"_a-0000df16-9c51-8000-9ba2-011c48011c48_252365"(
              _
            ),
            local!termList
          )
        )
      )
    )
  ),
  if(
    local!nextTermAsDate = local!applicationTermAsDate,
    union(
      local!termList,
      local!termList
    ),
    if(
      local!nextTermAsDate &lt; local!applicationTermAsDate,
      union(
          local!termList,
          apply(
            #"_a-0000def2-cb5b-8000-9ba2-011c48011c48_238318"(
              _
            ),
            #"_a-0000df16-9c51-8000-9ba2-011c48011c48_252446"(
              term: #"_a-0000def2-cb5b-8000-9ba2-011c48011c48_238956"()
            )
        ),
        append(
          local!termList,
          apply(
            #"_a-0000def2-cb5b-8000-9ba2-011c48011c48_238318"(
              _
            ),
            #"_a-0000df16-9c51-8000-9ba2-011c48011c48_252446"(
              term: #"_a-0000def2-cb5b-8000-9ba2-011c48011c48_238956"()
            )
          )
        )
      ),
      if(
        local!nextTermAsDate &gt; local!applicationTermAsDate,
        union(
          local!termListPostReject,
          local!termListPostReject
        ),
        union(
          local!termList,
          local!termList
        )
      )
    )
  )
)
</definition>
        <namedTypedValue>
            <name>term</name>
            <type>
                <name>string</name>
                <namespace>http://www.w3.org/2001/XMLSchema</namespace>
            </type>
            <value/>
        </namedTypedValue>
        <preferredEditor>legacy</preferredEditor>
        <offlineEnabled>false</offlineEnabled>
    </rule>
    <roleMap public="true">
        <role inherit="true" allowForAll="false" name="readers">
            <users/>
            <groups/>
        </role>
        <role inherit="true" allowForAll="false" name="authors">
            <users/>
            <groups/>
        </role>
        <role inherit="true" allowForAll="false" name="administrators">
            <users/>
            <groups/>
        </role>
        <role inherit="false" allowForAll="false" name="denyReaders">
            <users/>
            <groups/>
        </role>
        <role inherit="false" allowForAll="false" name="denyAuthors">
            <users/>
            <groups/>
        </role>
        <role inherit="false" allowForAll="false" name="denyAdministrators">
            <users/>
            <groups/>
        </role>
    </roleMap>
</contentHaul>
