<?xml version="1.0" encoding="UTF-8" standalone="yes"?>
<contentHaul xmlns:a="http://www.appian.com/ae/types/2009">
    <rule>
        <name>UAP_displayConductIcon</name>
        <uuid>_a-0000dee0-8e2c-8000-9ba2-011c48011c48_232571</uuid>
        <description>displays the conduct icon</description>
        <parentUuid>_a-0000deb5-0bcc-8000-9ba2-011c48011c48_218267</parentUuid>
        <visibility>
            <advertise>false</advertise>
            <hierarchy>true</hierarchy>
            <indexable>true</indexable>
            <quota>false</quota>
            <searchable>true</searchable>
            <system>false</system>
            <unlogged>false</unlogged>
        </visibility>
        <definition>if(&#xD;
  ri!boolean,&#xD;
  #"SYSTEM_SYSRULES_documentImage"(&#xD;
    document: #"SYSTEM_SYSRULES_iconIndicator"(&#xD;
      "STATUS_OK"&#xD;
    ),&#xD;
    caption: "None"&#xD;
  ),&#xD;
  #"SYSTEM_SYSRULES_documentImage"(&#xD;
    document: #"SYSTEM_SYSRULES_iconIndicator"(&#xD;
      "STATUS_NOTDONE"&#xD;
    ),&#xD;
    caption: "On Hold"&#xD;
  )&#xD;
)</definition>
        <namedTypedValue>
            <name>boolean</name>
            <type>
                <name>boolean</name>
                <namespace>http://www.w3.org/2001/XMLSchema</namespace>
            </type>
        </namedTypedValue>
        <preferredEditor>legacy</preferredEditor>
        <offlineEnabled>false</offlineEnabled>
    </rule>
    <roleMap public="true">
        <role inherit="true" allowForAll="false" name="readers">
            <users/>
            <groups/>
        </role>
        <role inherit="true" allowForAll="false" name="authors">
            <users/>
            <groups/>
        </role>
        <role inherit="true" allowForAll="false" name="administrators">
            <users/>
            <groups/>
        </role>
        <role inherit="false" allowForAll="false" name="denyReaders">
            <users/>
            <groups/>
        </role>
        <role inherit="false" allowForAll="false" name="denyAuthors">
            <users/>
            <groups/>
        </role>
        <role inherit="false" allowForAll="false" name="denyAdministrators">
            <users/>
            <groups/>
        </role>
    </roleMap>
</contentHaul>
