<?xml version="1.0" encoding="UTF-8" standalone="yes"?>
<contentHaul xmlns:a="http://www.appian.com/ae/types/2009">
    <rule>
        <name>UAP_s_mergedDocsDownloadLinks</name>
        <uuid>_a-0000df16-9c51-8000-9ba2-011c48011c48_253069</uuid>
        <description>Shows the links for the merged documents</description>
        <parentUuid>_a-0000deb5-0bcc-8000-9ba2-011c48011c48_218266</parentUuid>
        <visibility>
            <advertise>false</advertise>
            <hierarchy>true</hierarchy>
            <indexable>true</indexable>
            <quota>false</quota>
            <searchable>true</searchable>
            <system>false</system>
            <unlogged>false</unlogged>
        </visibility>
        <definition>if
(
  and
  (
    #"_a-0000d62a-67b3-8000-da6f-010000010000_950"(ri!mergedDocument),
    #"_a-0000d62a-67b3-8000-da6f-010000010000_950"(ri!otherZip)
  ),
  {},
  #"SYSTEM_SYSRULES_sectionLayout_v1"
  (
    label: ri!label,
    contents:
    {
      #"SYSTEM_SYSRULES_columnsLayout"
      (
        columns:
        {
          #"SYSTEM_SYSRULES_columnLayout"
          (
            contents:
            if
            (
              #"_a-0000d62a-67b3-8000-da6f-010000010000_950"(ri!mergedDocument),
              
              #"SYSTEM_SYSRULES_richTextDisplayField"
              (
                align: "CENTER",
                value:
                {
                  #"SYSTEM_SYSRULES_richTextImage"
                  (
                    #"SYSTEM_SYSRULES_documentImage"
                    (
                      document:
                      #"SYSTEM_SYSRULES_iconIndicator"
                      (
                        "PRIORITY_LOW"
                      )
                    )
                  ),
                  #"SYSTEM_SYSRULES_richTextItem"
                  (
                    text: "Download Other Files",
                    link:
                    #"SYSTEM_SYSRULES_documentDownloadLink"(
                      label: "Download Other Files",
                      document: ri!otherZip
                    )
                  )
                }
              ),
              #"SYSTEM_SYSRULES_richTextDisplayField"
              (
                align: "CENTER",
                value:
                {
                  #"SYSTEM_SYSRULES_richTextImage"
                  (
                    #"SYSTEM_SYSRULES_documentImage"
                    (
                      document:
                      #"SYSTEM_SYSRULES_iconIndicator"
                      (
                        "PRIORITY_LOW"
                      )
                    )
                  ),
                  #"SYSTEM_SYSRULES_richTextItem"
                  (
                    text: "Download Merged PDF",
                    link:
                    #"SYSTEM_SYSRULES_documentDownloadLink"(
                      label: "Download Merged PDF",
                      document: ri!mergedDocument
                    )
                  )
                }
              )
            )
          ),
          if
          (
            and
            (
              not(#"_a-0000d62a-67b3-8000-da6f-010000010000_950"(ri!mergedDocument)),
              not(#"_a-0000d62a-67b3-8000-da6f-010000010000_950"(ri!otherZip))
            ),
            #"SYSTEM_SYSRULES_columnLayout"
            (
              contents:
              if
              (
                and
                (
                  not(#"_a-0000d62a-67b3-8000-da6f-010000010000_950"(ri!mergedDocument)),
                  not(#"_a-0000d62a-67b3-8000-da6f-010000010000_950"(ri!otherZip))
                ),
                #"SYSTEM_SYSRULES_richTextDisplayField"
                (
                  align: "CENTER",
                  value:
                  {
                    #"SYSTEM_SYSRULES_richTextImage"
                    (
                      #"SYSTEM_SYSRULES_documentImage"
                      (
                        document:
                        #"SYSTEM_SYSRULES_iconIndicator"
                        (
                          "PRIORITY_LOW"
                        )
                      )
                    ),
                    #"SYSTEM_SYSRULES_richTextItem"
                    (
                      text: "Download Other Files",
                      link:
                      #"SYSTEM_SYSRULES_documentDownloadLink"(
                        label: "Download Other Files",
                        document: ri!otherZip
                      )
                    )
                  }
                ),
                {}
              )
            ),
            {}
          )
        }
      )
    }
  )
)</definition>
        <namedTypedValue>
            <name>mergedDocument</name>
            <type>
                <name>CollaborationDocument</name>
                <namespace>http://www.appian.com/ae/types/2009</namespace>
            </type>
        </namedTypedValue>
        <namedTypedValue>
            <name>otherZip</name>
            <type>
                <name>CollaborationDocument</name>
                <namespace>http://www.appian.com/ae/types/2009</namespace>
            </type>
        </namedTypedValue>
        <namedTypedValue>
            <name>label</name>
            <type>
                <name>string</name>
                <namespace>http://www.w3.org/2001/XMLSchema</namespace>
            </type>
            <value/>
        </namedTypedValue>
        <metadataExpr></metadataExpr>
        <preferredEditor>interface</preferredEditor>
        <offlineEnabled>false</offlineEnabled>
    </rule>
    <roleMap public="true">
        <role inherit="true" allowForAll="false" name="readers">
            <users/>
            <groups/>
        </role>
        <role inherit="true" allowForAll="false" name="authors">
            <users/>
            <groups/>
        </role>
        <role inherit="true" allowForAll="false" name="administrators">
            <users>
                <userUuid>U03434620</userUuid>
            </users>
            <groups/>
        </role>
        <role inherit="false" allowForAll="false" name="denyReaders">
            <users/>
            <groups/>
        </role>
        <role inherit="false" allowForAll="false" name="denyAuthors">
            <users/>
            <groups/>
        </role>
        <role inherit="false" allowForAll="false" name="denyAdministrators">
            <users/>
            <groups/>
        </role>
    </roleMap>
    <typedValue>
        <type>
            <name>RuleTestConfig?list</name>
            <namespace>http://www.appian.com/ae/types/2009</namespace>
        </type>
        <value>
            <el>
                <a:name/>
                <a:ruleInputTestConfigs>
                    <a:value xmlns:xsi="http://www.w3.org/2001/XMLSchema-instance" xsi:type="a:CollaborationDocument">_a-0000d298-d4ea-8000-2561-680000680000_2767</a:value>
                    <a:nameRef>mergedDocument</a:nameRef>
                    <a:id/>
                </a:ruleInputTestConfigs>
                <a:ruleInputTestConfigs>
                    <a:value xmlns:xsi="http://www.w3.org/2001/XMLSchema-instance" xsi:type="a:CollaborationDocument">_a-0000d298-d4ea-8000-2561-680000680000_2767</a:value>
                    <a:nameRef>otherZip</a:nameRef>
                    <a:id/>
                </a:ruleInputTestConfigs>
                <a:ruleInputTestConfigs>
                    <a:value xmlns:xsd="http://www.w3.org/2001/XMLSchema" xmlns:xsi="http://www.w3.org/2001/XMLSchema-instance" xsi:type="xsd:string"/>
                    <a:nameRef>label</a:nameRef>
                    <a:id/>
                </a:ruleInputTestConfigs>
                <a:assertions xmlns:xsi="http://www.w3.org/2001/XMLSchema-instance" xsi:nil="true"/>
            </el>
        </value>
    </typedValue>
</contentHaul>
