<?xml version="1.0" encoding="UTF-8" standalone="yes"?>
<contentHaul xmlns:a="http://www.appian.com/ae/types/2009">
    <rule>
        <name>UAP_f_viewMergedPDF</name>
        <uuid>_a-0000defe-bf54-8000-9ba2-011c48011c48_243556</uuid>
        <description>interface to view the merged PDF</description>
        <parentUuid>_a-0000deb5-0bcc-8000-9ba2-011c48011c48_218266</parentUuid>
        <visibility>
            <advertise>false</advertise>
            <hierarchy>true</hierarchy>
            <indexable>true</indexable>
            <quota>false</quota>
            <searchable>true</searchable>
            <system>false</system>
            <unlogged>false</unlogged>
        </visibility>
        <definition>#"SYSTEM_SYSRULES_formLayout_v1"(
  label: "View PDF for " &amp; ri!graduateApplication.firstName &amp; " " &amp; ri!graduateApplication.lastName &amp; " - " &amp; ri!graduateApplication.uNumber,
  instructions: "Download the PDF below, and then click Done. Once you click Done, you will not be able to view this PDF again without downloading it first. Make sure to download the file locally before clicking Done.",
  contents: {
    #"SYSTEM_SYSRULES_linkField"(
      links: #"SYSTEM_SYSRULES_documentDownloadLink"(
        label: "Download Merged PDF",
        document: ri!mergedPDF
      )
    ),
    #"_a-0000dee0-8e2c-8000-9ba2-011c48011c48_232802"(
      datasubset: ri!dataSubset,
      pagingInfo: #"SYSTEM_SYSRULES_pagingInfo"(1,100),
      uNumber: ri!graduateApplication.uNumber
    )
  },
  buttons: #"SYSTEM_SYSRULES_ButtonLayout"(
    primaryButtons: #"SYSTEM_SYSRULES_ButtonWidgetSubmit"(
      label: "Done"
    )
  )
)</definition>
        <namedTypedValue>
            <name>graduateApplication</name>
            <type>
                <name>UAP_v_graduateApplication</name>
                <namespace>urn:com:appian:types:UAP</namespace>
            </type>
        </namedTypedValue>
        <namedTypedValue>
            <name>mergedPDF</name>
            <type>
                <name>CollaborationDocument</name>
                <namespace>http://www.appian.com/ae/types/2009</namespace>
            </type>
        </namedTypedValue>
        <namedTypedValue>
            <name>dataSubset</name>
            <type>
                <name>DataSubset</name>
                <namespace>http://www.appian.com/ae/types/2009</namespace>
            </type>
        </namedTypedValue>
        <metadataExpr></metadataExpr>
        <preferredEditor>interface</preferredEditor>
        <offlineEnabled>false</offlineEnabled>
    </rule>
    <roleMap public="true">
        <role inherit="true" allowForAll="false" name="readers">
            <users/>
            <groups/>
        </role>
        <role inherit="true" allowForAll="false" name="authors">
            <users/>
            <groups/>
        </role>
        <role inherit="true" allowForAll="false" name="administrators">
            <users/>
            <groups/>
        </role>
        <role inherit="false" allowForAll="false" name="denyReaders">
            <users/>
            <groups/>
        </role>
        <role inherit="false" allowForAll="false" name="denyAuthors">
            <users/>
            <groups/>
        </role>
        <role inherit="false" allowForAll="false" name="denyAdministrators">
            <users/>
            <groups/>
        </role>
    </roleMap>
</contentHaul>
