<?xml version="1.0" encoding="UTF-8" standalone="yes"?>
<contentHaul xmlns:a="http://www.appian.com/ae/types/2009">
    <rule>
        <name>UAP_getNextTerm</name>
        <uuid>_a-0000def2-cb5b-8000-9ba2-011c48011c48_238956</uuid>
        <description>Return the code for the next term</description>
        <parentUuid>_a-0000deb5-0bcc-8000-9ba2-011c48011c48_218267</parentUuid>
        <visibility>
            <advertise>false</advertise>
            <hierarchy>true</hierarchy>
            <indexable>true</indexable>
            <quota>false</quota>
            <searchable>true</searchable>
            <system>false</system>
            <unlogged>false</unlogged>
        </visibility>
        <definition>with(&#xD;
  local!today: #"_a-0000decc-9caf-8000-9ba2-011c48011c48_226995"(),&#xD;
  &#xD;
  /*Return the year*/&#xD;
  local!year:&#xD;
  if&#xD;
  (&#xD;
    month(local!today) &gt; 8,&#xD;
    &#xD;
    /*If the month is past april, use the next year*/&#xD;
    year(local!today) + 1,&#xD;
    &#xD;
    year(local!today)&#xD;
  ),&#xD;
  &#xD;
  /*Get the month of the next term*/&#xD;
  local!month:&#xD;
  if&#xD;
  (&#xD;
    /*If it's past april, go on to next year*/&#xD;
    month(local!today) &gt; 8,&#xD;
    1,&#xD;
    &#xD;
    if&#xD;
    (&#xD;
      month(local!today) &gt; 5,&#xD;
      8,&#xD;
      5&#xD;
    )&#xD;
  ),&#xD;
  local!year&amp;"0"&amp;local!month&#xD;
)</definition>
        <preferredEditor>legacy</preferredEditor>
        <offlineEnabled>false</offlineEnabled>
    </rule>
    <roleMap public="true">
        <role inherit="true" allowForAll="false" name="readers">
            <users/>
            <groups/>
        </role>
        <role inherit="true" allowForAll="false" name="authors">
            <users/>
            <groups/>
        </role>
        <role inherit="true" allowForAll="false" name="administrators">
            <users/>
            <groups/>
        </role>
        <role inherit="false" allowForAll="false" name="denyReaders">
            <users/>
            <groups/>
        </role>
        <role inherit="false" allowForAll="false" name="denyAuthors">
            <users/>
            <groups/>
        </role>
        <role inherit="false" allowForAll="false" name="denyAdministrators">
            <users/>
            <groups/>
        </role>
    </roleMap>
</contentHaul>
