<?xml version="1.0" encoding="UTF-8" standalone="yes"?>
<contentHaul xmlns:a="http://www.appian.com/ae/types/2009">
    <rule>
        <name>UAP_displayIsOfficialTranscriptIcon</name>
        <uuid>_a-0000defe-bf54-8000-9ba2-011c48011c48_243592</uuid>
        <description>displays the is official transcript icon in a grid</description>
        <parentUuid>_a-0000deb5-0bcc-8000-9ba2-011c48011c48_218267</parentUuid>
        <visibility>
            <advertise>false</advertise>
            <hierarchy>true</hierarchy>
            <indexable>true</indexable>
            <quota>false</quota>
            <searchable>true</searchable>
            <system>false</system>
            <unlogged>false</unlogged>
        </visibility>
        <definition>if(
  ri!isOfficial = "TRUE",
  #"SYSTEM_SYSRULES_documentImage"(
    document: #"SYSTEM_SYSRULES_iconIndicator"(
      icon: "STATUS_OK"
    ),
    caption: "Official Transcript",
    altText: "Official Transcript"
  ),
  if(
     ri!isOfficial = "FALSE",
    #"SYSTEM_SYSRULES_documentImage"(
      document: #"SYSTEM_SYSRULES_iconIndicator"(
        icon: "STATUS_NOTDONE"
      ),
      caption: "Not Official Transcript",
      altText: "Not Official Transcript"
    ),
    #"SYSTEM_SYSRULES_documentImage"(
     document: #"SYSTEM_SYSRULES_iconIndicator"(
       icon:"REMOVE"
    ),
     caption: "Not Received",
      altText: "Not Received"
    )
  )
)</definition>
        <namedTypedValue>
            <name>isOfficial</name>
            <type>
                <name>string</name>
                <namespace>http://www.w3.org/2001/XMLSchema</namespace>
            </type>
            <value/>
        </namedTypedValue>
        <preferredEditor>legacy</preferredEditor>
        <offlineEnabled>false</offlineEnabled>
    </rule>
    <roleMap public="true">
        <role inherit="true" allowForAll="false" name="readers">
            <users/>
            <groups/>
        </role>
        <role inherit="true" allowForAll="false" name="authors">
            <users/>
            <groups/>
        </role>
        <role inherit="true" allowForAll="false" name="administrators">
            <users/>
            <groups/>
        </role>
        <role inherit="false" allowForAll="false" name="denyReaders">
            <users/>
            <groups/>
        </role>
        <role inherit="false" allowForAll="false" name="denyAuthors">
            <users/>
            <groups/>
        </role>
        <role inherit="false" allowForAll="false" name="denyAdministrators">
            <users/>
            <groups/>
        </role>
    </roleMap>
</contentHaul>
