<?xml version="1.0" encoding="UTF-8" standalone="yes"?>
<contentHaul xmlns:a="http://www.appian.com/ae/types/2009">
    <rule>
        <name>UAP_documentTester</name>
        <uuid>_a-0000df16-9c51-8000-9ba2-011c48011c48_252530</uuid>
        <description>TESTER - just displays download links</description>
        <parentUuid>_a-0000deb5-0bcc-8000-9ba2-011c48011c48_218266</parentUuid>
        <visibility>
            <advertise>false</advertise>
            <hierarchy>true</hierarchy>
            <indexable>true</indexable>
            <quota>false</quota>
            <searchable>true</searchable>
            <system>false</system>
            <unlogged>false</unlogged>
        </visibility>
        <definition>#"SYSTEM_SYSRULES_formLayout_v1"
(
  label: "Document Test",
  contents:
  {
    #"SYSTEM_SYSRULES_textField"(value: "Here's a nice little text box", readOnly: true),
    #"SYSTEM_SYSRULES_linkField"
    (
      links:
      {
        #"SYSTEM_SYSRULES_documentDownloadLink"
        (
          label: "PDF",
          document: ri!mergedDocument
        ),
        
        #"SYSTEM_SYSRULES_documentDownloadLink"
        (
          label: "Other",
          document: ri!otherZip
        )
      }
    )
  },
  buttons:
  #"SYSTEM_SYSRULES_ButtonLayout"
  (
    primaryButtons: #"SYSTEM_SYSRULES_ButtonWidgetSubmit"(label: "SUBMIT")
  )
)</definition>
        <namedTypedValue>
            <name>mergedDocument</name>
            <type>
                <name>CollaborationDocument</name>
                <namespace>http://www.appian.com/ae/types/2009</namespace>
            </type>
        </namedTypedValue>
        <namedTypedValue>
            <name>otherZip</name>
            <type>
                <name>CollaborationDocument</name>
                <namespace>http://www.appian.com/ae/types/2009</namespace>
            </type>
        </namedTypedValue>
        <metadataExpr></metadataExpr>
        <preferredEditor>interface</preferredEditor>
        <offlineEnabled>false</offlineEnabled>
    </rule>
    <roleMap public="true">
        <role inherit="true" allowForAll="false" name="readers">
            <users/>
            <groups/>
        </role>
        <role inherit="true" allowForAll="false" name="authors">
            <users/>
            <groups/>
        </role>
        <role inherit="true" allowForAll="false" name="administrators">
            <users/>
            <groups/>
        </role>
        <role inherit="false" allowForAll="false" name="denyReaders">
            <users/>
            <groups/>
        </role>
        <role inherit="false" allowForAll="false" name="denyAuthors">
            <users/>
            <groups/>
        </role>
        <role inherit="false" allowForAll="false" name="denyAdministrators">
            <users/>
            <groups/>
        </role>
    </roleMap>
</contentHaul>
