<?xml version="1.0" encoding="UTF-8" standalone="yes"?>
<contentHaul xmlns:a="http://www.appian.com/ae/types/2009">
    <rule>
        <name>UAP_portalReportColumn</name>
        <uuid>_a-0000defe-bf54-8000-9ba2-011c48011c48_242803</uuid>
        <description>displays a process report column  using the reports configured column name, sort identifier and returned data</description>
        <parentUuid>_a-0000deb5-0bcc-8000-9ba2-011c48011c48_218267</parentUuid>
        <visibility>
            <advertise>false</advertise>
            <hierarchy>true</hierarchy>
            <indexable>true</indexable>
            <quota>false</quota>
            <searchable>true</searchable>
            <system>false</system>
            <unlogged>false</unlogged>
        </visibility>
        <definition>with(
  local!columnData: index(
    ri!data,
    ri!columnConfig.field,
    {}
  ),
  local!columnDataCount: count(
    local!columnData
  ),
  if(
    ri!columnConfig.configuredFormatting = "TASK_STATUS",
    /*{},*/
    #"SYSTEM_SYSRULES_gridImageColumn"(
      label: ri!columnConfig.label,
      field: ri!columnConfig.field,
      size: "ICON",
      data: if(
        #"_a-0000d62a-67b3-8000-da6f-010000010000_950"(
          ri!data
        ),
        {},
        apply(
          #"_a-0000defe-bf54-8000-9ba2-011c48011c48_242798"(
            data: local!columnData,
            index: _
          ),
          1 + enumerate(
            local!columnDataCount
          )
        )
      )
    ),
    #"SYSTEM_SYSRULES_gridTextColumn"(
      label: ri!columnConfig.label,
      field: ri!columnConfig.field,
      data: if(
        local!columnDataCount &gt; 0,
        apply(
          if(
            ri!columnConfig.configuredFormatting = "TASK_STATUS",
            #"_a-0000defe-bf54-8000-9ba2-011c48011c48_242801"(
              data: local!columnData,
              index: _
            ),
            #"_a-0000defe-bf54-8000-9ba2-011c48011c48_242802"(
              data: local!columnData,
              index: _
            )
          ),
          1 + enumerate(
            local!columnDataCount
          )
        ),
        {}
      ),
      links: /*      if(
        ri!columnConfig.configuredDrilldown = "TASK_DETAILS",*/
      apply(
        #"SYSTEM_SYSRULES_processTaskLink"(
          task: _
        ),
        index(
          ri!data,
          ri!columnConfig.drilldownField,
          {}
        )/*        )*/
        /*        null*/
        
      )
    )
  )
)</definition>
        <namedTypedValue>
            <name>columnConfig</name>
            <type>
                <name>Variant</name>
                <namespace>http://www.appian.com/ae/types/2009</namespace>
            </type>
        </namedTypedValue>
        <namedTypedValue>
            <name>data</name>
            <type>
                <name>Variant</name>
                <namespace>http://www.appian.com/ae/types/2009</namespace>
            </type>
        </namedTypedValue>
        <preferredEditor>legacy</preferredEditor>
        <offlineEnabled>false</offlineEnabled>
    </rule>
    <roleMap public="true">
        <role inherit="true" allowForAll="false" name="readers">
            <users/>
            <groups/>
        </role>
        <role inherit="true" allowForAll="false" name="authors">
            <users/>
            <groups/>
        </role>
        <role inherit="true" allowForAll="false" name="administrators">
            <users/>
            <groups/>
        </role>
        <role inherit="false" allowForAll="false" name="denyReaders">
            <users/>
            <groups/>
        </role>
        <role inherit="false" allowForAll="false" name="denyAuthors">
            <users/>
            <groups/>
        </role>
        <role inherit="false" allowForAll="false" name="denyAdministrators">
            <users/>
            <groups/>
        </role>
    </roleMap>
</contentHaul>
