<?xml version="1.0" encoding="UTF-8" standalone="yes"?>
<contentHaul xmlns:a="http://www.appian.com/ae/types/2009">
    <rule>
        <name>UAP_c_term</name>
        <uuid>_a-0000defe-bf54-8000-9ba2-011c48011c48_242496</uuid>
        <description>Shows term and allows user to update it if modifyValue = UAP_T_TERM</description>
        <parentUuid>_a-0000deb5-0bcc-8000-9ba2-011c48011c48_218266</parentUuid>
        <visibility>
            <advertise>false</advertise>
            <hierarchy>true</hierarchy>
            <indexable>true</indexable>
            <quota>false</quota>
            <searchable>true</searchable>
            <system>false</system>
            <unlogged>false</unlogged>
        </visibility>
        <definition>if
(
  and
  (
    not(exact(ri!modifyValue, #"_a-0000defe-bf54-8000-9ba2-011c48011c48_242441")),
    ri!termList = -1
  ),
  {
    #"SYSTEM_SYSRULES_richTextDisplayField"
    (
      label: "Term",
      labelPosition: "ADJACENT",
      /*helpTooltip: cons!UAP_T_TERM_CHANGE_UNAVAILABLE,*/
      value:
      {
        #"SYSTEM_SYSRULES_richTextImage"
        (
          #"SYSTEM_SYSRULES_documentImage"
          (
            document:
            #"SYSTEM_SYSRULES_iconIndicator"
            (
              "STATUS_WARN"
            ),
            caption: #"_a-0000df16-9c51-8000-9ba2-011c48011c48_253166"
          )
        ),
        
        #"SYSTEM_SYSRULES_richTextItem"
        (
          text: 
          #"_a-0000def2-cb5b-8000-9ba2-011c48011c48_238367"(
            ri!gradApp.term
          )&amp;" "
        )
      }
    )
  },
  if(
    ri!modifyValue = #"_a-0000defe-bf54-8000-9ba2-011c48011c48_242443",
    #"SYSTEM_SYSRULES_dropdownField"(
      label: "Term",
      labelPosition: "ADJACENT",
      choiceValues: ri!termList,
      choiceLabels: apply(
        #"_a-0000def2-cb5b-8000-9ba2-011c48011c48_238367"(
          _
        ),
        ri!termList
      ),
      placeholderLabel: #"_a-0000deb5-0bcc-8000-9ba2-011c48011c48_219354",
      value: if(
        contains(
          ri!termList,
          ri!gradApp.term
        ),
        ri!gradApp.term,
        null
      ),
      saveInto: {
        ri!gradApp.term
      },
      required: true
    ),
    #"SYSTEM_SYSRULES_textField"(
      label: "Term",
      labelPosition: "ADJACENT",
      readOnly: true,
      value: #"_a-0000def2-cb5b-8000-9ba2-011c48011c48_238367"(
        ri!gradApp.term
      )
    )
  )
)</definition>
        <namedTypedValue>
            <name>termList</name>
            <type>
                <name>Text?list</name>
                <namespace>http://www.appian.com/ae/types/2009</namespace>
            </type>
        </namedTypedValue>
        <namedTypedValue>
            <name>gradApp</name>
            <type>
                <name>UAP_v_graduateApplication</name>
                <namespace>urn:com:appian:types:UAP</namespace>
            </type>
        </namedTypedValue>
        <namedTypedValue>
            <name>modifyValue</name>
            <type>
                <name>string</name>
                <namespace>http://www.w3.org/2001/XMLSchema</namespace>
            </type>
            <value/>
        </namedTypedValue>
        <metadataExpr></metadataExpr>
        <preferredEditor>interface</preferredEditor>
        <offlineEnabled>false</offlineEnabled>
    </rule>
    <roleMap public="true">
        <role inherit="true" allowForAll="false" name="readers">
            <users/>
            <groups/>
        </role>
        <role inherit="true" allowForAll="false" name="authors">
            <users/>
            <groups/>
        </role>
        <role inherit="true" allowForAll="false" name="administrators">
            <users/>
            <groups/>
        </role>
        <role inherit="false" allowForAll="false" name="denyReaders">
            <users/>
            <groups/>
        </role>
        <role inherit="false" allowForAll="false" name="denyAuthors">
            <users/>
            <groups/>
        </role>
        <role inherit="false" allowForAll="false" name="denyAdministrators">
            <users/>
            <groups/>
        </role>
    </roleMap>
    <typedValue>
        <type>
            <name>RuleTestConfig?list</name>
            <namespace>http://www.appian.com/ae/types/2009</namespace>
        </type>
        <value>
            <el>
                <a:name/>
                <a:ruleInputTestConfigs>
                    <a:value xmlns:xsi="http://www.w3.org/2001/XMLSchema-instance" xsi:type="a:Expression">{"201708", "201801", "201805"}</a:value>
                    <a:nameRef>termList</a:nameRef>
                    <a:id/>
                </a:ruleInputTestConfigs>
                <a:ruleInputTestConfigs>
                    <a:value xmlns:xsi="http://www.w3.org/2001/XMLSchema-instance" xsi:type="a:Expression">#"_a-0000deb5-0bcc-8000-9ba2-011c48011c48_219299"(&#xD;
    applicationId: 1,&#xD;
    returnCdt: true&#xD;
  )</a:value>
                    <a:nameRef>gradApp</a:nameRef>
                    <a:id/>
                </a:ruleInputTestConfigs>
                <a:ruleInputTestConfigs>
                    <a:value xmlns:xsi="http://www.w3.org/2001/XMLSchema-instance" xsi:type="a:Expression">#"_a-0000defe-bf54-8000-9ba2-011c48011c48_242443"</a:value>
                    <a:nameRef>modifyValue</a:nameRef>
                    <a:id/>
                </a:ruleInputTestConfigs>
                <a:assertions xmlns:xsi="http://www.w3.org/2001/XMLSchema-instance" xsi:nil="true"/>
            </el>
        </value>
    </typedValue>
</contentHaul>
