<?xml version="1.0" encoding="UTF-8" standalone="yes"?>
<contentHaul xmlns:a="http://www.appian.com/ae/types/2009">
    <rule>
        <name>UAP_displayCurrentDateAsTerm</name>
        <uuid>_a-0000df16-9c51-8000-9ba2-011c48011c48_252383</uuid>
        <description>Converts today's date into term</description>
        <parentUuid>_a-0000deb5-0bcc-8000-9ba2-011c48011c48_218267</parentUuid>
        <visibility>
            <advertise>false</advertise>
            <hierarchy>true</hierarchy>
            <indexable>true</indexable>
            <quota>false</quota>
            <searchable>true</searchable>
            <system>false</system>
            <unlogged>false</unlogged>
        </visibility>
        <definition>load(
  year(
    today()
  ) &amp; if(
    or(
      text(
        today(),
        "MMMM"
      ) = "January",
      text(
        today(),
        "MMMM"
      ) = "February",
      text(
        today(),
        "MMMM"
      ) = "March",
      text(
        today(),
        "MMMM"
      ) = "April"
    ),
    "01",
    if(
      or(
        text(
          today(),
          "MMMM"
        ) = "May",
        text(
          today(),
          "MMMM"
        ) = "June",
        text(
          today(),
          "MMMM"
        ) = "July"
      ),
      "05",
      "08"
    )
  )
)</definition>
        <preferredEditor>legacy</preferredEditor>
        <offlineEnabled>false</offlineEnabled>
    </rule>
    <roleMap public="true">
        <role inherit="true" allowForAll="false" name="readers">
            <users/>
            <groups/>
        </role>
        <role inherit="true" allowForAll="false" name="authors">
            <users/>
            <groups/>
        </role>
        <role inherit="true" allowForAll="false" name="administrators">
            <users/>
            <groups/>
        </role>
        <role inherit="false" allowForAll="false" name="denyReaders">
            <users/>
            <groups/>
        </role>
        <role inherit="false" allowForAll="false" name="denyAuthors">
            <users/>
            <groups/>
        </role>
        <role inherit="false" allowForAll="false" name="denyAdministrators">
            <users/>
            <groups/>
        </role>
    </roleMap>
</contentHaul>
