<?xml version="1.0" encoding="UTF-8" standalone="yes"?>
<contentHaul xmlns:a="http://www.appian.com/ae/types/2009">
    <rule>
        <name>UAP_f_applicationNote</name>
        <uuid>_a-0000deb5-0bcc-8000-9ba2-011c48011c48_218793</uuid>
        <description>Form used in the notes in the Create Application Note process model</description>
        <parentUuid>_a-0000deb5-0bcc-8000-9ba2-011c48011c48_218266</parentUuid>
        <visibility>
            <advertise>false</advertise>
            <hierarchy>true</hierarchy>
            <indexable>true</indexable>
            <quota>false</quota>
            <searchable>true</searchable>
            <system>false</system>
            <unlogged>false</unlogged>
        </visibility>
        <definition>load(
  local!pagingInfo: #"SYSTEM_SYSRULES_pagingInfo"(
    startIndex: 1,
    batchSize: 5
  ),
  local!notesDatasubset: #"_a-0000deb5-0bcc-8000-9ba2-011c48011c48_218900"(
    applicationId: ri!applicationId,
    pagingInfo: local!pagingInfo
  ),
  #"SYSTEM_SYSRULES_formLayout"(
    label: "Notes",
    instructions: #"_a-0000decc-9caf-8000-9ba2-011c48011c48_225958",
    firstColumnContents: {
      #"_a-0000deb5-0bcc-8000-9ba2-011c48011c48_218691"(
        pagingInfo: local!pagingInfo,
        notesDatasubset: local!notesDatasubset,
        applicationId: ri!applicationId
      ),
      #"SYSTEM_SYSRULES_paragraphField"(
        /*if(*/
        /*  rule!APN_isBlank(ri!applicationNote),*/
        /*{},*/
        /*ri!applicationNote*/
        /*),*/
        value: index(
          ri!applicationNote,
          "note",
          {}
        ),
        saveInto: {
          ri!applicationNote.note,
          a!save(
            ri!applicationNote.createdBy,
            loggedInUser()
          ),
          a!save(
            ri!applicationNote.createdOn,
            now()
          ),
          a!save(
            ri!applicationNote.applicationId,
            ri!applicationId
          )
        },
        validations: #"_a-0000deb5-0bcc-8000-9ba2-011c48011c48_220122"(
          index(
            ri!applicationNote,
            "note",
            {}
          ),
          255
        )
      )
    },
    buttons: #"SYSTEM_SYSRULES_ButtonLayout"(
      primaryButtons: {
        #"SYSTEM_SYSRULES_ButtonWidgetSubmit"(
          label: #"_a-0000deb5-0bcc-8000-9ba2-011c48011c48_218779",
          style: "PRIMARY",
          value: #"_a-0000deb5-0bcc-8000-9ba2-011c48011c48_218779",
          saveInto: {
            ri!btnValue,
            #"_a-0000deb5-0bcc-8000-9ba2-011c48011c48_220136"(
              auditHistory: ri!auditHistory,
              actionTypeCons: #"_a-0000dec3-7017-8000-9ba2-011c48011c48_223249",
              actionDescriptionConstant: #"_a-0000dec3-7017-8000-9ba2-011c48011c48_223249",
              recordId: ri!applicationId,
              recordType: #"_a-0000deb5-0bcc-8000-9ba2-011c48011c48_218652",
              applicationNote: ri!applicationNote,
              notes: ri!applicationNote.note
            )
          }
        )
      },
      secondaryButtons: {
        #"SYSTEM_SYSRULES_ButtonWidgetSubmit"(
          label: #"_a-0000deb5-0bcc-8000-9ba2-011c48011c48_218782",
          style: "NORMAL",
          value: true,
          skipValidation: true
        )
      }
    ),
    validations: {}
  )
)</definition>
        <namedTypedValue>
            <name>applicationId</name>
            <type>
                <name>int</name>
                <namespace>http://www.w3.org/2001/XMLSchema</namespace>
            </type>
        </namedTypedValue>
        <namedTypedValue>
            <name>cancel</name>
            <type>
                <name>boolean</name>
                <namespace>http://www.w3.org/2001/XMLSchema</namespace>
            </type>
        </namedTypedValue>
        <namedTypedValue>
            <name>auditHistory</name>
            <type>
                <name>TRV_auditHistory?list</name>
                <namespace>urn:com:appian:types:TRV</namespace>
            </type>
        </namedTypedValue>
        <namedTypedValue>
            <name>btnValue</name>
            <type>
                <name>string</name>
                <namespace>http://www.w3.org/2001/XMLSchema</namespace>
            </type>
            <value/>
        </namedTypedValue>
        <namedTypedValue>
            <name>applicationNote</name>
            <type>
                <name>UAP_applicationNote</name>
                <namespace>urn:com:appian:types:UAP</namespace>
            </type>
        </namedTypedValue>
        <metadataExpr></metadataExpr>
        <preferredEditor>interface</preferredEditor>
        <offlineEnabled>false</offlineEnabled>
    </rule>
    <roleMap public="true">
        <role inherit="true" allowForAll="false" name="readers">
            <users/>
            <groups/>
        </role>
        <role inherit="true" allowForAll="false" name="authors">
            <users/>
            <groups/>
        </role>
        <role inherit="true" allowForAll="false" name="administrators">
            <users/>
            <groups/>
        </role>
        <role inherit="false" allowForAll="false" name="denyReaders">
            <users/>
            <groups/>
        </role>
        <role inherit="false" allowForAll="false" name="denyAuthors">
            <users/>
            <groups/>
        </role>
        <role inherit="false" allowForAll="false" name="denyAdministrators">
            <users/>
            <groups/>
        </role>
    </roleMap>
</contentHaul>
