<?xml version="1.0" encoding="UTF-8" standalone="yes"?>
<contentHaul xmlns:a="http://www.appian.com/ae/types/2009">
    <rule>
        <name>UAP_ws_getDocument</name>
        <uuid>_a-0000defe-bf54-8000-9ba2-011c48011c48_242662</uuid>
        <description>Get document from AppXtender via doc Id. Output is a URL to stream the doc</description>
        <parentUuid>_a-0000deb5-0bcc-8000-9ba2-011c48011c48_218267</parentUuid>
        <visibility>
            <advertise>false</advertise>
            <hierarchy>true</hierarchy>
            <indexable>true</indexable>
            <quota>false</quota>
            <searchable>true</searchable>
            <system>false</system>
            <unlogged>false</unlogged>
        </visibility>
        <definition>
/*we have three test ids we are using right now 5 pages small file = 3327832 */
/*     20 pages large file = 3327831*/
/*     100 pages medium sized file = 3327828*/

#"SYSTEM_SYSRULES_linkField"(
  links: #"SYSTEM_SYSRULES_safeLink"(
    label: "Get Document",
    uri: #"_a-0000defe-bf54-8000-9ba2-011c48011c48_242658"(
      docId: ri!docId
    )
  )
)</definition>
        <namedTypedValue>
            <name>docId</name>
            <type>
                <name>int</name>
                <namespace>http://www.w3.org/2001/XMLSchema</namespace>
            </type>
        </namedTypedValue>
        <preferredEditor>legacy</preferredEditor>
        <offlineEnabled>false</offlineEnabled>
    </rule>
    <roleMap public="true">
        <role inherit="true" allowForAll="false" name="readers">
            <users/>
            <groups/>
        </role>
        <role inherit="true" allowForAll="false" name="authors">
            <users/>
            <groups/>
        </role>
        <role inherit="true" allowForAll="false" name="administrators">
            <users/>
            <groups/>
        </role>
        <role inherit="false" allowForAll="false" name="denyReaders">
            <users/>
            <groups/>
        </role>
        <role inherit="false" allowForAll="false" name="denyAuthors">
            <users/>
            <groups/>
        </role>
        <role inherit="false" allowForAll="false" name="denyAdministrators">
            <users/>
            <groups/>
        </role>
    </roleMap>
</contentHaul>
