<?xml version="1.0" encoding="UTF-8" standalone="yes"?>
<contentHaul xmlns:a="http://www.appian.com/ae/types/2009">
    <rule>
        <name>UAP_getGradAppDetails</name>
        <uuid>_a-0000dec3-7017-8000-9ba2-011c48011c48_223654</uuid>
        <description>Retrieves the information for the gradAppDetails CDT</description>
        <parentUuid>_a-0000deb5-0bcc-8000-9ba2-011c48011c48_218267</parentUuid>
        <visibility>
            <advertise>false</advertise>
            <hierarchy>true</hierarchy>
            <indexable>true</indexable>
            <quota>false</quota>
            <searchable>true</searchable>
            <system>false</system>
            <unlogged>false</unlogged>
        </visibility>
        <definition>with(&#xD;
  local!queryDatasubset: #"SYSTEM_SYSRULES_queryEntity"(&#xD;
    entity: #"_a-0000dec3-7017-8000-9ba2-011c48011c48_223658",&#xD;
    query: #"SYSTEM_SYSRULES_query"(&#xD;
      pagingInfo: if(&#xD;
        isnull(&#xD;
          ri!pagingInfo&#xD;
        ),&#xD;
        #"SYSTEM_SYSRULES_pagingInfo"(&#xD;
          startIndex: 1,&#xD;
          batchSize: - 1,&#xD;
          sort: #"SYSTEM_SYSRULES_sortInfo"(&#xD;
            field: "applicationId",&#xD;
            ascending: true&#xD;
          )&#xD;
        ),&#xD;
        ri!pagingInfo&#xD;
      ),&#xD;
      logicalExpression: #"SYSTEM_SYSRULES_queryLogicalExpression"(&#xD;
        operator: "AND",&#xD;
        filters: {&#xD;
          if(&#xD;
            and(&#xD;
              isnull(&#xD;
                ri!applicationId&#xD;
              ),&#xD;
              #"_a-0000d62a-67b3-8000-da6f-010000010000_951"(ri!applicationIdList)&#xD;
              &#xD;
              ),&#xD;
            if(&#xD;
              ri!returnAll,&#xD;
              #"SYSTEM_SYSRULES_queryFilter"(&#xD;
                field: "applicationId",&#xD;
                operator: "not null"&#xD;
              ),&#xD;
              #"SYSTEM_SYSRULES_queryFilter"(&#xD;
                field: "applicationId",&#xD;
                operator: "is null"&#xD;
              )&#xD;
            ),&#xD;
            {&#xD;
              if(&#xD;
                isnull(&#xD;
                  ri!applicationId&#xD;
                ),&#xD;
                {},&#xD;
                #"SYSTEM_SYSRULES_queryFilter"(&#xD;
                  field: "applicationId",&#xD;
                  operator: "=",&#xD;
                  value: ri!applicationId&#xD;
                )&#xD;
              ),&#xD;
              &#xD;
              if(&#xD;
                #"_a-0000d62a-67b3-8000-da6f-010000010000_951"(ri!applicationIdList),&#xD;
                {},&#xD;
                #"SYSTEM_SYSRULES_queryFilter"(&#xD;
                  field: "applicationId",&#xD;
                  operator: "in",&#xD;
                  value: ri!applicationIdList&#xD;
                )&#xD;
              )&#xD;
              &#xD;
              &#xD;
            }&#xD;
          )&#xD;
        }&#xD;
      )&#xD;
    )&#xD;
  ),&#xD;
  if(&#xD;
    ri!returnCdt,&#xD;
    cast(&#xD;
      typeof(&#xD;
        {&#xD;
          'type!{urn:com:appian:types:UAP}UAP_gradAppDetail'()&#xD;
        }&#xD;
      ),&#xD;
      local!queryDatasubset.data&#xD;
    ),&#xD;
    local!queryDatasubset&#xD;
  )&#xD;
)</definition>
        <namedTypedValue>
            <name>applicationId</name>
            <type>
                <name>int</name>
                <namespace>http://www.w3.org/2001/XMLSchema</namespace>
            </type>
        </namedTypedValue>
        <namedTypedValue>
            <name>pagingInfo</name>
            <type>
                <name>PagingInfo</name>
                <namespace>http://www.appian.com/ae/types/2009</namespace>
            </type>
        </namedTypedValue>
        <namedTypedValue>
            <name>isActive</name>
            <type>
                <name>boolean</name>
                <namespace>http://www.w3.org/2001/XMLSchema</namespace>
            </type>
        </namedTypedValue>
        <namedTypedValue>
            <name>returnCdt</name>
            <type>
                <name>boolean</name>
                <namespace>http://www.w3.org/2001/XMLSchema</namespace>
            </type>
        </namedTypedValue>
        <namedTypedValue>
            <name>returnAll</name>
            <type>
                <name>boolean</name>
                <namespace>http://www.w3.org/2001/XMLSchema</namespace>
            </type>
        </namedTypedValue>
        <namedTypedValue>
            <name>applicationIdList</name>
            <type>
                <name>Integer?list</name>
                <namespace>http://www.appian.com/ae/types/2009</namespace>
            </type>
        </namedTypedValue>
        <preferredEditor>legacy</preferredEditor>
        <offlineEnabled>false</offlineEnabled>
    </rule>
    <roleMap public="true">
        <role inherit="true" allowForAll="false" name="readers">
            <users/>
            <groups/>
        </role>
        <role inherit="true" allowForAll="false" name="authors">
            <users/>
            <groups/>
        </role>
        <role inherit="true" allowForAll="false" name="administrators">
            <users/>
            <groups/>
        </role>
        <role inherit="false" allowForAll="false" name="denyReaders">
            <users/>
            <groups/>
        </role>
        <role inherit="false" allowForAll="false" name="denyAuthors">
            <users/>
            <groups/>
        </role>
        <role inherit="false" allowForAll="false" name="denyAdministrators">
            <users/>
            <groups/>
        </role>
    </roleMap>
    <typedValue>
        <type>
            <name>RuleTestConfig?list</name>
            <namespace>http://www.appian.com/ae/types/2009</namespace>
        </type>
        <value>
            <el>
                <a:name>Scalability Test: Pulling Back 300 out of 20000</a:name>
                <a:ruleInputTestConfigs>
                    <a:value xmlns:xsd="http://www.w3.org/2001/XMLSchema" xmlns:xsi="http://www.w3.org/2001/XMLSchema-instance" xsi:nil="true" xsi:type="xsd:int"/>
                    <a:nameRef>applicationId</a:nameRef>
                    <a:id>1</a:id>
                </a:ruleInputTestConfigs>
                <a:ruleInputTestConfigs>
                    <a:value xmlns:xsi="http://www.w3.org/2001/XMLSchema-instance" xsi:nil="true" xsi:type="a:PagingInfo"/>
                    <a:nameRef>pagingInfo</a:nameRef>
                    <a:id>2</a:id>
                </a:ruleInputTestConfigs>
                <a:ruleInputTestConfigs>
                    <a:value xmlns:xsd="http://www.w3.org/2001/XMLSchema" xmlns:xsi="http://www.w3.org/2001/XMLSchema-instance" xsi:nil="true" xsi:type="xsd:boolean"/>
                    <a:nameRef>isActive</a:nameRef>
                    <a:id>3</a:id>
                </a:ruleInputTestConfigs>
                <a:ruleInputTestConfigs>
                    <a:value xmlns:xsd="http://www.w3.org/2001/XMLSchema" xmlns:xsi="http://www.w3.org/2001/XMLSchema-instance" xsi:nil="true" xsi:type="xsd:boolean"/>
                    <a:nameRef>returnCdt</a:nameRef>
                    <a:id>4</a:id>
                </a:ruleInputTestConfigs>
                <a:ruleInputTestConfigs>
                    <a:value xmlns:xsd="http://www.w3.org/2001/XMLSchema" xmlns:xsi="http://www.w3.org/2001/XMLSchema-instance" xsi:nil="true" xsi:type="xsd:boolean"/>
                    <a:nameRef>returnAll</a:nameRef>
                    <a:id>5</a:id>
                </a:ruleInputTestConfigs>
                <a:ruleInputTestConfigs>
                    <a:value xmlns:xsi="http://www.w3.org/2001/XMLSchema-instance" xsi:type="a:Expression">1+enumerate(300)</a:value>
                    <a:nameRef>applicationIdList</a:nameRef>
                    <a:id>6</a:id>
                </a:ruleInputTestConfigs>
                <a:assertions xmlns:xsi="http://www.w3.org/2001/XMLSchema-instance" xsi:nil="true"/>
            </el>
        </value>
    </typedValue>
</contentHaul>
