<?xml version="1.0" encoding="UTF-8" standalone="yes"?>
<contentHaul xmlns:a="http://www.appian.com/ae/types/2009">
    <rule>
        <name>UAP_s_applicant</name>
        <uuid>_a-0000deb5-0bcc-8000-9ba2-011c48011c48_218276</uuid>
        <description>Contains information for the applicant</description>
        <parentUuid>_a-0000deb5-0bcc-8000-9ba2-011c48011c48_218266</parentUuid>
        <visibility>
            <advertise>false</advertise>
            <hierarchy>true</hierarchy>
            <indexable>true</indexable>
            <quota>false</quota>
            <searchable>true</searchable>
            <system>false</system>
            <unlogged>false</unlogged>
        </visibility>
        <definition>= #"SYSTEM_SYSRULES_sectionLayout_v1"(
  label: "Applicant Information",
  isCollapsible: true,
  
  contents:
  {
    #"SYSTEM_SYSRULES_columnsLayout"
    (
      columns:
      {
        
        /*First*/
        #"SYSTEM_SYSRULES_columnLayout"
        (
          contents:
          {

            #"SYSTEM_SYSRULES_textField"(
			  label: "Name",
			  labelPosition: "ADJACENT",
			  value: 
			  index(
				ri!graduateApplication,
				"firstName",
				{}
			  )&amp;" "
			  &amp;
			  if
			  (
				#"_a-0000d62a-67b3-8000-da6f-010000010000_950"
				(
				  index(
					ri!graduateApplication,
					"middleName",
					{}
				  )
				),
				null,
				index(
				  ri!graduateApplication,
				  "middleName",
				  {}
				)&amp;" "
			  )
			  &amp;
			  index(
				ri!graduateApplication,
				"lastName",
				{}
			  ),
			  refreshAfter: "UNFOCUS",
			  readOnly: true,
			  validations: {}
			),
			#"SYSTEM_SYSRULES_textField"(
			  label: "UNumber",
			  labelPosition: "ADJACENT",
			  value: index(
				ri!graduateApplication,
				"uNumber",
				{}
			  ),
			  refreshAfter: "UNFOCUS",
			  readOnly: true,
			  validations: {}
			),
			#"SYSTEM_SYSRULES_textField"(
			  label: "Application Number",
			  labelPosition: "ADJACENT",
			  value:
			  index(
				  ri!graduateApplication,
				  "applicationNumber",
				  {}
				),
			  readOnly: true,
			  refreshAfter: "UNFOCUS",
			  validations: {}
			),
			#"SYSTEM_SYSRULES_textField"(
			  label: "USF GPA",
			  labelPosition: "ADJACENT",
			  value: if(
				/*If GPA is null, display nothing*/
				isnull(
				  index(
					ri!graduateApplication,
					"gpa",
					null
				  )
				),
				#"_a-0000dee0-8e2c-8000-9ba2-011c48011c48_232694",
				/*Otherwise, round and display w/ two decimal points*/
				fixed(
				  round(
					index(
					  ri!graduateApplication,
					  "gpa",
					  null
					),
					2
				  ),
				  2,
				  false
				)
			  ),
			  readOnly: true,
			  refreshAfter: "UNFOCUS",
			  validations: {}
			),
			#"SYSTEM_SYSRULES_textField"(
			  label: "Transfer GPA",
			  labelPosition: "ADJACENT",
			  value: if(
				/*If GPA is null, display nothing*/
				isnull(
				  index(
					ri!graduateApplication,
					"transferGpa",
					null
				  )
				),
				#"_a-0000dee0-8e2c-8000-9ba2-011c48011c48_232694",
				/*Otherwise, round and display w/ two decimal points*/
				fixed(
				  round(
					index(
					  ri!graduateApplication,
					  "transferGpa",
					  null
					),
					2
				  ),
				  2,
				  false
				)
			  ),
			  readOnly: true,
			  refreshAfter: "UNFOCUS",
			  validations: {}
			),
			#"SYSTEM_SYSRULES_textField"(
			  label: "Overall GPA",
			  labelPosition: "ADJACENT",
			  value: if(
				/*If GPA is null, display nothing*/
				isnull(
				  index(
					ri!graduateApplication,
					"overallGpa",
					null
				  )
				),
				#"_a-0000dee0-8e2c-8000-9ba2-011c48011c48_232694",
				/*Otherwise, round and display w/ two decimal points*/
				fixed(
				  round(
					index(
					  ri!graduateApplication,
					  "overallGpa",
					  null
					),
					2
				  ),
				  2,
				  false
				)
			  ),
			  readOnly: true,
			  refreshAfter: "UNFOCUS",
			  validations: {}
			)
			
          }
        ),
        
        /*Second*/
        #"SYSTEM_SYSRULES_columnLayout"
        (
          contents:
          {
    
			#"SYSTEM_SYSRULES_textField"(
			  label: "Primary Email",
			  labelPosition: "ADJACENT",
			  value: index(
				ri!graduateApplication,
				"email",
				{}
			  ),
			  readOnly: true,
			  refreshAfter: "UNFOCUS",
			  validations: {}
			),
			#"SYSTEM_SYSRULES_textField"(
			  label: "Telephone #",
			  labelPosition: "ADJACENT",
			  value: index(
				ri!graduateApplication,
				"phoneNumber",
				{}
			  ),
			  readOnly: true,
			  refreshAfter: "UNFOCUS",
			  validations: {}
			),
			#"SYSTEM_SYSRULES_textField"(
			  label: "Address",
			  labelPosition: "ADJACENT",
			  value: index(
				ri!graduateApplication,
				"address1",
				{}
			  ),
			  readOnly: true,
			  refreshAfter: "UNFOCUS",
			  validations: {}
			),
			if(
			  isnull(
				index(
				  ri!graduateApplication,
				  "address2",
				  {}
				)
			  ),
			  {},
			  #"SYSTEM_SYSRULES_textField"(
				label: "Apt/Suite",
				labelPosition: "ADJACENT",
				value: index(
				  ri!graduateApplication,
				  "address2",
				  {}
				),
				readOnly: true,
				refreshAfter: "UNFOCUS",
				validations: {}
			  )
			),
			#"SYSTEM_SYSRULES_textField"(
			  label: "City",
			  labelPosition: "ADJACENT",
			  value: index(
				ri!graduateApplication,
				"city",
				{}
			  ),
			  readOnly: true,
			  refreshAfter: "UNFOCUS",
			  validations: {}
			),
			#"SYSTEM_SYSRULES_textField"(
			  label: "State",
			  labelPosition: "ADJACENT",
			  value: index(
				ri!graduateApplication,
				"state",
				{}
			  ),
			  readOnly: true,
			  refreshAfter: "UNFOCUS",
			  validations: {}
			),
			#"SYSTEM_SYSRULES_textField"(
			  label: "Zip Code",
			  labelPosition: "ADJACENT",
			  value: index(
				ri!graduateApplication,
				"zip",
				{}
			  ),
			  readOnly: true,
			  refreshAfter: "UNFOCUS",
			  validations: {}
			)
		  }
        ),
        
        /*Third*/
        #"SYSTEM_SYSRULES_columnLayout"
        (
          contents:
          {
            #"SYSTEM_SYSRULES_textField"(
			  label: "Term",
			  labelPosition: "ADJACENT",
			  value:
			  #"_a-0000def2-cb5b-8000-9ba2-011c48011c48_238367"
			  (
				index(
				  ri!graduateApplication,
				  "term",
				  {}
				)
			  ),
			  readOnly: true,
			  refreshAfter: "UNFOCUS",
			  validations: {}
			),
            #"SYSTEM_SYSRULES_textField"(
			  label: "College",
			  labelPosition: "ADJACENT",
			  value: /*index(ri!graduateApplication, "degree", {}),*/
			  index(
				ri!graduateApplication,
				"collegeName",
				{}
			  ),
			  readOnly: true,
			  refreshAfter: "UNFOCUS",
			  validations: {}
			),
			#"SYSTEM_SYSRULES_textField"(
			  label: "Major",
			  labelPosition: "ADJACENT",
			  value: index(
				ri!graduateApplication,
				"majorName",
				{}
			  ),
			  readOnly: true,
			  refreshAfter: "UNFOCUS",
			  validations: {}
			),
			#"SYSTEM_SYSRULES_textField"(
			  label: "Concentration",
			  labelPosition: "ADJACENT",
			  value: 
			  if
			  (
				#"_a-0000d62a-67b3-8000-da6f-010000010000_950"
				(
				  index(
					ri!graduateApplication,
					"concentrationName",
					null
				  )
				),
				#"_a-0000dee0-8e2c-8000-9ba2-011c48011c48_232694",
				index(
				  ri!graduateApplication,
				  "concentrationName",
				  null
				)
			  ),
			  readOnly: true,
			  refreshAfter: "UNFOCUS",
			  validations: {}
			),
			#"SYSTEM_SYSRULES_textField"(
			  label: "Degree",
			  labelPosition: "ADJACENT",
			  value: /*index(ri!graduateApplication, "degree", {}),*/
			  index(
				ri!graduateApplication,
				"degreeName",
				{}
			  ),
			  readOnly: true,
			  refreshAfter: "UNFOCUS",
			  validations: {}
			)
          }
        )
        
        
      }
    )
  },
  validations: {}
)</definition>
        <namedTypedValue>
            <name>graduateApplication</name>
            <type>
                <name>UAP_v_graduateApplication</name>
                <namespace>urn:com:appian:types:UAP</namespace>
            </type>
        </namedTypedValue>
        <metadataExpr></metadataExpr>
        <preferredEditor>interface</preferredEditor>
        <offlineEnabled>false</offlineEnabled>
    </rule>
    <roleMap public="true">
        <role inherit="true" allowForAll="false" name="readers">
            <users/>
            <groups/>
        </role>
        <role inherit="true" allowForAll="false" name="authors">
            <users/>
            <groups/>
        </role>
        <role inherit="true" allowForAll="false" name="administrators">
            <users/>
            <groups/>
        </role>
        <role inherit="false" allowForAll="false" name="denyReaders">
            <users/>
            <groups/>
        </role>
        <role inherit="false" allowForAll="false" name="denyAuthors">
            <users/>
            <groups/>
        </role>
        <role inherit="false" allowForAll="false" name="denyAdministrators">
            <users/>
            <groups/>
        </role>
    </roleMap>
    <typedValue>
        <type>
            <name>RuleTestConfig?list</name>
            <namespace>http://www.appian.com/ae/types/2009</namespace>
        </type>
        <value>
            <el>
                <a:name/>
                <a:ruleInputTestConfigs>
                    <a:value xmlns:xsi="http://www.w3.org/2001/XMLSchema-instance" xsi:type="a:Expression">#"_a-0000deb5-0bcc-8000-9ba2-011c48011c48_219299"(applicationId: 32777, returnCdt: true)</a:value>
                    <a:nameRef>graduateApplication</a:nameRef>
                    <a:id/>
                </a:ruleInputTestConfigs>
                <a:assertions xmlns:xsi="http://www.w3.org/2001/XMLSchema-instance" xsi:nil="true"/>
            </el>
        </value>
    </typedValue>
</contentHaul>
