<?xml version="1.0" encoding="UTF-8" standalone="yes"?>
<contentHaul xmlns:a="http://www.appian.com/ae/types/2009">
    <rule>
        <name>UAP_f_graduateDocuments</name>
        <uuid>_a-0000def2-cb5b-8000-9ba2-011c48011c48_238890</uuid>
        <description>Graduate admissions documents </description>
        <parentUuid>_a-0000deb5-0bcc-8000-9ba2-011c48011c48_218266</parentUuid>
        <visibility>
            <advertise>false</advertise>
            <hierarchy>true</hierarchy>
            <indexable>true</indexable>
            <quota>false</quota>
            <searchable>true</searchable>
            <system>false</system>
            <unlogged>false</unlogged>
        </visibility>
        <definition>load(
  local!testScore,
  local!documentTypeList: #"_a-0000deb5-0bcc-8000-9ba2-011c48011c48_219272"(
  pagingInfo: #"SYSTEM_SYSRULES_pagingInfo"(
    startIndex: 1,
    batchSize: -1
  ),
  refType: {
    #"_a-0000def2-cb5b-8000-9ba2-011c48011c48_237137",
    #"_a-0000def2-cb5b-8000-9ba2-011c48011c48_237138"
  },
  returnCdt: true
),
  local!gradApp: #"_a-0000deb5-0bcc-8000-9ba2-011c48011c48_219299"(
    applicationId: ri!applicationId,
    returnCdt: true
  ),
  local!gridSelection: #"SYSTEM_SYSRULES_gridSelection"(
    pagingInfo: #"SYSTEM_SYSRULES_pagingInfo"(
      startIndex: 1,
      batchSize: 10
    )
  ),
  {
  #"_a-0000def2-cb5b-8000-9ba2-011c48011c48_238879"(
    graduateApplication: local!gradApp,
    testScore: local!testScore
  ),
  #"_a-0000decc-9caf-8000-9ba2-011c48011c48_227744"(
    docMetaDataList: ri!docMetaDataList,
    documentTypeList: local!documentTypeList,
    readOnly: true,
    uNumber: local!gradApp.uNumber,
    term: local!gradApp.term,
    selection: true,
    gridSelection: local!gridSelection
  )
  }
  
)</definition>
        <namedTypedValue>
            <name>docMetaDataList</name>
            <type>
                <name>UAP_appXtenderDocMetaData?list</name>
                <namespace>urn:com:appian:types:UAP</namespace>
            </type>
        </namedTypedValue>
        <namedTypedValue>
            <name>applicationId</name>
            <type>
                <name>int</name>
                <namespace>http://www.w3.org/2001/XMLSchema</namespace>
            </type>
        </namedTypedValue>
        <metadataExpr></metadataExpr>
        <preferredEditor>interface</preferredEditor>
        <offlineEnabled>false</offlineEnabled>
    </rule>
    <roleMap public="true">
        <role inherit="true" allowForAll="false" name="readers">
            <users/>
            <groups/>
        </role>
        <role inherit="true" allowForAll="false" name="authors">
            <users/>
            <groups/>
        </role>
        <role inherit="true" allowForAll="false" name="administrators">
            <users/>
            <groups/>
        </role>
        <role inherit="false" allowForAll="false" name="denyReaders">
            <users/>
            <groups/>
        </role>
        <role inherit="false" allowForAll="false" name="denyAuthors">
            <users/>
            <groups/>
        </role>
        <role inherit="false" allowForAll="false" name="denyAdministrators">
            <users/>
            <groups/>
        </role>
    </roleMap>
    <typedValue>
        <type>
            <name>RuleTestConfig?list</name>
            <namespace>http://www.appian.com/ae/types/2009</namespace>
        </type>
        <value>
            <el>
                <a:name/>
                <a:ruleInputTestConfigs>
                    <a:value xmlns:xsi="http://www.w3.org/2001/XMLSchema-instance" xsi:type="a:Expression">{
  'type!{urn:com:appian:types:UAP}UAP_appXtenderDocMetaData'(
    id: 1,
    docRefTypeId: 155,
    documentName: "Apples"
  ),
  'type!{urn:com:appian:types:UAP}UAP_appXtenderDocMetaData'(
    id: 2,
    docRefTypeId: 157,
    documentName: "Bananas"
  ),
  'type!{urn:com:appian:types:UAP}UAP_appXtenderDocMetaData'(
    id: 3,
    docRefTypeId: 155,
    documentName: "Cantaloupe"
  )
  
}</a:value>
                    <a:nameRef>docMetaDataList</a:nameRef>
                    <a:id/>
                </a:ruleInputTestConfigs>
                <a:ruleInputTestConfigs>
                    <a:value xmlns:xsd="http://www.w3.org/2001/XMLSchema" xmlns:xsi="http://www.w3.org/2001/XMLSchema-instance" xsi:type="xsd:int">8</a:value>
                    <a:nameRef>applicationId</a:nameRef>
                    <a:id/>
                </a:ruleInputTestConfigs>
                <a:assertions xmlns:xsi="http://www.w3.org/2001/XMLSchema-instance" xsi:nil="true"/>
            </el>
        </value>
    </typedValue>
</contentHaul>
