<?xml version="1.0" encoding="UTF-8" standalone="yes"?>
<contentHaul xmlns:a="http://www.appian.com/ae/types/2009">
    <rule>
        <name>UAP_f_managePreferencesDirector</name>
        <uuid>_a-0000dee0-8e2c-8000-9ba2-011c48011c48_233058</uuid>
        <description>The form for Directors to Manage Program Preferences</description>
        <parentUuid>_a-0000deb5-0bcc-8000-9ba2-011c48011c48_218266</parentUuid>
        <visibility>
            <advertise>false</advertise>
            <hierarchy>true</hierarchy>
            <indexable>true</indexable>
            <quota>false</quota>
            <searchable>true</searchable>
            <system>false</system>
            <unlogged>false</unlogged>
        </visibility>
        <definition>load(
  /*points to the level three id of the UAP_level3 whose Program Director is being edited*/
  local!selectedLevelThreeId,
  /*The value of the user picker for the selected level three id*/
  local!newDirector,
  /*The UAP_level3 object being edited*/
  local!currentLevel3,
  /*Dont forget to add this to the process model!*/
  local!collegeNameFilter: ri!collegeNameFilter,
  local!degreeTypeFilter: ri!degreeTypeFilter,
  local!directorFilter: ri!directorFilter,
  local!programNameFilter: ri!programNameFilter,
  local!reviewerFilter: ri!reviewerFilter,
  /*local!loggedInUser: "U41527422",*/
  local!loggedInUser: loggedInUser(),
  /*Get the level3 objects for which the user is a Director*/
  local!level3List: #"_a-0000deb5-0bcc-8000-9ba2-011c48011c48_218352"(
    returnAll: true,
    returnCdt: true,
    pagingInfo: #"SYSTEM_SYSRULES_pagingInfo"(
      startIndex: 1,
      batchSize: - 1,
      sort: #"SYSTEM_SYSRULES_sortInfo"(
        field: "typeName",
        ascending: true
      )
    ),
    director: local!loggedInUser
  ),
  local!level3RefList: union(
    local!level3List.typeName,
    local!level3List.typeName
  ),
  /*Get the Colleges for which the user is a Designee*/
  local!levelOneDataSubset: #"_a-0000deb5-0bcc-8000-9ba2-011c48011c48_218345"(
    returnAll: true,
    pagingInfo: #"SYSTEM_SYSRULES_pagingInfo"(
      startIndex: 1,
      batchSize: 100,
      sort: #"SYSTEM_SYSRULES_sortInfo"(
        field: "name",
        ascending: true
      )
    )
  ),
  local!level1Names: if(
    local!levelOneDataSubset.totalCount = 0,
    {},
    union(
      local!levelOneDataSubset.data.displayName,
      local!levelOneDataSubset.data.displayName
    )
  ),
  local!referenceList: #"_a-0000deb5-0bcc-8000-9ba2-011c48011c48_219272"(
    refType: {
      #"_a-0000deb5-0bcc-8000-9ba2-011c48011c48_219280",
      #"_a-0000dec3-7017-8000-9ba2-011c48011c48_224619"
    },
    returnAll: true,
    returnCdt: true,
    pagingInfo: #"SYSTEM_SYSRULES_pagingInfo"(
      startIndex: 1,
      batchSize: - 1,
      sort: #"SYSTEM_SYSRULES_sortInfo"(
        field: "displayOrder",
        ascending: true
      )
    )
  ),
  /*Select the first identifier/radioButton by default*/
  local!levelOneSelection: if(
    and(
      not(
        isnull(
          ri!levelOneSelection
        )
      ),
      ri!levelOneSelection &lt;&gt; 0
    ),
    ri!levelOneSelection,
    if(
      local!levelOneDataSubset.totalCount = 0,
      null,
      index(
        local!levelOneDataSubset.data.id,
        1,
        null
      )
    )
  ),
  local!level2List: #"_a-0000deb5-0bcc-8000-9ba2-011c48011c48_218348"(
    returnAll: true,
    returnCdt: true,
    pagingInfo: #"SYSTEM_SYSRULES_pagingInfo"(
      startIndex: 1,
      batchSize: - 1,
      sort: {
        #"SYSTEM_SYSRULES_sortInfo"(
          field: "name",
          ascending: true
        ),
        #"SYSTEM_SYSRULES_sortInfo"(
          field: "concentration",
          ascending: true
        )
      }
    )
  ),
  /*local!level2Names:*/
  /*rule!UAP_formatProgramList*/
  /*(*/
  /*  level2List: local!level2List*/
  /*),*/
  /*Switch to above strategy to display concentrations*/
  /*This will involve UAP_v_programDegree changes*/
  /*Below strategy will just show majors w/o concentration*/
  local!level2Names: if(
    #"_a-0000d62a-67b3-8000-da6f-010000010000_951"(
      local!level2List
    ),
    {},
    union(
      local!level2List.name,
      local!level2List.name
    )
  ),
  local!programPagingInfo: if(
    isnull(
      ri!programPagingInfo
    ),
    #"SYSTEM_SYSRULES_pagingInfo"(
      startIndex: 1,
      batchSize: 5,
      sort: {
        #"SYSTEM_SYSRULES_sortInfo"(
          field: "collegeName",
          ascending: true
        ),
        #"SYSTEM_SYSRULES_sortInfo"(
          field: "name",
          ascending: true
        ),
        #"SYSTEM_SYSRULES_sortInfo"(
          field: "type",
          ascending: true
        )
      }
    ),
    ri!programPagingInfo
  ),
  local!programDegreeDatasubset: if(
    isnull(
      local!levelOneSelection
    ),
    null,
    #"_a-0000deb5-0bcc-8000-9ba2-011c48011c48_218623"(
      pagingInfo: local!programPagingInfo,
      director: local!loggedInUser,
      name: ri!programNameFilter,
      degreeName: ri!degreeTypeFilter,
      reviewer: ri!reviewerFilter,
      collegeName: ri!collegeNameFilter
    )
  ),
  /*An array of integers for the checkbox field in UAP_s_editProgram*/
  local!requirementList: {},
  if(
    /*If the user isn't a College Designee/administrator, display an error message*/
    #"_a-0000d62a-67b3-8000-da6f-010000010000_951"(
      local!level3List
    ),
    {
      #"SYSTEM_SYSRULES_textField"(
        readOnly: true,
        value: char(
          10
        ) &amp; char(
          10
        ) &amp; char(
          10
        ) &amp; char(
          10
        ) &amp; char(
          10
        ) &amp; char(
          10
        )
      ),
      #"_a-0000deb5-0bcc-8000-9ba2-011c48011c48_218640"(
        text: "Could not find Program where user is a Director"
      )
    },
    /*If the user is a Program Director, display the form*/
    #"SYSTEM_SYSRULES_formLayout"(
      label: if(
        isnull(
          local!selectedLevelThreeId
        ),
        "Manage Programs",
        "Manage Program Preferences"
      ),
      instructions: if(
        isnull(
          local!selectedLevelThreeId
        ),
        #"_a-0000dee0-8e2c-8000-9ba2-011c48011c48_233157",
        null
      ),
      firstColumnContents: {
        #"SYSTEM_SYSRULES_textField"(
          readOnly: true,
          value: ri!collegeNameFilter
        ),
        if(
          isnull(
            local!selectedLevelThreeId
          ),
          /**************CHOOSE COLLEGE*************/
          {
            /**************FILTER PROGRAMS*************/
            #"SYSTEM_SYSRULES_sectionLayout"(
              label: "My Programs",
              isCollapsible: true,
              firstColumnContents: {
                #"_a-0000deb5-0bcc-8000-9ba2-011c48011c48_219304"(
                  pickerLabel: #"_a-0000deb5-0bcc-8000-9ba2-011c48011c48_218654",
                  dataLabels: local!level1Names,
                  dataValues: local!level1Names,
                  selectedLabels: local!collegeNameFilter
                ),
                #"_a-0000deb5-0bcc-8000-9ba2-011c48011c48_219304"(
                  pickerLabel: #"_a-0000deb5-0bcc-8000-9ba2-011c48011c48_218816",
                  dataLabels: local!level2Names,
                  dataValues: local!level2Names,
                  selectedLabels: local!programNameFilter
                )
              },
              secondColumnContents: {
                #"SYSTEM_SYSRULES_dropdownField"(
                  label: #"_a-0000deb5-0bcc-8000-9ba2-011c48011c48_218819",
                  labelPosition: "ADJACENT",
                  choiceLabels: local!level3RefList,
                  choiceValues: local!level3RefList,
                  placeholderLabel: #"_a-0000deb5-0bcc-8000-9ba2-011c48011c48_219354",
                  value: local!degreeTypeFilter,
                  saveInto: local!degreeTypeFilter
                ),
                #"SYSTEM_SYSRULES_pickerFieldUsers"(
                  label: "Reviewer",
                  labelPosition: "ADJACENT",
                  maxSelections: 1,
                  groupFilter: #"_a-0000deb5-0bcc-8000-9ba2-011c48011c48_219548",
                  value: local!reviewerFilter,
                  saveInto: local!reviewerFilter
                ),
                #"SYSTEM_SYSRULES_richTextDisplayField"(
                  labelPosition: "COLLAPSED",
                  align: "RIGHT",
                  value: {
                    #"SYSTEM_SYSRULES_richTextItem"(
                      text: "Clear Filters",
                      style: "UNDERLINE",
                      link: #"SYSTEM_SYSRULES_dynamicLink"(
                        saveInto: {
                          a!save(
                            local!programNameFilter,
                            null
                          ),
                          a!save(
                            local!degreeTypeFilter,
                            null
                          ),
                          a!save(
                            local!reviewerFilter,
                            null
                          ),
                          a!save(
                            local!collegeNameFilter,
                            null
                          ),
                          a!save(
                            ri!directorFilter,
                            null
                          ),
                          a!save(
                            ri!programNameFilter,
                            null
                          ),
                          a!save(
                            ri!degreeTypeFilter,
                            null
                          ),
                          a!save(
                            ri!reviewerFilter,
                            null
                          ),
                          a!save(
                            ri!collegeNameFilter,
                            null
                          ),
                          a!save(
                            local!programPagingInfo.startIndex,
                            1
                          ),
                          a!save(
                            local!programDegreeDatasubset,
                            #"_a-0000deb5-0bcc-8000-9ba2-011c48011c48_218623"(
                              pagingInfo: local!programPagingInfo,
                              director: local!loggedInUser,
                              name: ri!programNameFilter,
                              degreeName: ri!degreeTypeFilter,
                              reviewer: ri!reviewerFilter,
                              collegeName: ri!collegeNameFilter
                            )
                          )
                        }
                      )
                    ),
                    #"SYSTEM_SYSRULES_richTextItem"(
                      text: "   "
                    ),
                    #"SYSTEM_SYSRULES_richTextItem"(
                      text: "Apply Filters",
                      style: "UNDERLINE",
                      link: #"SYSTEM_SYSRULES_dynamicLink"(
                        saveInto: {
                          a!save(
                            local!programPagingInfo.startIndex,
                            1
                          ),
                          a!save(
                            ri!programNameFilter,
                            local!programNameFilter
                          ),
                          a!save(
                            ri!degreeTypeFilter,
                            local!degreeTypeFilter
                          ),
                          a!save(
                            ri!reviewerFilter,
                            local!reviewerFilter
                          ),
                          a!save(
                            ri!collegeNameFilter,
                            local!collegeNameFilter
                          ),
                          a!save(
                            local!programDegreeDatasubset,
                            #"_a-0000deb5-0bcc-8000-9ba2-011c48011c48_218623"(
                              pagingInfo: local!programPagingInfo,
                              director: local!loggedInUser,
                              name: ri!programNameFilter,
                              degreeName: ri!degreeTypeFilter,
                              reviewer: ri!reviewerFilter,
                              collegeName: ri!collegeNameFilter
                            )
                          )
                        }
                      )
                    )
                  }
                )
              }
            ),
            /*******SELECT PROGRAM*******/
            #"_a-0000deb5-0bcc-8000-9ba2-011c48011c48_218704"(
              datasubset: local!programDegreeDatasubset,
              pagingInfo: local!programPagingInfo,
              editLevelThreeId: local!selectedLevelThreeId,
              levelOneSelection: local!levelOneSelection,
              newDirector: local!newDirector,
              currentLevel3: local!currentLevel3,
              directorFilter: ri!directorFilter,
              programNameFilter: ri!programNameFilter,
              degreeTypeFilter: ri!degreeTypeFilter,
              reviewersToWrite: ri!reviewersToWrite,
              reviewersToDelete: ri!reviewersToDelete,
              reviewerFilter: ri!reviewerFilter,
              requirementList: local!requirementList,
              fromDirectorAction: true,
              loggedInUser: local!loggedInUser,
              collegeNameFilter: ri!collegeNameFilter
            )
          },
          /**********EDIT DIRECTOR********************/
          #"_a-0000deb5-0bcc-8000-9ba2-011c48011c48_218990"(
            programDegreeDatasubset: local!programDegreeDatasubset,
            currentLevel3: local!currentLevel3,
            levelOneDataSubset: local!levelOneDataSubset,
            newDirector: local!newDirector,
            levelOneSelection: local!levelOneSelection,
            selectedLevelThreeId: local!selectedLevelThreeId,
            reviewersToWrite: ri!reviewersToWrite,
            reviewersToDelete: ri!reviewersToDelete,
            referenceList: local!referenceList,
            requirementList: local!requirementList,
            fromDirectorAction: true
          )
        )
      },
      buttons: #"SYSTEM_SYSRULES_ButtonLayout"(
        primaryButtons: {
          if(
            isnull(
              local!selectedLevelThreeId
            ),
            /*Primary Buttons for the Selection Screen*/
            {
              #"SYSTEM_SYSRULES_ButtonWidgetSubmit"(
                label: #"_a-0000deb5-0bcc-8000-9ba2-011c48011c48_219126",
                value: #"_a-0000deb5-0bcc-8000-9ba2-011c48011c48_219126",
                style: "PRIMARY",
                saveInto: {
                  ri!btnValue,
                  a!save(
                    local!selectedLevelThreeId,
                    null
                  )
                }
              )
            },
            /*Primary Buttons for the Edit Screen*/
            {
              #"SYSTEM_SYSRULES_ButtonWidgetSubmit"(
                label: "Update Program",
                value: "Update Program",
                style: "PRIMARY",
                validate: true,
                saveInto: {
                  ri!btnValue,
                  /*Store the previous director*/
                  a!save(
                    ri!previousDirector,
                    local!currentLevel3.director
                  ),
                  /*Clear out selected level 3*/
                  a!save(
                    local!currentLevel3.director,
                    local!newDirector
                  ),
                  a!save(
                    ri!currentLevel3,
                    local!currentLevel3
                  ),
                  a!save(
                    ri!programPagingInfo,
                    local!programPagingInfo
                  ),
                  a!save(
                    ri!levelOneSelection,
                    local!levelOneSelection
                  ),
                  /**update reviewers to delete to only include reviewers w/ an id***/
                  a!save(
                    ri!reviewersToDelete,
                    #"_a-0000deb5-0bcc-8000-9ba2-011c48011c48_219697"(
                      ri!reviewersToDelete
                    )
                  ),
                  /*Clear out selected level 3 id*/
                  a!save(
                    local!selectedLevelThreeId,
                    null
                  )
                }
              )
            }
          )
        },
        secondaryButtons: {
          if(
            isnull(
              local!selectedLevelThreeId
            ),
            /*Secondary Buttons for the Selection Screen*/
            {},
            /*Secondary Buttons for the Edit Screen*/
            {
              #"SYSTEM_SYSRULES_ButtonWidget"(
                label: "Cancel",
                saveInto: {
                  /*Clear out selected level 3 id*/
                  a!save(
                    local!selectedLevelThreeId,
                    null
                  ),
                  /*Clear out selected level 3*/
                  a!save(
                    local!currentLevel3,
                    null
                  ),
                  /*Clear out director from picker*/
                  a!save(
                    local!newDirector,
                    null
                  )
                }
              )
            }
          )
        }
      )
    )
  )
)</definition>
        <namedTypedValue>
            <name>btnValue</name>
            <type>
                <name>string</name>
                <namespace>http://www.w3.org/2001/XMLSchema</namespace>
            </type>
            <value/>
        </namedTypedValue>
        <namedTypedValue>
            <name>currentLevel3</name>
            <type>
                <name>UAP_level3</name>
                <namespace>urn:com:appian:types:UAP</namespace>
            </type>
        </namedTypedValue>
        <namedTypedValue>
            <name>programPagingInfo</name>
            <type>
                <name>PagingInfo</name>
                <namespace>http://www.appian.com/ae/types/2009</namespace>
            </type>
        </namedTypedValue>
        <namedTypedValue>
            <name>levelOneSelection</name>
            <type>
                <name>int</name>
                <namespace>http://www.w3.org/2001/XMLSchema</namespace>
            </type>
        </namedTypedValue>
        <namedTypedValue>
            <name>previousDirector</name>
            <type>
                <name>string</name>
                <namespace>http://www.w3.org/2001/XMLSchema</namespace>
            </type>
            <value/>
        </namedTypedValue>
        <namedTypedValue>
            <name>directorFilter</name>
            <type>
                <name>string</name>
                <namespace>http://www.w3.org/2001/XMLSchema</namespace>
            </type>
            <value/>
        </namedTypedValue>
        <namedTypedValue>
            <name>programNameFilter</name>
            <type>
                <name>string</name>
                <namespace>http://www.w3.org/2001/XMLSchema</namespace>
            </type>
            <value/>
        </namedTypedValue>
        <namedTypedValue>
            <name>degreeTypeFilter</name>
            <type>
                <name>string</name>
                <namespace>http://www.w3.org/2001/XMLSchema</namespace>
            </type>
            <value/>
        </namedTypedValue>
        <namedTypedValue>
            <name>reviewersToWrite</name>
            <type>
                <name>UAP_reviewer?list</name>
                <namespace>urn:com:appian:types:UAP</namespace>
            </type>
        </namedTypedValue>
        <namedTypedValue>
            <name>reviewersToDelete</name>
            <type>
                <name>UAP_reviewer?list</name>
                <namespace>urn:com:appian:types:UAP</namespace>
            </type>
        </namedTypedValue>
        <namedTypedValue>
            <name>reviewerFilter</name>
            <type>
                <name>string</name>
                <namespace>http://www.w3.org/2001/XMLSchema</namespace>
            </type>
            <value/>
        </namedTypedValue>
        <namedTypedValue>
            <name>collegeNameFilter</name>
            <type>
                <name>string</name>
                <namespace>http://www.w3.org/2001/XMLSchema</namespace>
            </type>
            <value/>
        </namedTypedValue>
        <metadataExpr></metadataExpr>
        <preferredEditor>interface</preferredEditor>
        <offlineEnabled>false</offlineEnabled>
    </rule>
    <roleMap public="true">
        <role inherit="true" allowForAll="false" name="readers">
            <users/>
            <groups/>
        </role>
        <role inherit="true" allowForAll="false" name="authors">
            <users/>
            <groups/>
        </role>
        <role inherit="true" allowForAll="false" name="administrators">
            <users/>
            <groups/>
        </role>
        <role inherit="false" allowForAll="false" name="denyReaders">
            <users/>
            <groups/>
        </role>
        <role inherit="false" allowForAll="false" name="denyAuthors">
            <users/>
            <groups/>
        </role>
        <role inherit="false" allowForAll="false" name="denyAdministrators">
            <users/>
            <groups/>
        </role>
    </roleMap>
</contentHaul>
