<?xml version="1.0" encoding="UTF-8" standalone="yes"?>
<contentHaul xmlns:a="http://www.appian.com/ae/types/2009">
    <rule>
        <name>UAP_f_applicationUpdateDecision</name>
        <uuid>_a-0000defe-bf54-8000-9ba2-011c48011c48_242813</uuid>
        <description>This form allows the GAC to approve or deny an application approval</description>
        <parentUuid>_a-0000deb5-0bcc-8000-9ba2-011c48011c48_218266</parentUuid>
        <visibility>
            <advertise>false</advertise>
            <hierarchy>true</hierarchy>
            <indexable>true</indexable>
            <quota>false</quota>
            <searchable>true</searchable>
            <system>false</system>
            <unlogged>false</unlogged>
        </visibility>
        <definition>load(
  local!loggedInUser: loggedInUser(),
  
  local!auditNotesOnLoad: ri!auditHistory.notes,
  
  /*Used for term changes*/
  local!newApplicationId,
  local!prevApplicationId,
  
  local!applicationNumber,
  
  local!referenceList: #"_a-0000deb5-0bcc-8000-9ba2-011c48011c48_219272"(
    refType: {
      #"_a-0000dec3-7017-8000-9ba2-011c48011c48_224280"
    },
    returnAll: true,
    returnCdt: true,
    pagingInfo: #"SYSTEM_SYSRULES_pagingInfo"(
      startIndex: 1,
      batchSize: - 1,
      sort: #"SYSTEM_SYSRULES_sortInfo"(
        field: "displayOrder",
        ascending: true
      )
    )
  ),
  
  local!newLevelOne:
  #"_a-0000deb5-0bcc-8000-9ba2-011c48011c48_218345"
  (
    name: ri!graduateApplication.college,
    returnCdt:true
  ),
  
  local!newLevelTwo:
  #"_a-0000deb5-0bcc-8000-9ba2-011c48011c48_218348"
  (
    levelOneId: local!newLevelOne.id,
    code: ri!graduateApplication.majorCode,
    concentrationCode: ri!graduateApplication.concentrationCode,
    nullConcentrationCode: #"_a-0000d62a-67b3-8000-da6f-010000010000_950"(ri!graduateApplication.concentrationCode),
    returnCdt: true
  ),
  
  local!newLevelThree:
  #"_a-0000deb5-0bcc-8000-9ba2-011c48011c48_218352"
  (
    levelTwoId: local!newLevelTwo.id,
    type: ri!graduateApplication.degree,
    returnCdt: true
  ),
  
  local!newCollege: local!newLevelOne.displayName,
  local!newMajor: local!newLevelTwo.name,
  local!newConcentration: local!newLevelTwo.concentration,
  local!newDegree: local!newLevelThree.typeName,
  local!newTerm: ri!graduateApplication.term,

  
  local!gradAppOnLoad: #"_a-0000deb5-0bcc-8000-9ba2-011c48011c48_219299"(
    applicationId: ri!gradAppDetail.applicationId,
    returnCdt: true
  ),
  
  local!gradApp: local!gradAppOnLoad,
  
  /*Preserve the ORIGINAL term for this application*/
  local!originalTerm:
  if
  (
    /*If originalTerm is not populated, use the term from the graduate application from before the term change*/
    #"_a-0000d62a-67b3-8000-da6f-010000010000_950"(ri!graduateApplication.originalTerm),
    local!gradAppOnLoad.term,
    
    /*If originalTerm IS populated, use that original term*/
    ri!graduateApplication.originalTerm
  ),
  
  
  local!level3: #"_a-0000deb5-0bcc-8000-9ba2-011c48011c48_218352"(
    id: local!gradApp.levelThreeId,
    pagingInfo: #"SYSTEM_SYSRULES_pagingInfo"(
      1,
      1
    ),
    returnCdt: true
  ),
  
  
  #"SYSTEM_SYSRULES_formLayout"(
    label: "Request to Update "
    &amp;
    if
    (
      ri!modifyValue = #"_a-0000defe-bf54-8000-9ba2-011c48011c48_242443",
      "Term",
      "Program"
    ),
    
    instructions: #"_a-0000defe-bf54-8000-9ba2-011c48011c48_243636",
    
    firstColumnContents: {
      
      /*rule!UAP_c_applicationMilestone(*/
        /*graduateApplication: ri!graduateApplication,*/
        /*gradAppDetail: ri!gradAppDetail,*/
        /*status: ri!gradAppDetail.status,*/
        /*referenceList: local!referenceList*/
      /*),*/
      
      /*rule!UAP_s_applicantChecklist(*/
      /*  graduateApplication: local!gradApp,*/
      /*  testScore: local!testScore*/
      /*),*/
      #"_a-0000defe-bf54-8000-9ba2-011c48011c48_242867"
      (
        graduateApplicationView: local!gradApp,
        modifyValue: ri!modifyValue, 
        newCollege: local!newCollege, 
        newMajor: local!newMajor, 
        newConcentration: local!newConcentration, 
        newDegree: local!newDegree, 
        newTerm: local!newTerm
      ),
      #"SYSTEM_SYSRULES_sectionLayout"
      (
        label: "Response",
        firstColumnContents:
        {
          #"SYSTEM_SYSRULES_radioButtonField"
          (
            label: "Decision",
            labelPosition: "ADJACENT",
            choiceLayout: "COMPACT",
            required: true,
            choiceLabels: {"Approve", "Deny"},
            choiceValues: {true, false},
            value: ri!updateApproved,
            saveInto:
            {
              ri!updateApproved,
              a!save
              (
                local!applicationNumber,
                null
              )
            }
          )
        },
        secondColumnContents:
        {
          if
          (
            and
            (
              ri!modifyValue = #"_a-0000defe-bf54-8000-9ba2-011c48011c48_242443",
              not(#"_a-0000d62a-67b3-8000-da6f-010000010000_950"(ri!updateApproved)),
              ri!updateApproved
            ),
            #"SYSTEM_SYSRULES_textField"
            (
              label: "Application Number",
              labelPosition: "ADJACENT",
              helpTooltip:"This is the application sequence number from Banner",
              required: true,
              value: local!applicationNumber,
              saveInto: local!applicationNumber
            ),
            {}
          )
        }
      )
    },
    buttons: #"SYSTEM_SYSRULES_ButtonLayout"(
      /*Save Button*/
      primaryButtons: {
        #"SYSTEM_SYSRULES_ButtonWidgetSubmit"(
          label: #"_a-0000dec3-7017-8000-9ba2-011c48011c48_223250",
          style: "PRIMARY",
          value: #"_a-0000dec3-7017-8000-9ba2-011c48011c48_223250",
          
          confirmMessage:
          if
          (
            and
            (
              ri!updateApproved,
              local!gradApp.degreeName &lt;&gt; local!newDegree
            ),
            #"_a-0000defe-bf54-8000-9ba2-011c48011c48_243641",
            null
          ),
          
          saveInto: {
            ri!btnValue,
            
            #"_a-0000deb5-0bcc-8000-9ba2-011c48011c48_220136"(
              auditHistory: ri!auditHistory,
              actionTypeCons: #"_a-0000defe-bf54-8000-9ba2-011c48011c48_242994",
              actionDescriptionConstant:
              if
              (
                ri!updateApproved,
                #"_a-0000defe-bf54-8000-9ba2-011c48011c48_243014",
                #"_a-0000defe-bf54-8000-9ba2-011c48011c48_242995"
              ),
              recordId: ri!graduateApplication.applicationId,
              recordType: #"_a-0000deb5-0bcc-8000-9ba2-011c48011c48_218652",
              notes: 
              if
              (
                ri!updateApproved,
                index(split(substitute(local!auditNotesOnLoad, "Change Requested:", "Changed:", 1), ","), 1, null),
                index(split(substitute(local!auditNotesOnLoad, "Change Requested:", "Change Denied:", 1), ","), 1, null)
                
              )
            ),
           
           /*Null out blank concentration codes*/
           if
           (
              #"_a-0000d62a-67b3-8000-da6f-010000010000_950"(ri!graduateApplication.concentrationCode),
              /*true,*/
              a!save
              (
                ri!graduateApplication.concentrationCode,
                null
              ),
              {}
            ),
            
            if
            (
              ri!updateApproved,
              {
                if
                (
                  ri!modifyValue = #"_a-0000defe-bf54-8000-9ba2-011c48011c48_242443",
                  
  /***************************TERM UPDATED***************************/
                  {
                    /*Store applicationId*/
                    a!save
                    (
                      local!prevApplicationId,
                      ri!graduateApplication.applicationId
                    ),
                    
        /***************************APPLICATION***************************/
                    
                    /*Null out applicationId*/
                    a!save
                    (
                      ri!graduateApplication.applicationId,
                      null
                    ),
                    
                    /*Set original term*/
                    a!save
                    (
                      ri!graduateApplication.originalTerm,
                      local!originalTerm
                    ),
                    
                    /*Write updated graduateApplication to get back applicationId*/
                    #"SYSTEM_SYSRULES_writeToDataStoreEntity"
                    (
                      dataStoreEntity: #"_a-0000deb5-0bcc-8000-9ba2-011c48011c48_219291",
                      valueToStore: ri!graduateApplication,
                      onSuccess:
                      a!save
                      (
                        ri!graduateApplication,
                        fv!storedValues
                      )
                    ),
                    
                    a!save
                    (
                      ri!graduateApplication.applicationNumber,
                      local!applicationNumber
                    ),
                    
                    /*Add newly written application to list*/
                    a!save
                    (
                      ri!applicationListToWrite,
                      {ri!graduateApplication}
                    ),
                    
                    /*Store new applicationId*/
                    a!save
                    (
                      local!newApplicationId,
                      ri!graduateApplication.applicationId
                    ),
                    
                    /*Get old application*/
                    a!save
                    (
                      ri!graduateApplication,
                      #"_a-0000deb5-0bcc-8000-9ba2-011c48011c48_219281"(
                        applicationId: ri!gradAppDetail.applicationId,
                        returnCdt: true
                      )
                    ),
                    
                    /*Update application decision to canceled*/
                    a!save
                    (
                      ri!graduateApplication.applicationDecision,
                      #"_a-0000defe-bf54-8000-9ba2-011c48011c48_243112"
                    ),
                    
                    /*Store new applicationId in old application*/
                    a!save
                    (
                      ri!graduateApplication.newTermApplicationId,
                      local!newApplicationId
                    ),
                    
                    /*Finish building applications to write*/
                    a!save
                    (
                      ri!applicationListToWrite,
                      append(ri!applicationListToWrite, ri!graduateApplication)
                    ),
                    
      /***************************GRAD APP DETAIL***************************/
                    
                    a!save
                    (
                      ri!gradAppDetail,
                      #"_a-0000dec3-7017-8000-9ba2-011c48011c48_223654"(
                        applicationId: ri!gradAppDetail.applicationId,
                        returnCdt: true
                      )
                    ),
                    
                    a!save
                    (
                      ri!gradAppDetail.applicationId,
                      local!newApplicationId
                    ),
                    
                    a!save
                    (
                      ri!detailListToWrite,
                      {ri!gradAppDetail}
                    ),
                    
                    a!save
                    (
                      ri!gradAppDetail.applicationId,
                      local!prevApplicationId
                    ),
                    
                    /*Set status to canceled*/
                    a!save
                    (
                      ri!gradAppDetail.status.refId,
                      #"_a-0000def2-cb5b-8000-9ba2-011c48011c48_237191"
                    ),
                    
                    a!save
                    (
                      ri!detailListToWrite,
                      append(ri!detailListToWrite, ri!gradAppDetail)
                    ),
                    
        /***************************AUDIT HISTORY***************************/
                    
                    /*Query for Audit History*/
                    a!save
                    (
                      ri!termAuditHistoryList,
                      #"_a-0000deb5-0bcc-8000-9ba2-011c48011c48_218639"
                      (
                        recordId: local!prevApplicationId,
                        recordType: #"_a-0000deb5-0bcc-8000-9ba2-011c48011c48_218652",
                        pagingInfo: #"SYSTEM_SYSRULES_pagingInfo"(1, 500),
                        returnCdt: true
                      )
                    ),
                    
                    a!save
                    (
                      ri!termAuditHistoryList,
                      append(ri!termAuditHistoryList, ri!auditHistory)
                    ),
                    
                    if
                    (
                      #"_a-0000d62a-67b3-8000-da6f-010000010000_951"(ri!termAuditHistoryList),
                      {},
                      {
                        /*Null out PKs to write new entries*/
                        a!save
                        (
                          ri!termAuditHistoryList.auditHistoryId,
                          repeat
                          (
                            count(ri!termAuditHistoryList),
                            null
                          )
                        ),
                        
                        /*Set recordId to the new applicationId*/
                        a!save
                        (
                          ri!termAuditHistoryList.recordId,
                          repeat
                          (
                            count(ri!termGradScoreList),
                            local!newApplicationId
                          )
                        )
                      }
                    ),
                    
        
        /***************************NOTES***************************/
                    
                    /*Query for Notes*/
                    a!save
                    (
                      ri!termNoteList,
                      (
                        #"_a-0000deb5-0bcc-8000-9ba2-011c48011c48_218900"
                        (
                          applicationId: local!prevApplicationId,
                          pagingInfo: #"SYSTEM_SYSRULES_pagingInfo"(1, 500),
                          returnCdt: true
                        )
                      )
                    ),
                    
                    if
                    (
                      #"_a-0000d62a-67b3-8000-da6f-010000010000_951"(ri!termNoteList),
                      {},
                      {
                        /*Null out PKs to write new entries*/
                        a!save
                        (
                          ri!termNoteList.noteId,
                          repeat
                          (
                            count(ri!termNoteList),
                            null
                          )
                        ),
                        
                        /*Set recordId to the new applicationId*/
                        a!save
                        (
                          ri!termNoteList.applicationId,
                          repeat
                          (
                            count(ri!termNoteList),
                            local!newApplicationId
                          )
                        )
                      }
                    ),
                    
                    
                    
        /******************REVIEW CYCLE/GRAD SCORE LIST*********************/
                    
                    
                    
                    /*Query for the review cycle*/
                    a!save
                    (
                      ri!termReviewCycle,
                      (
                        index
                        (
                          #"_a-0000dec3-7017-8000-9ba2-011c48011c48_223347"
                          (
                            applicationId: local!prevApplicationId,
                            pagingInfo: #"SYSTEM_SYSRULES_pagingInfo"(1,1),
                            returnCdt: true
                          ),
                          1,
                          null
                        )
                      )
                    ),
                    
                    /*If there's a review cycle, get the gradScore list*/
                    if
                    (
                      or
                      (
                        #"_a-0000d62a-67b3-8000-da6f-010000010000_950"(ri!termReviewCycle),
                        #"_a-0000d62a-67b3-8000-da6f-010000010000_950"(ri!termReviewCycle.applicationId)
                      ),
                      {
                        /*If a blank review cycle comes back, set it to null'*/
                        a!save
                        (
                          ri!termReviewCycle,
                          null
                        )
                      },
                      {
                        a!save
                        (
                          ri!termGradScoreList,
                          #"_a-0000dec3-7017-8000-9ba2-011c48011c48_223357"
                          (
                            reviewCycleId: ri!termReviewCycle.reviewCycleId,
                            returnCdt: true,
                            pagingInfo: #"SYSTEM_SYSRULES_pagingInfo"(1,1000)
                          )
                        ),
                        
                        /*Null out PK to create new review cycle*/
                        a!save
                        (
                          ri!termReviewCycle.reviewCycleId,
                          null
                        ),
                  
                        /*Write new applicationId to reviewCycle*/
                        a!save
                        (
                          ri!termReviewCycle.applicationId,
                          local!newApplicationId
                        ),
                        
                        if
                        (
                          #"_a-0000d62a-67b3-8000-da6f-010000010000_951"(ri!termGradScoreList),
                          {},
                          
                          {
                            /*Null out PKs to write new entries*/
                            a!save
                            (
                              ri!termGradScoreList.scoreId,
                              repeat
                              (
                                count(ri!termGradScoreList),
                                null
                              )
                            ),
                            
                            /*Null out review cycle ids - write to this after writing new cycle*/
                            a!save
                            (
                              ri!termGradScoreList.reviewCycleId,
                              repeat
                              (
                                count(ri!termGradScoreList),
                                null
                              )
                            )
                          }
                        )
                      }
                    ),
                    
                    /**Final AH Value for old application**/
                    a!save
                    (
                      ri!termAuditHistoryList,
                      append
                      (
                        ri!termAuditHistoryList,
                        
                        'type!{urn:com:appian:types:TRV}TRV_auditHistory'(
                          recordId: local!prevApplicationId,
                          recordType: #"_a-0000deb5-0bcc-8000-9ba2-011c48011c48_218652",
                          initiatorName: local!loggedInUser,
                          eventTimestamp: now(),
                          actionType: #"_a-0000dec3-7017-8000-9ba2-011c48011c48_223714",
                          actionDescription: #"_a-0000dec3-7017-8000-9ba2-011c48011c48_223714",
                          isCompleted: 1,
                          /*notes: "Application Moved - New ID: "&amp;local!newApplicationId*/
                          notes: "Application Moved To: "
                          &amp;
                          ri!graduateApplication.uNumber
                          &amp;" / "&amp;
                          #"_a-0000def2-cb5b-8000-9ba2-011c48011c48_238367"(local!newTerm)
                          &amp;" / #"&amp;
                          local!applicationNumber
                          
                        )
                      )
                    ),
                    
                    /**Final AH Value for new application**/
                    a!save
                    (
                      ri!termAuditHistoryList,
                      append
                      (
                        ri!termAuditHistoryList,
                        
                        'type!{urn:com:appian:types:TRV}TRV_auditHistory'(
                          recordId: local!newApplicationId,
                          recordType: #"_a-0000deb5-0bcc-8000-9ba2-011c48011c48_218652",
                          initiatorName: local!loggedInUser,
                          eventTimestamp: now(),
                          actionType: #"_a-0000dec3-7017-8000-9ba2-011c48011c48_223714",
                          actionDescription: #"_a-0000dec3-7017-8000-9ba2-011c48011c48_223714",
                          isCompleted: 1,
                          /*notes:  "Application Moved from Application ID "&amp;local!prevApplicationId*/
                          notes: "Application Moved From: "
                          &amp;
                          ri!graduateApplication.uNumber
                          &amp;" / "&amp;
                          /*Use local!gradApp to get previous term*/
                          #"_a-0000def2-cb5b-8000-9ba2-011c48011c48_238367"(local!gradApp.term)
                          &amp;" / #"&amp;
                          ri!graduateApplication.applicationNumber
                        )
                      )
                    )
                    
                    
                  },
                  
                  /*Program - write updated graduateApplication*/
                  {
                    a!save
                    (
                      ri!applicationListToWrite,
                      {ri!graduateApplication}
                    ),
                    
                    a!save
                    (
                      ri!gradAppDetail,
                      #"_a-0000dec3-7017-8000-9ba2-011c48011c48_223654"(
                        applicationId: ri!gradAppDetail.applicationId,
                        returnCdt: true
                      )
                    ),
                    
                    a!save
                    (
                      ri!detailListToWrite,
                      {ri!gradAppDetail}
                    )
                  }
                )
              },
              
              /*Update not approved, just write old value for graduateApplication*/
              {
                a!save
                (
                  ri!graduateApplication,
                  #"_a-0000deb5-0bcc-8000-9ba2-011c48011c48_219281"(
                    applicationId: ri!gradAppDetail.applicationId,
                    returnCdt: true
                  )
                ),
                
                a!save
                (
                  ri!applicationListToWrite,
                  {ri!graduateApplication}
                ),
                
                a!save
                (
                  ri!gradAppDetail,
                  #"_a-0000dec3-7017-8000-9ba2-011c48011c48_223654"(
                    applicationId: ri!gradAppDetail.applicationId,
                    returnCdt: true
                  )
                ),
                
                a!save
                (
                  ri!detailListToWrite,
                  {ri!gradAppDetail}
                )
              }
            ),
            
            /*If degree is changed, somebody needs to manually update banner*/
            if
            (
              local!gradApp.degreeName = local!newDegree,
              a!save(
                ri!degreeChanged,
                false
              ),
              a!save(
                ri!degreeChanged,
                true
              )
            )
          }
        )
      },
      /*Cancel*/
      secondaryButtons: {
        #"SYSTEM_SYSRULES_ButtonWidgetSubmit"(
          label: #"_a-0000deb5-0bcc-8000-9ba2-011c48011c48_218782",
          style: "NORMAL",
          value: #"_a-0000deb5-0bcc-8000-9ba2-011c48011c48_218782",
          saveInto:
          {
            ri!btnValue,
            a!save
            (
              ri!updateApproved,
              null
            )
          },
          skipValidation: true
        )
      }
    ),
    validations: {}
  )
)</definition>
        <namedTypedValue>
            <name>gradAppDetail</name>
            <type>
                <name>UAP_gradAppDetail</name>
                <namespace>urn:com:appian:types:UAP</namespace>
            </type>
        </namedTypedValue>
        <namedTypedValue>
            <name>btnValue</name>
            <type>
                <name>string</name>
                <namespace>http://www.w3.org/2001/XMLSchema</namespace>
            </type>
            <value/>
        </namedTypedValue>
        <namedTypedValue>
            <name>auditHistory</name>
            <type>
                <name>TRV_auditHistory</name>
                <namespace>urn:com:appian:types:TRV</namespace>
            </type>
        </namedTypedValue>
        <namedTypedValue>
            <name>modifyValue</name>
            <type>
                <name>string</name>
                <namespace>http://www.w3.org/2001/XMLSchema</namespace>
            </type>
            <value/>
        </namedTypedValue>
        <namedTypedValue>
            <name>graduateApplication</name>
            <type>
                <name>UAP_graduateApplication</name>
                <namespace>urn:com:appian:types:UAP</namespace>
            </type>
        </namedTypedValue>
        <namedTypedValue>
            <name>updateApproved</name>
            <type>
                <name>boolean</name>
                <namespace>http://www.w3.org/2001/XMLSchema</namespace>
            </type>
        </namedTypedValue>
        <namedTypedValue>
            <name>applicationListToWrite</name>
            <type>
                <name>UAP_graduateApplication?list</name>
                <namespace>urn:com:appian:types:UAP</namespace>
            </type>
        </namedTypedValue>
        <namedTypedValue>
            <name>detailListToWrite</name>
            <type>
                <name>UAP_gradAppDetail?list</name>
                <namespace>urn:com:appian:types:UAP</namespace>
            </type>
        </namedTypedValue>
        <namedTypedValue>
            <name>termReviewCycle</name>
            <type>
                <name>UAP_reviewCycle</name>
                <namespace>urn:com:appian:types:UAP</namespace>
            </type>
        </namedTypedValue>
        <namedTypedValue>
            <name>termGradScoreList</name>
            <type>
                <name>UAP_gradScore?list</name>
                <namespace>urn:com:appian:types:UAP</namespace>
            </type>
        </namedTypedValue>
        <namedTypedValue>
            <name>termAuditHistoryList</name>
            <type>
                <name>TRV_auditHistory?list</name>
                <namespace>urn:com:appian:types:TRV</namespace>
            </type>
        </namedTypedValue>
        <namedTypedValue>
            <name>termNoteList</name>
            <type>
                <name>UAP_applicationNote?list</name>
                <namespace>urn:com:appian:types:UAP</namespace>
            </type>
        </namedTypedValue>
        <namedTypedValue>
            <name>degreeChanged</name>
            <type>
                <name>boolean</name>
                <namespace>http://www.w3.org/2001/XMLSchema</namespace>
            </type>
        </namedTypedValue>
        <metadataExpr></metadataExpr>
        <preferredEditor>interface</preferredEditor>
        <offlineEnabled>false</offlineEnabled>
    </rule>
    <roleMap public="true">
        <role inherit="true" allowForAll="false" name="readers">
            <users/>
            <groups/>
        </role>
        <role inherit="true" allowForAll="false" name="authors">
            <users/>
            <groups/>
        </role>
        <role inherit="true" allowForAll="false" name="administrators">
            <users>
                <userUuid>U03434620</userUuid>
            </users>
            <groups/>
        </role>
        <role inherit="false" allowForAll="false" name="denyReaders">
            <users/>
            <groups/>
        </role>
        <role inherit="false" allowForAll="false" name="denyAuthors">
            <users/>
            <groups/>
        </role>
        <role inherit="false" allowForAll="false" name="denyAdministrators">
            <users/>
            <groups/>
        </role>
    </roleMap>
    <typedValue>
        <type>
            <name>RuleTestConfig?list</name>
            <namespace>http://www.appian.com/ae/types/2009</namespace>
        </type>
        <value>
            <el>
                <a:name/>
                <a:ruleInputTestConfigs>
                    <a:value xmlns:xsi="http://www.w3.org/2001/XMLSchema-instance" xsi:type="a:Expression">#"_a-0000dec3-7017-8000-9ba2-011c48011c48_223654"
(
  applicationId: 1,
  returnCdt: true
)</a:value>
                    <a:nameRef>gradAppDetail</a:nameRef>
                    <a:id/>
                </a:ruleInputTestConfigs>
                <a:ruleInputTestConfigs>
                    <a:value xmlns:xsd="http://www.w3.org/2001/XMLSchema" xmlns:xsi="http://www.w3.org/2001/XMLSchema-instance" xsi:type="xsd:string"/>
                    <a:nameRef>btnValue</a:nameRef>
                    <a:id/>
                </a:ruleInputTestConfigs>
                <a:ruleInputTestConfigs>
                    <a:value xmlns:xsi="http://www.w3.org/2001/XMLSchema-instance" xsi:type="a:Expression">'type!{urn:com:appian:types:TRV}TRV_auditHistory'(auditHistoryId:51220, recordId:34591, recordType:"Grad Admission", initiatorName:"Faculty Reviewer", eventTimestamp:fn!datetime(2017, 6, 22, 21, 12, 26, 0), actionType:"Review", actionDescription:"Updated Faculty Review", notes:"Program Change Requested: AS-APA-none-PHD to AS-AUD-none-MS, Test Scores Marked As Complete, Resume Marked As Complete, Rec 1 Marked As Complete", isCompleted:true)</a:value>
                    <a:nameRef>auditHistory</a:nameRef>
                    <a:id/>
                </a:ruleInputTestConfigs>
                <a:ruleInputTestConfigs>
                    <a:value xmlns:xsi="http://www.w3.org/2001/XMLSchema-instance" xsi:type="a:Expression">#"_a-0000defe-bf54-8000-9ba2-011c48011c48_242442"</a:value>
                    <a:nameRef>modifyValue</a:nameRef>
                    <a:id/>
                </a:ruleInputTestConfigs>
                <a:ruleInputTestConfigs>
                    <a:value xmlns:xsi="http://www.w3.org/2001/XMLSchema-instance" xsi:type="a:Expression">'type!{urn:com:appian:types:UAP}UAP_graduateApplication'(applicationId:1, applicationNumber:"10", referenceNumber:"VZ0147095", term:"201308", studentType:"G", uNumber:"U20714119", firstName:"Melanie", middleName:"Christina", lastName:"Bounacos", address1:"7525 83rd St North Apt 112", city:"Seminole", state:"FL", country:"US", zip:"33777", phoneNumber:"7274793885", email:"mbounaco@gmail.com", appSubmittedOn:fn!datetime(2016, 10, 29, 16, 1, 9, 0), campus:"T", college:"BM", department:"MED", degree:"MBA", gpa:3.55, isInternational:false, majorCode:"BAS", isFeePaid:true, isEnglishProficient:false, isClearedForConduct:false, applicationDecision:"CA", applicationDecisionDate:fn!datetime(2017, 1, 4, 14, 55, 57, 0), isRG:false, citizenshipCode:"C")</a:value>
                    <a:nameRef>graduateApplication</a:nameRef>
                    <a:id/>
                </a:ruleInputTestConfigs>
                <a:ruleInputTestConfigs>
                    <a:value xmlns:xsd="http://www.w3.org/2001/XMLSchema" xmlns:xsi="http://www.w3.org/2001/XMLSchema-instance" xsi:nil="true" xsi:type="xsd:boolean"/>
                    <a:nameRef>updateApproved</a:nameRef>
                    <a:id/>
                </a:ruleInputTestConfigs>
                <a:ruleInputTestConfigs>
                    <a:nameRef>applicationListToWrite</a:nameRef>
                    <a:id/>
                </a:ruleInputTestConfigs>
                <a:ruleInputTestConfigs>
                    <a:nameRef>detailListToWrite</a:nameRef>
                    <a:id/>
                </a:ruleInputTestConfigs>
                <a:ruleInputTestConfigs>
                    <a:value xmlns:n1="urn:com:appian:types:UAP" xmlns:xsi="http://www.w3.org/2001/XMLSchema-instance" xsi:nil="true" xsi:type="n1:UAP_reviewCycle"/>
                    <a:nameRef>termReviewCycle</a:nameRef>
                    <a:id/>
                </a:ruleInputTestConfigs>
                <a:ruleInputTestConfigs>
                    <a:nameRef>termGradScoreList</a:nameRef>
                    <a:id/>
                </a:ruleInputTestConfigs>
                <a:ruleInputTestConfigs>
                    <a:nameRef>termAuditHistoryList</a:nameRef>
                    <a:id/>
                </a:ruleInputTestConfigs>
                <a:ruleInputTestConfigs>
                    <a:nameRef>termNoteList</a:nameRef>
                    <a:id/>
                </a:ruleInputTestConfigs>
                <a:ruleInputTestConfigs>
                    <a:value xmlns:xsd="http://www.w3.org/2001/XMLSchema" xmlns:xsi="http://www.w3.org/2001/XMLSchema-instance" xsi:nil="true" xsi:type="xsd:boolean"/>
                    <a:nameRef>degreeChanged</a:nameRef>
                    <a:id/>
                </a:ruleInputTestConfigs>
                <a:assertions xmlns:xsi="http://www.w3.org/2001/XMLSchema-instance" xsi:nil="true"/>
            </el>
        </value>
    </typedValue>
</contentHaul>
