<?xml version="1.0" encoding="UTF-8" standalone="yes"?>
<contentHaul xmlns:a="http://www.appian.com/ae/types/2009">
    <rule>
        <name>UAP_editProgramDirectorIcon</name>
        <uuid>_a-0000deb5-0bcc-8000-9ba2-011c48011c48_218783</uuid>
        <description>The Pencil Icon to edit Program Director</description>
        <parentUuid>_a-0000deb5-0bcc-8000-9ba2-011c48011c48_218267</parentUuid>
        <visibility>
            <advertise>false</advertise>
            <hierarchy>true</hierarchy>
            <indexable>true</indexable>
            <quota>false</quota>
            <searchable>true</searchable>
            <system>false</system>
            <unlogged>false</unlogged>
        </visibility>
        <definition>#"SYSTEM_SYSRULES_documentImage"&#xD;
(&#xD;
  document: #"_a-0000deb5-0bcc-8000-9ba2-011c48011c48_218769",&#xD;
  altText: "Edit",&#xD;
  /*caption: "Edit",*/&#xD;
  link:&#xD;
  #"SYSTEM_SYSRULES_dynamicLink"&#xD;
  (&#xD;
    value: ri!programDegree.levelThreeId,&#xD;
    saveInto: &#xD;
    {&#xD;
      ri!editLevelThreeId,&#xD;
      &#xD;
      a!save&#xD;
      (&#xD;
        ri!currentLevel3,&#xD;
        #"_a-0000deb5-0bcc-8000-9ba2-011c48011c48_218352"&#xD;
        (&#xD;
          id: ri!editLevelThreeId,&#xD;
          returnCdt: true&#xD;
        )&#xD;
      ),&#xD;
      &#xD;
      a!save&#xD;
      (&#xD;
        ri!reviewersToWrite,&#xD;
        #"_a-0000deb5-0bcc-8000-9ba2-011c48011c48_219583"&#xD;
        (&#xD;
          levelThreeId: ri!editLevelThreeId,&#xD;
          pagingInfo: &#xD;
          #"SYSTEM_SYSRULES_pagingInfo"&#xD;
          (&#xD;
            startIndex: 1,&#xD;
            batchSize: -1,&#xD;
            sort:&#xD;
            #"SYSTEM_SYSRULES_sortInfo"&#xD;
            (&#xD;
              field: "id",&#xD;
              ascending: true&#xD;
            )&#xD;
          ),&#xD;
          returnCdt: true&#xD;
        )&#xD;
      ),&#xD;
      &#xD;
      /*Clear out reviewers to delete*/&#xD;
      a!save&#xD;
      (&#xD;
        ri!reviewersToDelete,&#xD;
        {}&#xD;
      ),&#xD;
      &#xD;
      a!save&#xD;
      (&#xD;
        ri!newDirector,&#xD;
        ri!currentLevel3.director&#xD;
      ),&#xD;
      &#xD;
      a!save&#xD;
      (&#xD;
        ri!requirementList,&#xD;
        #"_a-0000dec3-7017-8000-9ba2-011c48011c48_223359"&#xD;
        (&#xD;
          level3: ri!currentLevel3&#xD;
        )&#xD;
      )&#xD;
    }&#xD;
  )&#xD;
)</definition>
        <namedTypedValue>
            <name>programDegree</name>
            <type>
                <name>UAP_v_programDegree</name>
                <namespace>urn:com:appian:types:UAP</namespace>
            </type>
        </namedTypedValue>
        <namedTypedValue>
            <name>editLevelThreeId</name>
            <type>
                <name>int</name>
                <namespace>http://www.w3.org/2001/XMLSchema</namespace>
            </type>
        </namedTypedValue>
        <namedTypedValue>
            <name>currentLevel3</name>
            <type>
                <name>UAP_level3</name>
                <namespace>urn:com:appian:types:UAP</namespace>
            </type>
        </namedTypedValue>
        <namedTypedValue>
            <name>newDirector</name>
            <type>
                <name>string</name>
                <namespace>http://www.w3.org/2001/XMLSchema</namespace>
            </type>
            <value/>
        </namedTypedValue>
        <namedTypedValue>
            <name>reviewersToWrite</name>
            <type>
                <name>UAP_reviewer?list</name>
                <namespace>urn:com:appian:types:UAP</namespace>
            </type>
        </namedTypedValue>
        <namedTypedValue>
            <name>reviewersToDelete</name>
            <type>
                <name>UAP_reviewer?list</name>
                <namespace>urn:com:appian:types:UAP</namespace>
            </type>
        </namedTypedValue>
        <namedTypedValue>
            <name>requirementList</name>
            <type>
                <name>Integer?list</name>
                <namespace>http://www.appian.com/ae/types/2009</namespace>
            </type>
        </namedTypedValue>
        <preferredEditor>legacy</preferredEditor>
        <offlineEnabled>false</offlineEnabled>
    </rule>
    <roleMap public="true">
        <role inherit="true" allowForAll="false" name="readers">
            <users/>
            <groups/>
        </role>
        <role inherit="true" allowForAll="false" name="authors">
            <users/>
            <groups/>
        </role>
        <role inherit="true" allowForAll="false" name="administrators">
            <users/>
            <groups/>
        </role>
        <role inherit="false" allowForAll="false" name="denyReaders">
            <users/>
            <groups/>
        </role>
        <role inherit="false" allowForAll="false" name="denyAuthors">
            <users/>
            <groups/>
        </role>
        <role inherit="false" allowForAll="false" name="denyAdministrators">
            <users/>
            <groups/>
        </role>
    </roleMap>
</contentHaul>
