<?xml version="1.0" encoding="UTF-8" standalone="yes"?>
<contentHaul xmlns:a="http://www.appian.com/ae/types/2009">
    <rule>
        <name>UAP_pg_gacDashboard</name>
        <uuid>_a-0000decc-9caf-8000-9ba2-011c48011c48_227256</uuid>
        <description>the paging grid for the gac dashboard</description>
        <parentUuid>_a-0000deb5-0bcc-8000-9ba2-011c48011c48_218266</parentUuid>
        <visibility>
            <advertise>false</advertise>
            <hierarchy>true</hierarchy>
            <indexable>true</indexable>
            <quota>false</quota>
            <searchable>true</searchable>
            <system>false</system>
            <unlogged>false</unlogged>
        </visibility>
        <definition>load
(
  local!previousPagingInfo,
  
  #"SYSTEM_SYSRULES_gridField"(
    totalCount: ri!datasubset.totalCount,
    value: ri!gridSelection,
    saveInto: {
      
      a!save(local!previousPagingInfo, ri!gridSelection.pagingInfo),
      
      /*Store current grid selection*/
      a!save(ri!gridSelection, save!value),
      
      /*If selection hasn't changed changed. Clear out selection and query*/
      if
      (
        local!previousPagingInfo &lt;&gt; ri!gridSelection.pagingInfo,
        {
          a!save(ri!gridSelection.selected, null),
          a!save(
            ri!datasubset,
            #"_a-0000decc-9caf-8000-9ba2-011c48011c48_225732"(
              returnAll: true,
              pagingInfo: ri!gridSelection.pagingInfo,
              applicationId: ri!applicantFilter,
              gpa: ri!gpaFilter,
              deptDecision: ri!decisionFilter,
              applicationStatus: ri!statusFilter,
              uNumber: ri!uNumberFilter,
              college: ri!collegeFilter,
              major: ri!majorFilter,
              concentration: ri!concentrationFilter,
              degree: ri!degreeFilter,
              term: ri!termFilter
            )
          )
        },
        {}
      )
    },
    emptyGridMessage: "No Applications Found",
    selection: true,
    identifiers: index(ri!datasubset.data,"applicationId",{}),
    columns: {
      #"SYSTEM_SYSRULES_gridTextColumn"(
        label: "Applicant",
        data: index(ri!datasubset.data,"name",{}),
        field: "applicationId",
        links: 
          apply(
            #"SYSTEM_SYSRULES_recordLink"(
              recordType: #"_a-0000decc-9caf-8000-9ba2-011c48011c48_225409",
              identifier: _
            ),
            index(ri!datasubset.data,"applicationId",{})
          )
        
      ),
      #"SYSTEM_SYSRULES_gridTextColumn"(
        label: "UNumber",
        field: "uNumber",
        data: index(ri!datasubset.data,"uNumber",{})
      ),
      #"SYSTEM_SYSRULES_gridTextColumn"(
        label: "Decisioned?",
        field: "deptDecision",
        alignment: "CENTER",
        data: apply(
          #"_a-0000decc-9caf-8000-9ba2-011c48011c48_226610"(
            _
          ),
            index(ri!datasubset.data,"finalDecision",{})
          
        )
      ),
      #"SYSTEM_SYSRULES_gridTextColumn"(
        label: #"_a-0000dee0-8e2c-8000-9ba2-011c48011c48_232678",
        field: "status",
        data: index(ri!datasubset.data,"status",{})
      ),
      /*a!gridTextColumn(*/
      /*  label: "GPA Value",*/
      /*  field: "gpa",*/
      /*  data: apply(*/
      /*    fixed(*/
      /*      _,*/
      /*      2*/
      /*    ),*/
      /*    index(ri!datasubset.data,"gpa",{})*/
      /*  )*/
      /*),*/
      /*a!gridTextColumn(*/
      /*  label: "Reviews",*/
      /*  field: "reviewCount",*/
      /*  data: apply(*/
      /*    rule!UAP_reviewCompleteFormat(*/
      /*      _,*/
      /*      _*/
      /*    ),*/
      /*    merge(*/
      /*      index(ri!datasubset.data,"reviewCount",{}),*/
      /*      index(ri!datasubset.data,"reviewerCount",{})*/
      /*    )*/
      /*  )*/
      /*),*/
      /*a!gridTextColumn(*/
      /*  label: "Avg Score",*/
      /*  data: apply(*/
      /*    rule!UAP_displayAvgScore(*/
      /*      scoreList: _,*/
      /*      reviewCount: _,*/
      /*      scoringTypeId: _*/
      /*    ),*/
      /*    merge(*/
      /*      index(ri!datasubset.data,"scoreList",{}),*/
      /*      index(ri!datasubset.data,"reviewCount",{}),*/
      /*      index(ri!datasubset.data,"scoringTypeId",{})*/
      /*    )*/
      /*  )*/
      /*),*/
      #"SYSTEM_SYSRULES_gridTextColumn"(
        label: "Director Recommendation",
        field: "deptDecision",
        data: apply(
          #"f4488613-dbe8-4f75-a075-7d3b34a940f7"(
            _
          ),
          index(ri!datasubset.data,"deptDecision",{})
        )
      ),
      #"SYSTEM_SYSRULES_gridTextColumn"(
        label: "Final Decision",
        field: "finalDecision",
        data: apply(
          #"f4488613-dbe8-4f75-a075-7d3b34a940f7"(
            _
          ),
          index(ri!datasubset.data,"finalDecision",{})
        )
      ),
      #"SYSTEM_SYSRULES_gridImageColumn"(
        label: "Fee Paid?",
        size: "ICON",
        data: apply(
          #"_a-0000dee0-8e2c-8000-9ba2-011c48011c48_232578"(
            _
          ),
          index(ri!datasubset.data,"isFeePaid",{})
        )
      ),
        #"SYSTEM_SYSRULES_gridImageColumn"(
          label: "Transcript",
          field: "transcript",
          size: "ICON",
          data: apply(
            #"_a-0000decc-9caf-8000-9ba2-011c48011c48_226128"(
              item: _
            ),
            index(ri!datasubset.data,"transcript",{})
          )
        
      ),
      
      #"SYSTEM_SYSRULES_gridImageColumn"(
        label: "English",
        size: "ICON",
        data: apply(
          #"_a-0000decc-9caf-8000-9ba2-011c48011c48_227076"(
            item: _
          ),
          index(ri!datasubset.data,"isEnglishProficient",{})
        )
      ),
      #"SYSTEM_SYSRULES_gridImageColumn"(
        label: "No Hold?",
        size: "ICON",
        data: apply(
          #"_a-0000dee0-8e2c-8000-9ba2-011c48011c48_232571"(
            _
          ),
          index(ri!datasubset.data,"isClearedForConduct",{})
        )
      ),
      #"SYSTEM_SYSRULES_gridTextColumn"(
        label: "Submitted On",
        field: "appSubmittedOn",
        data: index(ri!datasubset.data,"appSubmittedOn",{})
      )
    }
  )
)</definition>
        <namedTypedValue>
            <name>datasubset</name>
            <type>
                <name>DataSubset</name>
                <namespace>http://www.appian.com/ae/types/2009</namespace>
            </type>
        </namedTypedValue>
        <namedTypedValue>
            <name>gridSelection</name>
            <type>
                <name>GridSelection</name>
                <namespace>http://www.appian.com/ae/types/2009</namespace>
            </type>
        </namedTypedValue>
        <namedTypedValue>
            <name>gpaFilter</name>
            <type>
                <name>string</name>
                <namespace>http://www.w3.org/2001/XMLSchema</namespace>
            </type>
            <value/>
        </namedTypedValue>
        <namedTypedValue>
            <name>decisionFilter</name>
            <type>
                <name>string</name>
                <namespace>http://www.w3.org/2001/XMLSchema</namespace>
            </type>
            <value/>
        </namedTypedValue>
        <namedTypedValue>
            <name>levelThree</name>
            <type>
                <name>UAP_level3</name>
                <namespace>urn:com:appian:types:UAP</namespace>
            </type>
        </namedTypedValue>
        <namedTypedValue>
            <name>applicantFilter</name>
            <type>
                <name>string</name>
                <namespace>http://www.w3.org/2001/XMLSchema</namespace>
            </type>
            <value/>
        </namedTypedValue>
        <namedTypedValue>
            <name>statusFilter</name>
            <type>
                <name>string</name>
                <namespace>http://www.w3.org/2001/XMLSchema</namespace>
            </type>
            <value/>
        </namedTypedValue>
        <namedTypedValue>
            <name>uNumberFilter</name>
            <type>
                <name>string</name>
                <namespace>http://www.w3.org/2001/XMLSchema</namespace>
            </type>
            <value/>
        </namedTypedValue>
        <namedTypedValue>
            <name>collegeFilter</name>
            <type>
                <name>string</name>
                <namespace>http://www.w3.org/2001/XMLSchema</namespace>
            </type>
            <value/>
        </namedTypedValue>
        <namedTypedValue>
            <name>majorFilter</name>
            <type>
                <name>string</name>
                <namespace>http://www.w3.org/2001/XMLSchema</namespace>
            </type>
            <value/>
        </namedTypedValue>
        <namedTypedValue>
            <name>concentrationFilter</name>
            <type>
                <name>string</name>
                <namespace>http://www.w3.org/2001/XMLSchema</namespace>
            </type>
            <value/>
        </namedTypedValue>
        <namedTypedValue>
            <name>degreeFilter</name>
            <type>
                <name>string</name>
                <namespace>http://www.w3.org/2001/XMLSchema</namespace>
            </type>
            <value/>
        </namedTypedValue>
        <namedTypedValue>
            <name>termFilter</name>
            <type>
                <name>string</name>
                <namespace>http://www.w3.org/2001/XMLSchema</namespace>
            </type>
            <value/>
        </namedTypedValue>
        <metadataExpr></metadataExpr>
        <preferredEditor>interface</preferredEditor>
        <offlineEnabled>false</offlineEnabled>
    </rule>
    <roleMap public="true">
        <role inherit="true" allowForAll="false" name="readers">
            <users/>
            <groups/>
        </role>
        <role inherit="true" allowForAll="false" name="authors">
            <users/>
            <groups/>
        </role>
        <role inherit="true" allowForAll="false" name="administrators">
            <users/>
            <groups/>
        </role>
        <role inherit="false" allowForAll="false" name="denyReaders">
            <users/>
            <groups/>
        </role>
        <role inherit="false" allowForAll="false" name="denyAuthors">
            <users/>
            <groups/>
        </role>
        <role inherit="false" allowForAll="false" name="denyAdministrators">
            <users/>
            <groups/>
        </role>
    </roleMap>
    <typedValue>
        <type>
            <name>RuleTestConfig?list</name>
            <namespace>http://www.appian.com/ae/types/2009</namespace>
        </type>
        <value>
            <el>
                <a:name/>
                <a:ruleInputTestConfigs>
                    <a:value xmlns:xsi="http://www.w3.org/2001/XMLSchema-instance" xsi:type="a:Expression">#"_a-0000decc-9caf-8000-9ba2-011c48011c48_225732"(
  returnAll: true,
  pagingInfo: #"SYSTEM_SYSRULES_pagingInfo"(1,10)
)</a:value>
                    <a:nameRef>datasubset</a:nameRef>
                    <a:id/>
                </a:ruleInputTestConfigs>
                <a:ruleInputTestConfigs>
                    <a:value xmlns:xsi="http://www.w3.org/2001/XMLSchema-instance" xsi:type="a:Expression">#"SYSTEM_SYSRULES_gridSelection"(
  #"SYSTEM_SYSRULES_pagingInfo"(1,10)
)</a:value>
                    <a:nameRef>gridSelection</a:nameRef>
                    <a:id/>
                </a:ruleInputTestConfigs>
                <a:ruleInputTestConfigs>
                    <a:value xmlns:xsd="http://www.w3.org/2001/XMLSchema" xmlns:xsi="http://www.w3.org/2001/XMLSchema-instance" xsi:type="xsd:string"/>
                    <a:nameRef>gpaFilter</a:nameRef>
                    <a:id/>
                </a:ruleInputTestConfigs>
                <a:ruleInputTestConfigs>
                    <a:value xmlns:xsd="http://www.w3.org/2001/XMLSchema" xmlns:xsi="http://www.w3.org/2001/XMLSchema-instance" xsi:type="xsd:string"/>
                    <a:nameRef>decisionFilter</a:nameRef>
                    <a:id/>
                </a:ruleInputTestConfigs>
                <a:ruleInputTestConfigs>
                    <a:value xmlns:n1="urn:com:appian:types:UAP" xmlns:xsi="http://www.w3.org/2001/XMLSchema-instance" xsi:nil="true" xsi:type="n1:UAP_level3"/>
                    <a:nameRef>levelThree</a:nameRef>
                    <a:id/>
                </a:ruleInputTestConfigs>
                <a:ruleInputTestConfigs>
                    <a:value xmlns:xsd="http://www.w3.org/2001/XMLSchema" xmlns:xsi="http://www.w3.org/2001/XMLSchema-instance" xsi:type="xsd:string"/>
                    <a:nameRef>applicantFilter</a:nameRef>
                    <a:id/>
                </a:ruleInputTestConfigs>
                <a:ruleInputTestConfigs>
                    <a:value xmlns:xsd="http://www.w3.org/2001/XMLSchema" xmlns:xsi="http://www.w3.org/2001/XMLSchema-instance" xsi:type="xsd:string"/>
                    <a:nameRef>statusFilter</a:nameRef>
                    <a:id/>
                </a:ruleInputTestConfigs>
                <a:ruleInputTestConfigs>
                    <a:value xmlns:xsd="http://www.w3.org/2001/XMLSchema" xmlns:xsi="http://www.w3.org/2001/XMLSchema-instance" xsi:type="xsd:string"/>
                    <a:nameRef>uNumberFilter</a:nameRef>
                    <a:id/>
                </a:ruleInputTestConfigs>
                <a:ruleInputTestConfigs>
                    <a:value xmlns:xsd="http://www.w3.org/2001/XMLSchema" xmlns:xsi="http://www.w3.org/2001/XMLSchema-instance" xsi:type="xsd:string"/>
                    <a:nameRef>collegeFilter</a:nameRef>
                    <a:id/>
                </a:ruleInputTestConfigs>
                <a:ruleInputTestConfigs>
                    <a:value xmlns:xsd="http://www.w3.org/2001/XMLSchema" xmlns:xsi="http://www.w3.org/2001/XMLSchema-instance" xsi:type="xsd:string"/>
                    <a:nameRef>majorFilter</a:nameRef>
                    <a:id/>
                </a:ruleInputTestConfigs>
                <a:ruleInputTestConfigs>
                    <a:value xmlns:xsd="http://www.w3.org/2001/XMLSchema" xmlns:xsi="http://www.w3.org/2001/XMLSchema-instance" xsi:type="xsd:string"/>
                    <a:nameRef>concentrationFilter</a:nameRef>
                    <a:id/>
                </a:ruleInputTestConfigs>
                <a:ruleInputTestConfigs>
                    <a:value xmlns:xsd="http://www.w3.org/2001/XMLSchema" xmlns:xsi="http://www.w3.org/2001/XMLSchema-instance" xsi:type="xsd:string"/>
                    <a:nameRef>degreeFilter</a:nameRef>
                    <a:id/>
                </a:ruleInputTestConfigs>
                <a:ruleInputTestConfigs>
                    <a:value xmlns:xsd="http://www.w3.org/2001/XMLSchema" xmlns:xsi="http://www.w3.org/2001/XMLSchema-instance" xsi:type="xsd:string"/>
                    <a:nameRef>termFilter</a:nameRef>
                    <a:id/>
                </a:ruleInputTestConfigs>
                <a:assertions xmlns:xsi="http://www.w3.org/2001/XMLSchema-instance" xsi:nil="true"/>
            </el>
        </value>
    </typedValue>
</contentHaul>
