<?xml version="1.0" encoding="UTF-8" standalone="yes"?>
<contentHaul xmlns:a="http://www.appian.com/ae/types/2009">
    <rule>
        <name>UAP_removeFromAuditHistory</name>
        <uuid>_a-0000df0b-4b17-8000-9ba2-011c48011c48_247726</uuid>
        <description>Rule to remove entries from Audit History in a process model</description>
        <parentUuid>_a-0000deb5-0bcc-8000-9ba2-011c48011c48_218267</parentUuid>
        <visibility>
            <advertise>false</advertise>
            <hierarchy>true</hierarchy>
            <indexable>true</indexable>
            <quota>false</quota>
            <searchable>true</searchable>
            <system>false</system>
            <unlogged>false</unlogged>
        </visibility>
        <definition>if(
  #"_a-0000d62a-67b3-8000-da6f-010000010000_951"(
    ri!falseList
  ),
  ri!auditHistory,  
  index
  (
    ri!auditHistory,
    where
    (
      /*Return indices where not in false list*/
      not
      (
        /*Return indices where in false list*/
        apply
        (
          contains(ri!falseList, _),
          ri!auditHistory.recordId
        )
      )
    ),
    null
  )
)


    
    </definition>
        <namedTypedValue>
            <name>auditHistory</name>
            <type>
                <name>TRV_auditHistory?list</name>
                <namespace>urn:com:appian:types:TRV</namespace>
            </type>
        </namedTypedValue>
        <namedTypedValue>
            <name>falseList</name>
            <type>
                <name>Integer?list</name>
                <namespace>http://www.appian.com/ae/types/2009</namespace>
            </type>
        </namedTypedValue>
        <preferredEditor>legacy</preferredEditor>
        <offlineEnabled>false</offlineEnabled>
    </rule>
    <roleMap public="true">
        <role inherit="true" allowForAll="false" name="readers">
            <users/>
            <groups/>
        </role>
        <role inherit="true" allowForAll="false" name="authors">
            <users/>
            <groups/>
        </role>
        <role inherit="true" allowForAll="false" name="administrators">
            <users/>
            <groups/>
        </role>
        <role inherit="false" allowForAll="false" name="denyReaders">
            <users/>
            <groups/>
        </role>
        <role inherit="false" allowForAll="false" name="denyAuthors">
            <users/>
            <groups/>
        </role>
        <role inherit="false" allowForAll="false" name="denyAdministrators">
            <users/>
            <groups/>
        </role>
    </roleMap>
    <typedValue>
        <type>
            <name>RuleTestConfig?list</name>
            <namespace>http://www.appian.com/ae/types/2009</namespace>
        </type>
        <value>
            <el>
                <a:name>Tester</a:name>
                <a:ruleInputTestConfigs>
                    <a:value xmlns:xsi="http://www.w3.org/2001/XMLSchema-instance" xsi:type="a:Expression">{
  'type!{urn:com:appian:types:TRV}TRV_auditHistory'(recordId: 10),
  'type!{urn:com:appian:types:TRV}TRV_auditHistory'(recordId: 20),
  'type!{urn:com:appian:types:TRV}TRV_auditHistory'(recordId: 30),
  'type!{urn:com:appian:types:TRV}TRV_auditHistory'(recordId: 40)
}</a:value>
                    <a:nameRef>auditHistory</a:nameRef>
                    <a:id>1</a:id>
                </a:ruleInputTestConfigs>
                <a:ruleInputTestConfigs>
                    <a:value xmlns:xsi="http://www.w3.org/2001/XMLSchema-instance" xsi:type="a:Expression">{20,30}</a:value>
                    <a:nameRef>falseList</a:nameRef>
                    <a:id>2</a:id>
                </a:ruleInputTestConfigs>
                <a:assertions xmlns:xsi="http://www.w3.org/2001/XMLSchema-instance" xsi:nil="true"/>
            </el>
        </value>
    </typedValue>
</contentHaul>
