<?xml version="1.0" encoding="UTF-8" standalone="yes"?>
<contentHaul xmlns:a="http://www.appian.com/ae/types/2009">
    <rule>
        <name>UAP_MS_generateAuthenticationHeader</name>
        <uuid>_a-0000df16-9c51-8000-9ba2-011c48011c48_253180</uuid>
        <description>Generates the header for passing in Appian's client_id and client_secret to MuleSoft APIs for Admissions</description>
        <parentUuid>_a-0000de4c-be94-8000-9ba2-011c48011c48_174810</parentUuid>
        <visibility>
            <advertise>false</advertise>
            <hierarchy>true</hierarchy>
            <indexable>true</indexable>
            <quota>false</quota>
            <searchable>true</searchable>
            <system>false</system>
            <unlogged>false</unlogged>
        </visibility>
        <definition>{
  #"SYSTEM_SYSRULES_httpHeader"(
    name: "client_id",
    value: "af066030e05446ebaae33a45854182a9"
  ),
  #"SYSTEM_SYSRULES_httpHeader"(
    name: "client_secret",
    value: "B39619F63d384E8Fa476D902c212a51F"
  )
}</definition>
        <preferredEditor>legacy</preferredEditor>
        <offlineEnabled>false</offlineEnabled>
    </rule>
    <roleMap public="true">
        <role inherit="true" allowForAll="false" name="readers">
            <users/>
            <groups/>
        </role>
        <role inherit="true" allowForAll="false" name="authors">
            <users/>
            <groups/>
        </role>
        <role inherit="true" allowForAll="false" name="administrators">
            <users/>
            <groups/>
        </role>
        <role inherit="false" allowForAll="false" name="denyReaders">
            <users/>
            <groups/>
        </role>
        <role inherit="false" allowForAll="false" name="denyAuthors">
            <users/>
            <groups/>
        </role>
        <role inherit="false" allowForAll="false" name="denyAdministrators">
            <users/>
            <groups/>
        </role>
    </roleMap>
</contentHaul>
