<?xml version="1.0" encoding="UTF-8" standalone="yes"?>
<contentHaul xmlns:a="http://www.appian.com/ae/types/2009">
    <rule>
        <name>UAP_c_program</name>
        <uuid>_a-0000defe-bf54-8000-9ba2-011c48011c48_242535</uuid>
        <description>Shows program (college/major/conc/degree) and allows user to update it if modifyValue = UAP_T_PROGRAM</description>
        <parentUuid>_a-0000deb5-0bcc-8000-9ba2-011c48011c48_218266</parentUuid>
        <visibility>
            <advertise>false</advertise>
            <hierarchy>true</hierarchy>
            <indexable>true</indexable>
            <quota>false</quota>
            <searchable>true</searchable>
            <system>false</system>
            <unlogged>false</unlogged>
        </visibility>
        <definition>if(
  ri!modifyValue = #"_a-0000defe-bf54-8000-9ba2-011c48011c48_242442",
  {
    {
      /*a!dropdownField*/
      /*(*/
      /*label: cons!UAP_T_LEVEL_ONE,*/
      /*labelPosition: "ADJACENT",*/
      /*required:true,*/
      /*choiceLabels: ri!collegeList.displayName,*/
      /*choiceValues: ri!collegeList.name,*/
      /*placeholderLabel: cons!UAP_PH_DROPDOWN_DEFAULT,*/
      /*value: ri!gradApp.college,*/
      /*saveInto: */
      /*{*/
      /*ri!gradApp.college,*/
      /*            */
      /*Get level one id*/
      /*a!save*/
      /*(*/
      /*ri!levelOneId,*/
      /*displayValue*/
      /*(*/
      /*ri!gradApp.college,*/
      /*ri!collegeList.name,*/
      /*ri!collegeList.id,*/
      /*null*/
      /*)*/
      /*),*/
      /*            */
      /*clear out major and get new values*/
      /*a!save(ri!gradApp.majorCode, null),*/
      /*a!save*/
      /*(*/
      /*ri!levelTwoId,*/
      /*null*/
      /*),*/
      /*a!save*/
      /*(*/
      /*ri!majorDisplayList,*/
      /*index*/
      /*(*/
      /*ri!majorListName,*/
      /*where(ri!majorList.levelOneId = ri!levelOneId)*/
      /*)*/
      /*),*/
      /*            */
      /*a!save*/
      /*(*/
      /*ri!majorValueList,*/
      /*index*/
      /*(*/
      /*ri!majorList,*/
      /*where(ri!majorList.levelOneId = ri!levelOneId)*/
      /*)*/
      /*),*/
      /*            */
      /*Clear out concentration*/
      /*a!save(ri!gradApp.concentrationCode, null),*/
      /*a!save(ri!concentrationDropdown, null),*/
      /*a!save(ri!levelTwoId, null),*/
      /*a!save*/
      /*(*/
      /*ri!degreeList,*/
      /*null*/
      /*),*/
      /*a!save*/
      /*(*/
      /*ri!gradApp.degree,*/
      /*null*/
      /*)*/
      /*}*/
      /*),*/
      /*        */
      /*if*/
      /*(*/
      /*rule!APN_isBlank(ri!gradApp.college),*/
      /*{},*/
      /*a!dropdownField*/
      /*(*/
      /*label: cons!UAP_T_LEVEL_TWO,*/
      /*labelPosition: "ADJACENT",*/
      /*required:true,*/
      /*choiceLabels:*/
      /*union*/
      /*(*/
      /*ri!majorDisplayList,*/
      /*ri!majorDisplayList*/
      /*),*/
      /*choiceValues:*/
      /*union*/
      /*(*/
      /*ri!majorValueList.code,*/
      /*ri!majorValueList.code*/
      /*),*/
      /*placeholderLabel: cons!UAP_PH_DROPDOWN_DEFAULT,*/
      /*value: ri!gradApp.majorCode,*/
      /*saveInto: */
      /*{*/
      /*ri!gradApp.majorCode,*/
      /*a!save(ri!gradApp.concentrationCode, null),*/
      /*a!save(ri!concentrationDropdown, null),*/
      /*a!save(ri!levelTwoId, null),*/
      /*              */
      /*              */
      /*a!save*/
      /*(*/
      /*ri!concentration,*/
      /*todatasubset(*/
      /*arrayToPage:*/
      /*index*/
      /*(*/
      /*ri!majorList,*/
      /*intersection*/
      /*(*/
      /*where*/
      /*(*/
      /*ri!majorList.levelOneId = ri!levelOneId*/
      /*),*/
      /*where*/
      /*(*/
      /*apply(fn!exact(ri!gradApp.majorCode, _),ri!majorList.code) */
      /*)*/
      /*)*/
      /*),*/
      /*pagingConfiguration: a!pagingInfo(*/
      /*startIndex: 1,*/
      /*batchSize: - 1,*/
      /*sort: a!sortInfo(*/
      /*field: "concentration",*/
      /*ascending: true*/
      /*)*/
      /*)*/
      /*).data*/
      /*),*/
      /*        */
      /*        */
      /*a!save*/
      /*(*/
      /*ri!concentrationListName,*/
      /*apply(*/
      /*concat(*/
      /*_,*/
      /*"-",*/
      /*_*/
      /*),*/
      /*merge(*/
      /*updateArray*/
      /*(*/
      /*ri!concentration.concentration,*/
      /*where(apply(fn!isnull, ri!concentration.concentrationCode)),*/
      /*cons!UAP_T_NONE*/
      /*),*/
      /*updateArray*/
      /*(*/
      /*ri!concentration.concentrationCode,*/
      /*where(apply(fn!isnull, ri!concentration.concentrationCode)),*/
      /*cons!UAP_T_NONE*/
      /*)*/
      /*)*/
      /*)*/
      /*),*/
      /*a!save*/
      /*(*/
      /*ri!degreeList,*/
      /*null*/
      /*),*/
      /*a!save*/
      /*(*/
      /*ri!gradApp.degree,*/
      /*null*/
      /*)*/
      /*              */
      /*              */
      /*              */
      /*}*/
      /*)*/
      /*),*/
      #"SYSTEM_SYSRULES_textField"(
        label: #"_a-0000deb5-0bcc-8000-9ba2-011c48011c48_218654",
        labelPosition: "ADJACENT",
        readOnly: true,
        value: index(
          ri!gradApp,
          "collegeName",
          null
        )
      ),
      #"SYSTEM_SYSRULES_textField"(
        label: #"_a-0000deb5-0bcc-8000-9ba2-011c48011c48_218816",
        labelPosition: "ADJACENT",
        readOnly: true,
        value: index(
          ri!gradApp,
          "majorName",
          null
        )
      ),
      if(
        #"_a-0000d62a-67b3-8000-da6f-010000010000_950"(
          ri!gradApp.majorCode
        ),
        {},
        #"SYSTEM_SYSRULES_dropdownField"(
          label: "Concentration",
          required: true,
          labelPosition: "ADJACENT",
          choiceLabels: updateArray(
            ri!concentrationListName,
            where(
              apply(
                fn!exact(
                  #"_a-0000dee0-8e2c-8000-9ba2-011c48011c48_232694" &amp; "-" &amp; #"_a-0000dee0-8e2c-8000-9ba2-011c48011c48_232694",
                  _
                ),
                ri!concentrationListName
              )
            ),
            #"_a-0000dee0-8e2c-8000-9ba2-011c48011c48_232694"
          ),
          choiceValues: updateArray(
            ri!concentration.concentrationCode,
            where(
              apply(
                fn!isnull,
                ri!concentration.concentrationCode
              )
            ),
            #"_a-0000dee0-8e2c-8000-9ba2-011c48011c48_232694"
          ),
          placeholderLabel: #"_a-0000deb5-0bcc-8000-9ba2-011c48011c48_219354",
          value: ri!concentrationDropdown,
          saveInto: {
            ri!concentrationDropdown,
            ri!gradApp.concentrationCode,
            if(
              ri!gradApp.concentrationCode = #"_a-0000dee0-8e2c-8000-9ba2-011c48011c48_232694",
              a!save(
                ri!gradApp.concentrationCode,
                null
              ),
              a!save(
                ri!gradApp.concentrationCode,
                ri!concentrationDropdown
              )
            ),
            if(
              #"_a-0000d62a-67b3-8000-da6f-010000010000_950"(
                ri!concentrationDropdown
              ),
              a!save(
                ri!levelTwoId,
                index(
                  ri!majorValueList.id,
                  intersection(
                    where(
                      ri!majorValueList.levelOneId = ri!levelOneId
                    ),
                    where(
                      apply(
                        fn!exact(
                          ri!gradApp.majorCode,
                          _
                        ),
                        ri!majorValueList.code
                      )
                    ),
                    where(
                      apply(
                        fn!isnull(
                          _
                        ),
                        ri!majorValueList.concentrationCode
                      )
                    )
                  ),
                  null
                )
              ),
              a!save(
                ri!levelTwoId,
                index(
                  ri!majorValueList.id,
                  intersection(
                    where(
                      ri!majorValueList.levelOneId = ri!levelOneId
                    ),
                    where(
                      apply(
                        fn!exact(
                          ri!gradApp.majorCode,
                          _
                        ),
                        ri!majorValueList.code
                      )
                    ),
                    where(
                      apply(
                        fn!exact(
                          ri!gradApp.concentrationCode,
                          _
                        ),
                        ri!majorValueList.concentrationCode
                      )
                    )
                  ),
                  null
                )
              )
            ),
            a!save(
              ri!gradApp.degree,
              null
            ),
            a!save(
              ri!degreeList,
              #"_a-0000deb5-0bcc-8000-9ba2-011c48011c48_218352"(
                returnCdt: true,
                returnAll: true,
                pagingInfo: #"SYSTEM_SYSRULES_pagingInfo"(
                  startIndex: 1,
                  batchSize: 2000,
                  sort: #"SYSTEM_SYSRULES_sortInfo"(
                    field: "typeName",
                    ascending: true
                  )
                ),
                levelTwoId: ri!levelTwoId
              )
            )
          }
        )
      ),
      if(
        #"_a-0000d62a-67b3-8000-da6f-010000010000_950"(
          ri!concentrationDropdown
        ),
        {},
        #"SYSTEM_SYSRULES_dropdownField"(
          label: #"_a-0000deb5-0bcc-8000-9ba2-011c48011c48_218819",
          labelPosition: "ADJACENT",
          required: true,
          choiceLabels: ri!degreeList.typeName,
          choiceValues: ri!degreeList.type,
          placeholderLabel: #"_a-0000deb5-0bcc-8000-9ba2-011c48011c48_219354",
          value: ri!gradApp.degree,
          saveInto: ri!gradApp.degree
        )
      )
    }
  },
  {
    #"SYSTEM_SYSRULES_textField"(
      label: #"_a-0000deb5-0bcc-8000-9ba2-011c48011c48_218654",
      labelPosition: "ADJACENT",
      readOnly: true,
      value: index(
        ri!gradApp,
        "collegeName",
        null
      )
    ),
    #"SYSTEM_SYSRULES_textField"(
      label: #"_a-0000deb5-0bcc-8000-9ba2-011c48011c48_218816",
      labelPosition: "ADJACENT",
      readOnly: true,
      value: index(
        ri!gradApp,
        "majorName",
        null
      )
    ),
    #"SYSTEM_SYSRULES_textField"(
      label: "Concentration",
      labelPosition: "ADJACENT",
      readOnly: true,
      value: if(
        #"_a-0000d62a-67b3-8000-da6f-010000010000_950"(
          index(
            ri!gradApp,
            "concentrationName",
            null
          )
        ),
        #"_a-0000dee0-8e2c-8000-9ba2-011c48011c48_232694",
        index(
          ri!gradApp,
          "concentrationName",
          null
        )
      )
    ),
    #"SYSTEM_SYSRULES_textField"(
      label: #"_a-0000deb5-0bcc-8000-9ba2-011c48011c48_218819",
      labelPosition: "ADJACENT",
      readOnly: true,
      value: index(
        ri!gradApp,
        "degreeName",
        null
      )
    )
  }
)</definition>
        <namedTypedValue>
            <name>gradApp</name>
            <type>
                <name>UAP_v_graduateApplication</name>
                <namespace>urn:com:appian:types:UAP</namespace>
            </type>
        </namedTypedValue>
        <namedTypedValue>
            <name>modifyValue</name>
            <type>
                <name>string</name>
                <namespace>http://www.w3.org/2001/XMLSchema</namespace>
            </type>
            <value/>
        </namedTypedValue>
        <namedTypedValue>
            <name>collegeList</name>
            <type>
                <name>UAP_level1?list</name>
                <namespace>urn:com:appian:types:UAP</namespace>
            </type>
        </namedTypedValue>
        <namedTypedValue>
            <name>levelOneId</name>
            <type>
                <name>int</name>
                <namespace>http://www.w3.org/2001/XMLSchema</namespace>
            </type>
        </namedTypedValue>
        <namedTypedValue>
            <name>majorList</name>
            <type>
                <name>UAP_level2?list</name>
                <namespace>urn:com:appian:types:UAP</namespace>
            </type>
        </namedTypedValue>
        <namedTypedValue>
            <name>levelTwoId</name>
            <type>
                <name>int</name>
                <namespace>http://www.w3.org/2001/XMLSchema</namespace>
            </type>
        </namedTypedValue>
        <namedTypedValue>
            <name>majorListName</name>
            <type>
                <name>Text?list</name>
                <namespace>http://www.appian.com/ae/types/2009</namespace>
            </type>
        </namedTypedValue>
        <namedTypedValue>
            <name>majorDisplayList</name>
            <type>
                <name>Text?list</name>
                <namespace>http://www.appian.com/ae/types/2009</namespace>
            </type>
        </namedTypedValue>
        <namedTypedValue>
            <name>majorValueList</name>
            <type>
                <name>UAP_level2?list</name>
                <namespace>urn:com:appian:types:UAP</namespace>
            </type>
        </namedTypedValue>
        <namedTypedValue>
            <name>concentration</name>
            <type>
                <name>UAP_level2?list</name>
                <namespace>urn:com:appian:types:UAP</namespace>
            </type>
        </namedTypedValue>
        <namedTypedValue>
            <name>concentrationDropdown</name>
            <type>
                <name>string</name>
                <namespace>http://www.w3.org/2001/XMLSchema</namespace>
            </type>
            <value/>
        </namedTypedValue>
        <namedTypedValue>
            <name>concentrationListName</name>
            <type>
                <name>Text?list</name>
                <namespace>http://www.appian.com/ae/types/2009</namespace>
            </type>
        </namedTypedValue>
        <namedTypedValue>
            <name>degreeList</name>
            <type>
                <name>UAP_level3?list</name>
                <namespace>urn:com:appian:types:UAP</namespace>
            </type>
        </namedTypedValue>
        <metadataExpr></metadataExpr>
        <preferredEditor>interface</preferredEditor>
        <offlineEnabled>false</offlineEnabled>
    </rule>
    <roleMap public="true">
        <role inherit="true" allowForAll="false" name="readers">
            <users/>
            <groups/>
        </role>
        <role inherit="true" allowForAll="false" name="authors">
            <users/>
            <groups/>
        </role>
        <role inherit="true" allowForAll="false" name="administrators">
            <users>
                <userUuid>U03434620</userUuid>
            </users>
            <groups/>
        </role>
        <role inherit="false" allowForAll="false" name="denyReaders">
            <users/>
            <groups/>
        </role>
        <role inherit="false" allowForAll="false" name="denyAuthors">
            <users/>
            <groups/>
        </role>
        <role inherit="false" allowForAll="false" name="denyAdministrators">
            <users/>
            <groups/>
        </role>
    </roleMap>
    <typedValue>
        <type>
            <name>RuleTestConfig?list</name>
            <namespace>http://www.appian.com/ae/types/2009</namespace>
        </type>
        <value>
            <el>
                <a:name/>
                <a:ruleInputTestConfigs>
                    <a:value xmlns:xsi="http://www.w3.org/2001/XMLSchema-instance" xsi:type="a:Expression">#"_a-0000deb5-0bcc-8000-9ba2-011c48011c48_219299"(&#xD;
    applicationId: 1,&#xD;
    returnCdt: true&#xD;
  )</a:value>
                    <a:nameRef>gradApp</a:nameRef>
                    <a:id/>
                </a:ruleInputTestConfigs>
                <a:ruleInputTestConfigs>
                    <a:value xmlns:xsi="http://www.w3.org/2001/XMLSchema-instance" xsi:type="a:Expression">"Program"</a:value>
                    <a:nameRef>modifyValue</a:nameRef>
                    <a:id/>
                </a:ruleInputTestConfigs>
                <a:ruleInputTestConfigs>
                    <a:nameRef>collegeList</a:nameRef>
                    <a:id/>
                </a:ruleInputTestConfigs>
                <a:ruleInputTestConfigs>
                    <a:value xmlns:xsd="http://www.w3.org/2001/XMLSchema" xmlns:xsi="http://www.w3.org/2001/XMLSchema-instance" xsi:nil="true" xsi:type="xsd:int"/>
                    <a:nameRef>levelOneId</a:nameRef>
                    <a:id/>
                </a:ruleInputTestConfigs>
                <a:ruleInputTestConfigs>
                    <a:nameRef>majorList</a:nameRef>
                    <a:id/>
                </a:ruleInputTestConfigs>
                <a:ruleInputTestConfigs>
                    <a:value xmlns:xsd="http://www.w3.org/2001/XMLSchema" xmlns:xsi="http://www.w3.org/2001/XMLSchema-instance" xsi:nil="true" xsi:type="xsd:int"/>
                    <a:nameRef>levelTwoId</a:nameRef>
                    <a:id/>
                </a:ruleInputTestConfigs>
                <a:ruleInputTestConfigs>
                    <a:nameRef>majorListName</a:nameRef>
                    <a:id/>
                </a:ruleInputTestConfigs>
                <a:ruleInputTestConfigs>
                    <a:nameRef>majorDisplayList</a:nameRef>
                    <a:id/>
                </a:ruleInputTestConfigs>
                <a:ruleInputTestConfigs>
                    <a:nameRef>majorValueList</a:nameRef>
                    <a:id/>
                </a:ruleInputTestConfigs>
                <a:ruleInputTestConfigs>
                    <a:nameRef>concentration</a:nameRef>
                    <a:id/>
                </a:ruleInputTestConfigs>
                <a:ruleInputTestConfigs>
                    <a:value xmlns:xsd="http://www.w3.org/2001/XMLSchema" xmlns:xsi="http://www.w3.org/2001/XMLSchema-instance" xsi:type="xsd:string"/>
                    <a:nameRef>concentrationDropdown</a:nameRef>
                    <a:id/>
                </a:ruleInputTestConfigs>
                <a:ruleInputTestConfigs>
                    <a:nameRef>concentrationListName</a:nameRef>
                    <a:id/>
                </a:ruleInputTestConfigs>
                <a:ruleInputTestConfigs>
                    <a:nameRef>degreeList</a:nameRef>
                    <a:id/>
                </a:ruleInputTestConfigs>
                <a:assertions xmlns:xsi="http://www.w3.org/2001/XMLSchema-instance" xsi:nil="true"/>
            </el>
        </value>
    </typedValue>
</contentHaul>
