<?xml version="1.0" encoding="UTF-8" standalone="yes"?>
<contentHaul xmlns:a="http://www.appian.com/ae/types/2009">
    <rule>
        <name>UAP_isDirectorForAppsValidation</name>
        <uuid>_a-0000defe-bf54-8000-9ba2-011c48011c48_242345</uuid>
        <description>A validation that will only pass if the user is a director for every levelThreeId in the array</description>
        <parentUuid>_a-0000deb5-0bcc-8000-9ba2-011c48011c48_218267</parentUuid>
        <visibility>
            <advertise>false</advertise>
            <hierarchy>true</hierarchy>
            <indexable>true</indexable>
            <quota>false</quota>
            <searchable>true</searchable>
            <system>false</system>
            <unlogged>false</unlogged>
        </visibility>
        <definition>with&#xD;
(&#xD;
  local!selectedDirectorDashList:&#xD;
  index&#xD;
  (&#xD;
    ri!directorDashList,&#xD;
    where&#xD;
    (&#xD;
      apply&#xD;
      (&#xD;
        contains&#xD;
        (&#xD;
          ri!identifiers,&#xD;
          _&#xD;
        ),&#xD;
        ri!directorDashList.applicationId&#xD;
      )&#xD;
    )&#xD;
  ),&#xD;
  &#xD;
  local!selectedLevelThreeList: &#xD;
  if&#xD;
  (&#xD;
    #"_a-0000d62a-67b3-8000-da6f-010000010000_951"(local!selectedDirectorDashList),&#xD;
    {},&#xD;
    local!selectedDirectorDashList.levelThreeId&#xD;
  ),&#xD;
  &#xD;
  local!same:&#xD;
  or&#xD;
  (&#xD;
    #"_a-0000d62a-67b3-8000-da6f-010000010000_951"(local!selectedLevelThreeList),&#xD;
    count&#xD;
    (&#xD;
      intersection&#xD;
      (&#xD;
        local!selectedLevelThreeList,&#xD;
        ri!directorLevelThreeList.id&#xD;
      )&#xD;
    )&#xD;
    =&#xD;
    count(local!selectedLevelThreeList)&#xD;
  ),&#xD;
  &#xD;
  not(local!same)&#xD;
  &#xD;
)</definition>
        <namedTypedValue>
            <name>directorDashList</name>
            <type>
                <name>UAP_v_directorDashApplication?list</name>
                <namespace>urn:com:appian:types:UAP</namespace>
            </type>
        </namedTypedValue>
        <namedTypedValue>
            <name>identifiers</name>
            <type>
                <name>Integer?list</name>
                <namespace>http://www.appian.com/ae/types/2009</namespace>
            </type>
        </namedTypedValue>
        <namedTypedValue>
            <name>directorLevelThreeList</name>
            <type>
                <name>UAP_level3?list</name>
                <namespace>urn:com:appian:types:UAP</namespace>
            </type>
        </namedTypedValue>
        <preferredEditor>legacy</preferredEditor>
        <offlineEnabled>false</offlineEnabled>
    </rule>
    <roleMap public="true">
        <role inherit="true" allowForAll="false" name="readers">
            <users/>
            <groups/>
        </role>
        <role inherit="true" allowForAll="false" name="authors">
            <users/>
            <groups/>
        </role>
        <role inherit="true" allowForAll="false" name="administrators">
            <users/>
            <groups/>
        </role>
        <role inherit="false" allowForAll="false" name="denyReaders">
            <users/>
            <groups/>
        </role>
        <role inherit="false" allowForAll="false" name="denyAuthors">
            <users/>
            <groups/>
        </role>
        <role inherit="false" allowForAll="false" name="denyAdministrators">
            <users/>
            <groups/>
        </role>
    </roleMap>
    <typedValue>
        <type>
            <name>RuleTestConfig?list</name>
            <namespace>http://www.appian.com/ae/types/2009</namespace>
        </type>
        <value>
            <el>
                <a:name>TEST</a:name>
                <a:ruleInputTestConfigs>
                    <a:value xmlns:xsi="http://www.w3.org/2001/XMLSchema-instance" xsi:type="a:Expression">#"_a-0000decc-9caf-8000-9ba2-011c48011c48_225732"(&#xD;
  levelThreeId: #"_a-0000deb5-0bcc-8000-9ba2-011c48011c48_218352"(&#xD;
    returnCdt: true,&#xD;
    director: "U18778711"&#xD;
  ).id,&#xD;
  pagingInfo: #"SYSTEM_SYSRULES_pagingInfo"(1,10),&#xD;
  returnCdt: true&#xD;
)</a:value>
                    <a:nameRef>directorDashList</a:nameRef>
                    <a:id>1</a:id>
                </a:ruleInputTestConfigs>
                <a:ruleInputTestConfigs>
                    <a:value xmlns:xsi="http://www.w3.org/2001/XMLSchema-instance" xsi:type="a:Expression">{685}</a:value>
                    <a:nameRef>identifiers</a:nameRef>
                    <a:id>2</a:id>
                </a:ruleInputTestConfigs>
                <a:ruleInputTestConfigs>
                    <a:value xmlns:xsi="http://www.w3.org/2001/XMLSchema-instance" xsi:type="a:Expression">#"_a-0000deb5-0bcc-8000-9ba2-011c48011c48_218352"(&#xD;
    returnCdt: true,&#xD;
    director: "U18778711"&#xD;
  )</a:value>
                    <a:nameRef>directorLevelThreeList</a:nameRef>
                    <a:id>4</a:id>
                </a:ruleInputTestConfigs>
                <a:assertions xmlns:xsi="http://www.w3.org/2001/XMLSchema-instance" xsi:nil="true"/>
            </el>
        </value>
    </typedValue>
</contentHaul>
