<?xml version="1.0" encoding="UTF-8" standalone="yes"?>
<contentHaul xmlns:a="http://www.appian.com/ae/types/2009">
    <rule>
        <name>UAP_facultyReviewerScoreHelper</name>
        <uuid>_a-0000decc-9caf-8000-9ba2-011c48011c48_226500</uuid>
        <description>Gets the score for the logged in faculty reviewer</description>
        <parentUuid>_a-0000deb5-0bcc-8000-9ba2-011c48011c48_218267</parentUuid>
        <visibility>
            <advertise>false</advertise>
            <hierarchy>true</hierarchy>
            <indexable>true</indexable>
            <quota>false</quota>
            <searchable>true</searchable>
            <system>false</system>
            <unlogged>false</unlogged>
        </visibility>
        <definition>with
(
  /*Get list of text usernames*/
  local!reviewerList: 
  split(ri!facultyReviewer.reviewerList, ";"),
  
  local!scoreList:
  split(ri!facultyReviewer.scoreList, ";"),
  
  /*Find the logged in user's index in the reviewerList*/
  local!loggedInIndex:
  if
  (
    #"_a-0000d62a-67b3-8000-da6f-010000010000_951"(local!scoreList),
    {},
    where(apply(exact(ri!loggedInUser, _), local!reviewerList))
  ),
  
  if
  (
    #"_a-0000d62a-67b3-8000-da6f-010000010000_951"(local!loggedInIndex),
    
    /*Return -1 if no score found*/
    #"_a-0000decc-9caf-8000-9ba2-011c48011c48_226498",
    
    index(local!scoreList, local!loggedInIndex, null)
  )
  
)</definition>
        <namedTypedValue>
            <name>facultyReviewer</name>
            <type>
                <name>UAP_v_facultyReviewer</name>
                <namespace>urn:com:appian:types:UAP</namespace>
            </type>
        </namedTypedValue>
        <namedTypedValue>
            <name>loggedInUser</name>
            <type>
                <name>string</name>
                <namespace>http://www.w3.org/2001/XMLSchema</namespace>
            </type>
            <value/>
        </namedTypedValue>
        <preferredEditor>legacy</preferredEditor>
        <offlineEnabled>false</offlineEnabled>
    </rule>
    <roleMap public="true">
        <role inherit="true" allowForAll="false" name="readers">
            <users/>
            <groups/>
        </role>
        <role inherit="true" allowForAll="false" name="authors">
            <users/>
            <groups/>
        </role>
        <role inherit="true" allowForAll="false" name="administrators">
            <users/>
            <groups/>
        </role>
        <role inherit="false" allowForAll="false" name="denyReaders">
            <users/>
            <groups/>
        </role>
        <role inherit="false" allowForAll="false" name="denyAuthors">
            <users/>
            <groups/>
        </role>
        <role inherit="false" allowForAll="false" name="denyAdministrators">
            <users/>
            <groups/>
        </role>
    </roleMap>
    <typedValue>
        <type>
            <name>RuleTestConfig?list</name>
            <namespace>http://www.appian.com/ae/types/2009</namespace>
        </type>
        <value>
            <el>
                <a:name>Test Case 1</a:name>
                <a:ruleInputTestConfigs>
                    <a:value xmlns:xsi="http://www.w3.org/2001/XMLSchema-instance" xsi:type="a:Expression">#"_a-0000decc-9caf-8000-9ba2-011c48011c48_226356"&#xD;
  (&#xD;
    reviewedBy: "U65196699",&#xD;
    returnAll: true,&#xD;
    pagingInfo: #"SYSTEM_SYSRULES_pagingInfo"(&#xD;
    startIndex: 1,&#xD;
    batchSize: 10,&#xD;
    sort: #"SYSTEM_SYSRULES_sortInfo"(&#xD;
      field: "applicationId",&#xD;
      ascending: true&#xD;
    )&#xD;
  )&#xD;
  )</a:value>
                    <a:nameRef>facultyReviewer</a:nameRef>
                    <a:id>1</a:id>
                </a:ruleInputTestConfigs>
                <a:ruleInputTestConfigs>
                    <a:value xmlns:xsd="http://www.w3.org/2001/XMLSchema" xmlns:xsi="http://www.w3.org/2001/XMLSchema-instance" xsi:type="xsd:string">U65196699</a:value>
                    <a:nameRef>loggedInUser</a:nameRef>
                    <a:id>2</a:id>
                </a:ruleInputTestConfigs>
                <a:assertions xmlns:xsi="http://www.w3.org/2001/XMLSchema-instance" xsi:nil="true"/>
            </el>
        </value>
    </typedValue>
</contentHaul>
