<?xml version="1.0" encoding="UTF-8" standalone="yes"?>
<contentHaul xmlns:a="http://www.appian.com/ae/types/2009">
    <rule>
        <name>UAP_getGraduateApplication</name>
        <uuid>_a-0000deb5-0bcc-8000-9ba2-011c48011c48_219281</uuid>
        <description>Retrieves data for the graduate application cdt</description>
        <parentUuid>_a-0000deb5-0bcc-8000-9ba2-011c48011c48_218267</parentUuid>
        <visibility>
            <advertise>false</advertise>
            <hierarchy>true</hierarchy>
            <indexable>true</indexable>
            <quota>false</quota>
            <searchable>true</searchable>
            <system>false</system>
            <unlogged>false</unlogged>
        </visibility>
        <definition>with(
  local!queryDatasubset: #"SYSTEM_SYSRULES_queryEntity"(
    entity: #"_a-0000deb5-0bcc-8000-9ba2-011c48011c48_219291",
    query: #"SYSTEM_SYSRULES_query"(
      pagingInfo: if(
        #"_a-0000d62a-67b3-8000-da6f-010000010000_950"(
          ri!pagingInfo
        ),
        #"SYSTEM_SYSRULES_pagingInfo"(
          startIndex: 1,
          batchSize: - 1,
          sort: #"SYSTEM_SYSRULES_sortInfo"(
            field: "applicationId",
            ascending: true
          )
        ),
        ri!pagingInfo
      ),
      logicalExpression: #"SYSTEM_SYSRULES_queryLogicalExpression"(
        operator: "AND",
        filters: {
          if(
            and(
              isnull(
                ri!applicationId
              ),
              isnull(
                ri!term
              ),
              isnull(
                ri!uNumber
              ),
              isnull(
                ri!applicationNumber
              ),
              #"_a-0000d62a-67b3-8000-da6f-010000010000_951"(ri!applicationIdList)
            ),
            if(
              ri!returnAll,
              #"SYSTEM_SYSRULES_queryFilter"(
                field: "applicationId",
                operator: "not null"
              ),
              #"SYSTEM_SYSRULES_queryFilter"(
                field: "applicationId",
                operator: "is null"
              )
            ),
            {
              if(
                isnull(
                  ri!applicationId
                ),
                {},
                #"SYSTEM_SYSRULES_queryFilter"(
                  field: "applicationId",
                  operator: "=",
                  value: ri!applicationId
                )
              ),
              if(
                isnull(
                  ri!term
                ),
                {},
                #"SYSTEM_SYSRULES_queryFilter"(
                  field: "term",
                  operator: "=",
                  value: 
                  if
                  (
                    len(cleanwith(ri!term, "1234567890")) = 4,
                    #"_a-0000def2-cb5b-8000-9ba2-011c48011c48_238318"(ri!term),
                    ri!term
                  )
                )
              ),
              if(
                isnull(
                  ri!uNumber
                ),
                {},
                #"SYSTEM_SYSRULES_queryFilter"(
                  field: "uNumber",
                  operator: "=",
                  value: ri!uNumber
                )
              ),
              if(
                isnull(
                  ri!applicationNumber
                ),
                {},
                #"SYSTEM_SYSRULES_queryFilter"(
                  field: "applicationNumber",
                  operator: "=",
                  value: ri!applicationNumber
                )
              ),
              if(
                #"_a-0000d62a-67b3-8000-da6f-010000010000_951"(
                  ri!applicationIdList
                ),
                {},
                #"SYSTEM_SYSRULES_queryFilter"(
                  field: "applicationId",
                  operator: "in",
                  value: ri!applicationIdList
                )
              )
            }
          )
        }
      )
    )
  ),
  if(
    ri!returnCdt,
    cast(
      typeof(
        {
          'type!{urn:com:appian:types:UAP}UAP_graduateApplication'()
        }
      ),
      local!queryDatasubset.data
    ),
    local!queryDatasubset
  )
)</definition>
        <namedTypedValue>
            <name>pagingInfo</name>
            <type>
                <name>PagingInfo</name>
                <namespace>http://www.appian.com/ae/types/2009</namespace>
            </type>
        </namedTypedValue>
        <namedTypedValue>
            <name>returnAll</name>
            <type>
                <name>boolean</name>
                <namespace>http://www.w3.org/2001/XMLSchema</namespace>
            </type>
        </namedTypedValue>
        <namedTypedValue>
            <name>returnCdt</name>
            <type>
                <name>boolean</name>
                <namespace>http://www.w3.org/2001/XMLSchema</namespace>
            </type>
        </namedTypedValue>
        <namedTypedValue>
            <name>applicationId</name>
            <type>
                <name>int</name>
                <namespace>http://www.w3.org/2001/XMLSchema</namespace>
            </type>
        </namedTypedValue>
        <namedTypedValue>
            <name>term</name>
            <type>
                <name>string</name>
                <namespace>http://www.w3.org/2001/XMLSchema</namespace>
            </type>
            <value/>
        </namedTypedValue>
        <namedTypedValue>
            <name>applicationIdList</name>
            <type>
                <name>Integer?list</name>
                <namespace>http://www.appian.com/ae/types/2009</namespace>
            </type>
        </namedTypedValue>
        <namedTypedValue>
            <name>uNumber</name>
            <type>
                <name>string</name>
                <namespace>http://www.w3.org/2001/XMLSchema</namespace>
            </type>
            <value/>
        </namedTypedValue>
        <namedTypedValue>
            <name>applicationNumber</name>
            <type>
                <name>string</name>
                <namespace>http://www.w3.org/2001/XMLSchema</namespace>
            </type>
            <value/>
        </namedTypedValue>
        <preferredEditor>legacy</preferredEditor>
        <offlineEnabled>false</offlineEnabled>
    </rule>
    <roleMap public="true">
        <role inherit="true" allowForAll="false" name="readers">
            <users/>
            <groups/>
        </role>
        <role inherit="true" allowForAll="false" name="authors">
            <users/>
            <groups/>
        </role>
        <role inherit="true" allowForAll="false" name="administrators">
            <users/>
            <groups/>
        </role>
        <role inherit="false" allowForAll="false" name="denyReaders">
            <users/>
            <groups/>
        </role>
        <role inherit="false" allowForAll="false" name="denyAuthors">
            <users/>
            <groups/>
        </role>
        <role inherit="false" allowForAll="false" name="denyAdministrators">
            <users/>
            <groups/>
        </role>
    </roleMap>
</contentHaul>
