<?xml version="1.0" encoding="UTF-8" standalone="yes"?>
<contentHaul xmlns:a="http://www.appian.com/ae/types/2009">
    <rule>
        <name>UAP_displayUsersFromString</name>
        <uuid>_a-0000deb5-0bcc-8000-9ba2-011c48011c48_219907</uuid>
        <description>Takes in a single STRING (not list) of U Numbers and displays the first four directors</description>
        <parentUuid>_a-0000deb5-0bcc-8000-9ba2-011c48011c48_218268</parentUuid>
        <visibility>
            <advertise>false</advertise>
            <hierarchy>true</hierarchy>
            <indexable>true</indexable>
            <quota>false</quota>
            <searchable>true</searchable>
            <system>false</system>
            <unlogged>false</unlogged>
        </visibility>
        <definition>if
(
  /*If there are no reviewers, display nothing*/
  #"_a-0000d62a-67b3-8000-da6f-010000010000_950"(ri!userListString),
  null,
  
  /*Otherwise, display the first 4*/
  with
  (
    /*Split the string into a list of strings*/
    local!userList:
    split
    (
      ri!userListString,
      ";"
    ),
    
    /*Check whether there are more than you will display*/
    local!greaterThanMax:
    count(local!userList) &gt; #"_a-0000deb5-0bcc-8000-9ba2-011c48011c48_219910",
    
    /*If there are more than the max (4), trim it down to the first 4*/
    local!userListToDisplay:
    if
    (
      local!greaterThanMax,
      index
      (
        local!userList,
        1+enumerate(#"_a-0000deb5-0bcc-8000-9ba2-011c48011c48_219910"),
        null
      ),
      local!userList
    ),
    
    /*Seperate with commas instead of semicolons*/
    substitute
    (
      /*Convert the list back into one string*/
      tostring
      (
        apply
        (
          /*Display the firstName lastName*/
          #"_a-0000d690-12fb-8000-0f1a-010000010000_1352"
          (
            _
          ),
          local!userListToDisplay
        )
      ),
      ";",
      ","
    )
    
    /*Display an ellipsis if there are more than 4*/
    &amp;
    if
    (
      local!greaterThanMax,
      "...",
      null
    )
    
    
  )
)</definition>
        <namedTypedValue>
            <name>userListString</name>
            <type>
                <name>string</name>
                <namespace>http://www.w3.org/2001/XMLSchema</namespace>
            </type>
            <value/>
        </namedTypedValue>
        <preferredEditor>legacy</preferredEditor>
        <offlineEnabled>false</offlineEnabled>
    </rule>
    <roleMap public="true">
        <role inherit="true" allowForAll="false" name="readers">
            <users/>
            <groups/>
        </role>
        <role inherit="true" allowForAll="false" name="authors">
            <users/>
            <groups/>
        </role>
        <role inherit="true" allowForAll="false" name="administrators">
            <users/>
            <groups/>
        </role>
        <role inherit="false" allowForAll="false" name="denyReaders">
            <users/>
            <groups/>
        </role>
        <role inherit="false" allowForAll="false" name="denyAuthors">
            <users/>
            <groups/>
        </role>
        <role inherit="false" allowForAll="false" name="denyAdministrators">
            <users/>
            <groups/>
        </role>
    </roleMap>
</contentHaul>
