<?xml version="1.0" encoding="UTF-8" standalone="yes"?>
<contentHaul xmlns:a="http://www.appian.com/ae/types/2009">
    <rule>
        <name>UAP_u_multipleFileUploadResizeArray</name>
        <uuid>_a-0000decc-9caf-8000-9ba2-011c48011c48_227338</uuid>
        <description>Updates an array with a value at an index, growing the array if the index is past the end and shrinking the array if the value is null.</description>
        <parentUuid>_a-0000deb5-0bcc-8000-9ba2-011c48011c48_218267</parentUuid>
        <visibility>
            <advertise>false</advertise>
            <hierarchy>true</hierarchy>
            <indexable>true</indexable>
            <quota>false</quota>
            <searchable>true</searchable>
            <system>false</system>
            <unlogged>false</unlogged>
        </visibility>
        <definition>=if(&#xD;
  /* Do we need to add?                              `*/&#xD;
  and(&#xD;
    /*` Yes, if the value isn't null                  `*/&#xD;
    not(isnull(ri!value)),&#xD;
    /*` and we're at the end of the list              `*/         &#xD;
    ri!index = 1 + length(ri!array) &#xD;
  ),&#xD;
  append(&#xD;
    ri!array,&#xD;
    /*` Append the new value to the end of the list   `*/&#xD;
    ri!value&#xD;
  ),&#xD;
  if(&#xD;
    /*` Do we need to remove?                         `*/&#xD;
    /*` Only if value is now null (value was removed) `*/&#xD;
    isnull(ri!value),&#xD;
    /*` Remove: remove the list item for this field   `*/&#xD;
    remove(ri!array, ri!index),&#xD;
    /*` Neither add nor remove, so insert at index    */&#xD;
    insert(&#xD;
      ri!array,&#xD;
      ri!value,&#xD;
      ri!index&#xD;
    )&#xD;
  )&#xD;
)</definition>
        <namedTypedValue>
            <name>array</name>
            <type>
                <name>CollaborationDocument?list</name>
                <namespace>http://www.appian.com/ae/types/2009</namespace>
            </type>
        </namedTypedValue>
        <namedTypedValue>
            <name>index</name>
            <type>
                <name>int</name>
                <namespace>http://www.w3.org/2001/XMLSchema</namespace>
            </type>
        </namedTypedValue>
        <namedTypedValue>
            <name>value</name>
            <type>
                <name>CollaborationDocument</name>
                <namespace>http://www.appian.com/ae/types/2009</namespace>
            </type>
        </namedTypedValue>
        <preferredEditor>legacy</preferredEditor>
        <offlineEnabled>false</offlineEnabled>
    </rule>
    <roleMap public="true">
        <role inherit="true" allowForAll="false" name="readers">
            <users/>
            <groups/>
        </role>
        <role inherit="true" allowForAll="false" name="authors">
            <users/>
            <groups/>
        </role>
        <role inherit="true" allowForAll="false" name="administrators">
            <users/>
            <groups/>
        </role>
        <role inherit="false" allowForAll="false" name="denyReaders">
            <users/>
            <groups/>
        </role>
        <role inherit="false" allowForAll="false" name="denyAuthors">
            <users/>
            <groups/>
        </role>
        <role inherit="false" allowForAll="false" name="denyAdministrators">
            <users/>
            <groups/>
        </role>
    </roleMap>
</contentHaul>
