<?xml version="1.0" encoding="UTF-8" standalone="yes"?>
<contentHaul xmlns:a="http://www.appian.com/ae/types/2009">
    <rule>
        <name>UAP_displayAvgScore</name>
        <uuid>_a-0000decc-9caf-8000-9ba2-011c48011c48_226904</uuid>
        <description>displays the average score for each score type</description>
        <parentUuid>_a-0000deb5-0bcc-8000-9ba2-011c48011c48_218267</parentUuid>
        <visibility>
            <advertise>false</advertise>
            <hierarchy>true</hierarchy>
            <indexable>true</indexable>
            <quota>false</quota>
            <searchable>true</searchable>
            <system>false</system>
            <unlogged>false</unlogged>
        </visibility>
        <definition>if(isnull(ri!scoringTypeId),
"None",
choose(
  wherecontains(
    ri!scoringTypeId,
    {
      #"_a-0000dec3-7017-8000-9ba2-011c48011c48_223402",
      #"_a-0000dec3-7017-8000-9ba2-011c48011c48_223404",
      #"_a-0000dec3-7017-8000-9ba2-011c48011c48_223405"
    }
  ),
  {
    if(
      isnull(ri!scorelist),
      "None",
      ri!scoreList
    &amp; " Approval " &amp; 
      ri!reviewCount - ri!scoreList
    &amp; " Denial")
  },
  {
    if(
      isnull(
        ri!scoreList
      ),
      "None",
      fixed(
        ri!scoreList / ri!reviewCount,
        0
      ) &amp; "%")
  },
  {
    if(
      isnull(
        ri!scoreList
      ),
      "None",
      fixed(
        ri!scoreList / ri!reviewCount,
        2
      ) &amp; "/5.00")
  }
))</definition>
        <namedTypedValue>
            <name>scoreList</name>
            <type>
                <name>string</name>
                <namespace>http://www.w3.org/2001/XMLSchema</namespace>
            </type>
            <value/>
        </namedTypedValue>
        <namedTypedValue>
            <name>reviewCount</name>
            <type>
                <name>string</name>
                <namespace>http://www.w3.org/2001/XMLSchema</namespace>
            </type>
            <value/>
        </namedTypedValue>
        <namedTypedValue>
            <name>scoringTypeId</name>
            <type>
                <name>int</name>
                <namespace>http://www.w3.org/2001/XMLSchema</namespace>
            </type>
        </namedTypedValue>
        <preferredEditor>legacy</preferredEditor>
        <offlineEnabled>false</offlineEnabled>
    </rule>
    <roleMap public="true">
        <role inherit="true" allowForAll="false" name="readers">
            <users/>
            <groups/>
        </role>
        <role inherit="true" allowForAll="false" name="authors">
            <users/>
            <groups/>
        </role>
        <role inherit="true" allowForAll="false" name="administrators">
            <users/>
            <groups/>
        </role>
        <role inherit="false" allowForAll="false" name="denyReaders">
            <users/>
            <groups/>
        </role>
        <role inherit="false" allowForAll="false" name="denyAuthors">
            <users/>
            <groups/>
        </role>
        <role inherit="false" allowForAll="false" name="denyAdministrators">
            <users/>
            <groups/>
        </role>
    </roleMap>
</contentHaul>
