<?xml version="1.0" encoding="UTF-8" standalone="yes"?>
<contentHaul xmlns:a="http://www.appian.com/ae/types/2009">
    <rule>
        <name>UAP_parseDecisionCodePostInformation</name>
        <uuid>_a-0000df0b-4b17-8000-9ba2-011c48011c48_247331</uuid>
        <description>Given the response and request bodies, return the data in UAP_decisionCodePostInformation format</description>
        <parentUuid>_a-0000deb5-0bcc-8000-9ba2-011c48011c48_218267</parentUuid>
        <visibility>
            <advertise>false</advertise>
            <hierarchy>true</hierarchy>
            <indexable>true</indexable>
            <quota>false</quota>
            <searchable>true</searchable>
            <system>false</system>
            <unlogged>false</unlogged>
        </visibility>
        <definition>load(
  local!responseBody: #"_a-0000defe-bf54-8000-9ba2-011c48011c48_243858"(
    responseBody: ri!responseBody
  ),
  local!requestBody: #"_a-0000df0b-4b17-8000-9ba2-011c48011c48_247358"(
    responseBody: ri!responseBody,
    requestBody: ri!requestBody
  ),
  local!applicant: apply(
    #"_a-0000decc-9caf-8000-9ba2-011c48011c48_225732"(
      returnCdt: true,
      applicationId: _
    ),
    ri!idList
  ).name,
  apply(
    #"_a-0000df0b-4b17-8000-9ba2-011c48011c48_247321"(
      uNumber: _,
      term: _,
      applicationNumber: _,
      decisionCode: _,
      messages: _,
      applicant: _,
      applicationId: _
    ),
    merge(
      index(
        local!requestBody,
        "uNumber",
        {}
      ),
      index(
        local!requestBody,
        "term",
        {}
      ),
      index(
        local!requestBody,
        "applicationNumber",
        {}
      ),
      index(
        local!requestBody,
        "decisionCode",
        {}
      ),
      index(
        local!responseBody,
        "messages",
        {}
      ),
     local!applicant,
     ri!idList
    )
  )
)</definition>
        <namedTypedValue>
            <name>responseBody</name>
            <type>
                <name>string</name>
                <namespace>http://www.w3.org/2001/XMLSchema</namespace>
            </type>
            <value/>
        </namedTypedValue>
        <namedTypedValue>
            <name>requestBody</name>
            <type>
                <name>string</name>
                <namespace>http://www.w3.org/2001/XMLSchema</namespace>
            </type>
            <value/>
        </namedTypedValue>
        <namedTypedValue>
            <name>idList</name>
            <type>
                <name>Integer?list</name>
                <namespace>http://www.appian.com/ae/types/2009</namespace>
            </type>
        </namedTypedValue>
        <preferredEditor>legacy</preferredEditor>
        <offlineEnabled>false</offlineEnabled>
    </rule>
    <roleMap public="true">
        <role inherit="true" allowForAll="false" name="readers">
            <users/>
            <groups/>
        </role>
        <role inherit="true" allowForAll="false" name="authors">
            <users/>
            <groups/>
        </role>
        <role inherit="true" allowForAll="false" name="administrators">
            <users/>
            <groups/>
        </role>
        <role inherit="false" allowForAll="false" name="denyReaders">
            <users/>
            <groups/>
        </role>
        <role inherit="false" allowForAll="false" name="denyAuthors">
            <users/>
            <groups/>
        </role>
        <role inherit="false" allowForAll="false" name="denyAdministrators">
            <users/>
            <groups/>
        </role>
    </roleMap>
</contentHaul>
