<?xml version="1.0" encoding="UTF-8" standalone="yes"?>
<contentHaul xmlns:a="http://www.appian.com/ae/types/2009">
    <rule>
        <name>UAP_constructGradAppDetailList</name>
        <uuid>_a-0000decc-9caf-8000-9ba2-011c48011c48_226760</uuid>
        <description>constructs the grad app detail List</description>
        <parentUuid>_a-0000deb5-0bcc-8000-9ba2-011c48011c48_218267</parentUuid>
        <visibility>
            <advertise>false</advertise>
            <hierarchy>true</hierarchy>
            <indexable>true</indexable>
            <quota>false</quota>
            <searchable>true</searchable>
            <system>false</system>
            <unlogged>false</unlogged>
        </visibility>
        <definition>/*Update the departmentRecommendation for each GradAppDetails object*/
apply(
  #"_a-0000decc-9caf-8000-9ba2-011c48011c48_226754"(
    gradAppDetail: _,
    isDirector: ri!isDirector,
    isGAC: ri!isGAC,
    decision: ri!decision,
    deptRecRef: if(
      #"_a-0000d62a-67b3-8000-da6f-010000010000_951"(
        ri!deptRecRefList
      ),
      null,
      index(
        ri!deptRecRefList,
        wherecontains(
          ri!decision,
          ri!deptRecRefList.displayValue
        )
      )
    )
  ),
  /*Get array of GradAppDetails for each applicationId from the database*/
  apply(
    #"_a-0000dec3-7017-8000-9ba2-011c48011c48_223654"(
      applicationId: _,
      returnCdt: true
    ),
    ri!applicationIdList
  )
)</definition>
        <namedTypedValue>
            <name>applicationIdList</name>
            <type>
                <name>Integer?list</name>
                <namespace>http://www.appian.com/ae/types/2009</namespace>
            </type>
        </namedTypedValue>
        <namedTypedValue>
            <name>decision</name>
            <type>
                <name>string</name>
                <namespace>http://www.w3.org/2001/XMLSchema</namespace>
            </type>
            <value/>
        </namedTypedValue>
        <namedTypedValue>
            <name>deptRecRefList</name>
            <type>
                <name>UAP_reference?list</name>
                <namespace>urn:com:appian:types:UAP</namespace>
            </type>
        </namedTypedValue>
        <namedTypedValue>
            <name>isDirector</name>
            <type>
                <name>boolean</name>
                <namespace>http://www.w3.org/2001/XMLSchema</namespace>
            </type>
        </namedTypedValue>
        <namedTypedValue>
            <name>isGAC</name>
            <type>
                <name>boolean</name>
                <namespace>http://www.w3.org/2001/XMLSchema</namespace>
            </type>
        </namedTypedValue>
        <preferredEditor>legacy</preferredEditor>
        <offlineEnabled>false</offlineEnabled>
    </rule>
    <roleMap public="true">
        <role inherit="true" allowForAll="false" name="readers">
            <users/>
            <groups/>
        </role>
        <role inherit="true" allowForAll="false" name="authors">
            <users/>
            <groups/>
        </role>
        <role inherit="true" allowForAll="false" name="administrators">
            <users/>
            <groups/>
        </role>
        <role inherit="false" allowForAll="false" name="denyReaders">
            <users/>
            <groups/>
        </role>
        <role inherit="false" allowForAll="false" name="denyAuthors">
            <users/>
            <groups/>
        </role>
        <role inherit="false" allowForAll="false" name="denyAdministrators">
            <users/>
            <groups/>
        </role>
    </roleMap>
</contentHaul>
