<?xml version="1.0" encoding="UTF-8" standalone="yes"?>
<contentHaul xmlns:a="http://www.appian.com/ae/types/2009">
    <rule>
        <name>UAP_f_review</name>
        <uuid>_a-0000deb5-0bcc-8000-9ba2-011c48011c48_220151</uuid>
        <description>The form for adding a review from the record summary dashboard</description>
        <parentUuid>_a-0000deb5-0bcc-8000-9ba2-011c48011c48_218266</parentUuid>
        <visibility>
            <advertise>false</advertise>
            <hierarchy>true</hierarchy>
            <indexable>true</indexable>
            <quota>false</quota>
            <searchable>true</searchable>
            <system>false</system>
            <unlogged>false</unlogged>
        </visibility>
        <definition>load(
  local!gradApplicationView: #"_a-0000deb5-0bcc-8000-9ba2-011c48011c48_219299"(
    returnCdt: true,
    applicationId: ri!applicationId
  ),
  local!levelThree:
  #"_a-0000deb5-0bcc-8000-9ba2-011c48011c48_218352"(
    returnCdt: true,
    id: local!gradApplicationView.levelThreeId
  ),
  local!gradScore: if(
    isnull(
      ri!reviewCycle.reviewCycleId
    ),
    'type!{urn:com:appian:types:UAP}UAP_gradScore'(),
    #"_a-0000dec3-7017-8000-9ba2-011c48011c48_223357"(
      reviewCycleId: ri!reviewCycle.reviewCycleId,
      reviewer: loggedinuser(),
      returnCdt: true
    )
  ),
  #"SYSTEM_SYSRULES_formLayout"(
    label: "Review for " &amp; ri!name,
    firstColumnContents: {
      if(
        local!levelThree.scoringType.refId = #"_a-0000dec3-7017-8000-9ba2-011c48011c48_223405",
        #"SYSTEM_SYSRULES_radioButtonField"(
          label: "I recommend this candidate for the program.",
          required: true,
          choiceLabels: {
            "1-Strongly Disagree",
            "2-Disagree",
            "3-Neutral",
            "4-Agree",
            "5-Strongly Agree"
          },
          choiceValues: {
            1,
            2,
            3,
            4,
            5
          },
          choiceLayout: "COMPACT",
          value: local!gradScore.ratingScore,
          saveInto: {
            local!gradScore.ratingScore
          }
        ),
        if(
          local!levelThree.scoringType.refId = #"_a-0000dec3-7017-8000-9ba2-011c48011c48_223404",
          #"SYSTEM_SYSRULES_integerField"(
            label: "Percentage",
            instructions: "Please enter a number from 1 to 100 for recommendation",
            required: true,
            value: local!gradScore.ratingScore,
            saveInto: {
              local!gradScore.ratingScore
            },
            validations: if(
              or(
                local!gradScore.ratingScore &gt; 100,
                local!gradScore.ratingScore &lt; 0
              ),
              "Please enter a number between 1 and 100",
              {}
            )
          ),
          if(
            local!levelThree.scoringType.refId = #"_a-0000dec3-7017-8000-9ba2-011c48011c48_223402",
            #"SYSTEM_SYSRULES_radioButtonField"(
              label: "Recommendation",
              required: true,
              choiceLabels: {
                "Approve",
                "Deny"
              },
              choiceValues: {
                true,
                false
              },
              value: local!gradScore.ratingScore,
              saveInto: {
                local!gradScore.ratingScore
              }
            ),
            {}
          )
        )
      ),
      #"SYSTEM_SYSRULES_paragraphField"(
        label: "Comment",
        instructions: "Provide an optional comment about the review",
        value: local!gradScore.comment,
        saveInto: {
          local!gradScore.comment
        },
        validations: #"_a-0000deb5-0bcc-8000-9ba2-011c48011c48_220122"(
          string: local!gradScore.comment,
          charLimit: 255
        )
      )
    },
    buttons: {
      #"SYSTEM_SYSRULES_ButtonLayout"(
        primaryButtons: #"SYSTEM_SYSRULES_ButtonWidgetSubmit"(
          label: #"_a-0000dec3-7017-8000-9ba2-011c48011c48_223250",
          style: "PRIMARY",
          confirmMessage: "Are you sure you want to submit this review?",
          value: #"_a-0000dec3-7017-8000-9ba2-011c48011c48_223250",
          saveInto: {
            ri!btnValue,
            /*capture the audit history*/
            #"_a-0000deb5-0bcc-8000-9ba2-011c48011c48_220136"(
              auditHistory: ri!auditHistory,
              notes: local!gradScore.comment,
              initiatorName: #"_a-0000decc-9caf-8000-9ba2-011c48011c48_227755",
              recordId: ri!applicationId,
              recordType: #"_a-0000deb5-0bcc-8000-9ba2-011c48011c48_218652",
              actionTypeCons: #"_a-0000dec3-7017-8000-9ba2-011c48011c48_223518",
              actionDescriptionConstant: if(
                isnull(
                  local!gradScore.scoreId
                ),
                "Faculty Review Completed",
                "Updated Faculty Review"
              )
            ),
            a!save(
              ri!gradScore,
              local!gradScore
            ),
            /*creating the reviewcycle CDT if is doesnt already exist*/
            a!save(
              ri!reviewCycle.applicationId,
              ri!applicationId
            ),
            a!save(
              ri!reviewCycle.createdOn,
              now()
            ),
            a!save(
              ri!reviewCycle.levelThreeId,
              local!gradApplicationView.levelThreeId
            ),
            a!save(
              ri!reviewCycle.isActive,
              true
            ),
            a!save(
              ri!reviewCycle.seeReviews,
              false
            ),
            a!save(
              ri!reviewCycle.scoringTypeId.refId,
              local!levelThree.scoringType.refId
            ),
            /*create grad score cdt*/
            a!save(
              ri!gradScore.reviewer,
              loggedinuser()
            ),
            a!save(
              ri!gradScore.createdOn,
              now()
            ),
            a!save(
              ri!gradScore.reviewCycleId,
              ri!reviewCycle.reviewCycleId
            )
          }
        ),
        secondaryButtons: #"SYSTEM_SYSRULES_ButtonWidgetSubmit"(
          label: #"_a-0000deb5-0bcc-8000-9ba2-011c48011c48_218782",
          style: "NORMAL",
          skipValidation: true,
          confirmMessage: "Are you sure you want to cancel this review?",
          value: #"_a-0000deb5-0bcc-8000-9ba2-011c48011c48_218782",
          saveInto: ri!btnValue
        )
      )
    }
  )
)</definition>
        <namedTypedValue>
            <name>name</name>
            <type>
                <name>string</name>
                <namespace>http://www.w3.org/2001/XMLSchema</namespace>
            </type>
            <value/>
        </namedTypedValue>
        <namedTypedValue>
            <name>btnValue</name>
            <type>
                <name>string</name>
                <namespace>http://www.w3.org/2001/XMLSchema</namespace>
            </type>
            <value/>
        </namedTypedValue>
        <namedTypedValue>
            <name>gradScore</name>
            <type>
                <name>UAP_gradScore</name>
                <namespace>urn:com:appian:types:UAP</namespace>
            </type>
        </namedTypedValue>
        <namedTypedValue>
            <name>reviewCycle</name>
            <type>
                <name>UAP_reviewCycle</name>
                <namespace>urn:com:appian:types:UAP</namespace>
            </type>
        </namedTypedValue>
        <namedTypedValue>
            <name>auditHistory</name>
            <type>
                <name>TRV_auditHistory</name>
                <namespace>urn:com:appian:types:TRV</namespace>
            </type>
        </namedTypedValue>
        <namedTypedValue>
            <name>applicationId</name>
            <type>
                <name>int</name>
                <namespace>http://www.w3.org/2001/XMLSchema</namespace>
            </type>
        </namedTypedValue>
        <metadataExpr></metadataExpr>
        <preferredEditor>interface</preferredEditor>
        <offlineEnabled>false</offlineEnabled>
    </rule>
    <roleMap public="true">
        <role inherit="true" allowForAll="false" name="readers">
            <users/>
            <groups/>
        </role>
        <role inherit="true" allowForAll="false" name="authors">
            <users/>
            <groups/>
        </role>
        <role inherit="true" allowForAll="false" name="administrators">
            <users/>
            <groups/>
        </role>
        <role inherit="false" allowForAll="false" name="denyReaders">
            <users/>
            <groups/>
        </role>
        <role inherit="false" allowForAll="false" name="denyAuthors">
            <users/>
            <groups/>
        </role>
        <role inherit="false" allowForAll="false" name="denyAdministrators">
            <users/>
            <groups/>
        </role>
    </roleMap>
    <typedValue>
        <type>
            <name>RuleTestConfig?list</name>
            <namespace>http://www.appian.com/ae/types/2009</namespace>
        </type>
        <value>
            <el>
                <a:name/>
                <a:ruleInputTestConfigs>
                    <a:value xmlns:xsd="http://www.w3.org/2001/XMLSchema" xmlns:xsi="http://www.w3.org/2001/XMLSchema-instance" xsi:type="xsd:string"/>
                    <a:nameRef>name</a:nameRef>
                    <a:id/>
                </a:ruleInputTestConfigs>
                <a:ruleInputTestConfigs>
                    <a:value xmlns:xsd="http://www.w3.org/2001/XMLSchema" xmlns:xsi="http://www.w3.org/2001/XMLSchema-instance" xsi:type="xsd:string"/>
                    <a:nameRef>btnValue</a:nameRef>
                    <a:id/>
                </a:ruleInputTestConfigs>
                <a:ruleInputTestConfigs>
                    <a:value xmlns:n1="urn:com:appian:types:UAP" xmlns:xsi="http://www.w3.org/2001/XMLSchema-instance" xsi:nil="true" xsi:type="n1:UAP_gradScore"/>
                    <a:nameRef>gradScore</a:nameRef>
                    <a:id/>
                </a:ruleInputTestConfigs>
                <a:ruleInputTestConfigs>
                    <a:value xmlns:n1="urn:com:appian:types:UAP" xmlns:xsi="http://www.w3.org/2001/XMLSchema-instance" xsi:nil="true" xsi:type="n1:UAP_reviewCycle"/>
                    <a:nameRef>reviewCycle</a:nameRef>
                    <a:id/>
                </a:ruleInputTestConfigs>
                <a:ruleInputTestConfigs>
                    <a:value xmlns:n2="urn:com:appian:types:TRV" xmlns:xsi="http://www.w3.org/2001/XMLSchema-instance" xsi:nil="true" xsi:type="n2:TRV_auditHistory"/>
                    <a:nameRef>auditHistory</a:nameRef>
                    <a:id/>
                </a:ruleInputTestConfigs>
                <a:ruleInputTestConfigs>
                    <a:value xmlns:xsi="http://www.w3.org/2001/XMLSchema-instance" xsi:type="a:Expression">1</a:value>
                    <a:nameRef>applicationId</a:nameRef>
                    <a:id/>
                </a:ruleInputTestConfigs>
                <a:assertions xmlns:xsi="http://www.w3.org/2001/XMLSchema-instance" xsi:nil="true"/>
            </el>
        </value>
    </typedValue>
</contentHaul>
