<?xml version="1.0" encoding="UTF-8" standalone="yes"?>
<contentHaul xmlns:a="http://www.appian.com/ae/types/2009">
    <rule>
        <name>UAP_displayDocumentRichText</name>
        <uuid>_a-0000deb5-0bcc-8000-9ba2-011c48011c48_219621</uuid>
        <description>displays the document rich text validation for the checklist</description>
        <parentUuid>_a-0000deb5-0bcc-8000-9ba2-011c48011c48_218266</parentUuid>
        <visibility>
            <advertise>false</advertise>
            <hierarchy>true</hierarchy>
            <indexable>true</indexable>
            <quota>false</quota>
            <searchable>true</searchable>
            <system>false</system>
            <unlogged>false</unlogged>
        </visibility>
        <definition>#"SYSTEM_SYSRULES_richTextDisplayField"(
  value: #"SYSTEM_SYSRULES_richTextItem"(
    text: {
      /*ICON*/
      #"SYSTEM_SYSRULES_richTextImage"(
        image: #"SYSTEM_SYSRULES_documentImage"(
          document: if(
            or(
              isnull(
                ri!document
              ),
              ri!document = 0
            ),
            #"SYSTEM_SYSRULES_iconIndicator"(
              "STATUS_NOTDONE"
            ),
            if(
              ri!document = 1,
              #"SYSTEM_SYSRULES_iconIndicator"(
                "STATUS_WARN"
              ),
              #"SYSTEM_SYSRULES_iconIndicator"(
                "STATUS_OK"
              )
            )
          )
        )
      ),
      /*TEXT*/
      if(
        or(
          isnull(
            ri!document
          ),
          ri!document = 0/*There is no document in AppXtender*/
          
        ),
        #"SYSTEM_SYSRULES_richTextItem"(
          text: #"_a-0000dee0-8e2c-8000-9ba2-011c48011c48_231688",
          style: "NORMAL",
          link: 
          if
          (
            /*Only display links for Transcript and Test Scores when not recieved - for ws calls*/
            or
            (
              ri!indicator = #"_a-0000def2-cb5b-8000-9ba2-011c48011c48_238090",
              ri!indicator = #"_a-0000def2-cb5b-8000-9ba2-011c48011c48_238091"
            ),
            #"SYSTEM_SYSRULES_dynamicLink"(
              value: ri!indicator,
              saveInto:{ri!checklistBtnValue,
              {if(
                ri!indicator = #"_a-0000def2-cb5b-8000-9ba2-011c48011c48_238091",
                {
                  ri!checklistBtnValue,
                  a!save(
                    ri!testScoreList,
                    #"_a-0000def2-cb5b-8000-9ba2-011c48011c48_236897"(
                      uNumber: ri!graduateApplication.uNumber
                    )
                  ),
                  a!save(
                    ri!testScoreList,
                    #"_a-0000def2-cb5b-8000-9ba2-011c48011c48_237041"(
                      testScoreList: ri!testScoreList
                    )
                  )
                },
                {}
              )
              }
              }
              
            ),
            null
          )
        ),
        if(
          ri!document = 1/*A document was found in AppXtender*/,
          #"SYSTEM_SYSRULES_richTextItem"(
            text: #"_a-0000dee0-8e2c-8000-9ba2-011c48011c48_231689",
            style: "NORMAL",
            link: if(
              ri!showLinks,
              #"SYSTEM_SYSRULES_dynamicLink"(
                value: ri!indicator,
                saveInto: {ri!checklistBtnValue,
                 {if(
                  ri!indicator = #"_a-0000def2-cb5b-8000-9ba2-011c48011c48_238091",
                  {
                    ri!checklistBtnValue,
                    a!save(
                      ri!testScoreList,
                      #"_a-0000def2-cb5b-8000-9ba2-011c48011c48_236897"(
                        uNumber: ri!graduateApplication.uNumber
                      )
                    ),
                    a!save(
                      ri!testScoreList,
                      #"_a-0000def2-cb5b-8000-9ba2-011c48011c48_237041"(
                        testScoreList: ri!testScoreList
                      )
                    )
                  },
                  {}
                )
                }
                }
              ),
              null
            )
          ),
          #"SYSTEM_SYSRULES_richTextItem"(
            text: #"_a-0000dee0-8e2c-8000-9ba2-011c48011c48_231690",
            style: "NORMAL",
            link: if(
              ri!showLinks,
              #"SYSTEM_SYSRULES_dynamicLink"(
                value: ri!indicator,
                saveInto: {ri!checklistBtnValue,
                 {
                  if(
                    ri!indicator = #"_a-0000def2-cb5b-8000-9ba2-011c48011c48_238091",
                    {
                      ri!checklistBtnValue,
                      a!save(
                        ri!testScoreList,
                        #"_a-0000def2-cb5b-8000-9ba2-011c48011c48_236897"(
                          uNumber: ri!graduateApplication.uNumber
                        )
                      ),
                      a!save(
                        ri!testScoreList,
                        #"_a-0000def2-cb5b-8000-9ba2-011c48011c48_237041"(
                          testScoreList: ri!testScoreList
                        )
                      )
                    },
                    {}
                  )
                }
                }
              ),
              null
            )
          )
        )
      )
    }
  )
)</definition>
        <namedTypedValue>
            <name>document</name>
            <type>
                <name>int</name>
                <namespace>http://www.w3.org/2001/XMLSchema</namespace>
            </type>
        </namedTypedValue>
        <namedTypedValue>
            <name>checklistBtnValue</name>
            <type>
                <name>int</name>
                <namespace>http://www.w3.org/2001/XMLSchema</namespace>
            </type>
        </namedTypedValue>
        <namedTypedValue>
            <name>indicator</name>
            <type>
                <name>int</name>
                <namespace>http://www.w3.org/2001/XMLSchema</namespace>
            </type>
        </namedTypedValue>
        <namedTypedValue>
            <name>showLinks</name>
            <type>
                <name>boolean</name>
                <namespace>http://www.w3.org/2001/XMLSchema</namespace>
            </type>
        </namedTypedValue>
        <namedTypedValue>
            <name>testScoreList</name>
            <type>
                <name>UAP_testScore?list</name>
                <namespace>urn:com:appian:types:UAP</namespace>
            </type>
        </namedTypedValue>
        <namedTypedValue>
            <name>graduateApplication</name>
            <type>
                <name>UAP_v_graduateApplication</name>
                <namespace>urn:com:appian:types:UAP</namespace>
            </type>
        </namedTypedValue>
        <metadataExpr></metadataExpr>
        <preferredEditor>interface</preferredEditor>
        <offlineEnabled>false</offlineEnabled>
    </rule>
    <roleMap public="true">
        <role inherit="true" allowForAll="false" name="readers">
            <users/>
            <groups/>
        </role>
        <role inherit="true" allowForAll="false" name="authors">
            <users/>
            <groups/>
        </role>
        <role inherit="true" allowForAll="false" name="administrators">
            <users/>
            <groups/>
        </role>
        <role inherit="false" allowForAll="false" name="denyReaders">
            <users/>
            <groups/>
        </role>
        <role inherit="false" allowForAll="false" name="denyAuthors">
            <users/>
            <groups/>
        </role>
        <role inherit="false" allowForAll="false" name="denyAdministrators">
            <users/>
            <groups/>
        </role>
    </roleMap>
</contentHaul>
