<?xml version="1.0" encoding="UTF-8" standalone="yes"?>
<contentHaul xmlns:a="http://www.appian.com/ae/types/2009">
    <rule>
        <name>UAP_displayVerificationIcon</name>
        <uuid>_a-0000decc-9caf-8000-9ba2-011c48011c48_226128</uuid>
        <description>Display the icon for the verification</description>
        <parentUuid>_a-0000deb5-0bcc-8000-9ba2-011c48011c48_218266</parentUuid>
        <visibility>
            <advertise>false</advertise>
            <hierarchy>true</hierarchy>
            <indexable>true</indexable>
            <quota>false</quota>
            <searchable>true</searchable>
            <system>false</system>
            <unlogged>false</unlogged>
        </visibility>
        <definition>if(
  ri!item = 2,
  #"SYSTEM_SYSRULES_documentImage"(
    document: #"SYSTEM_SYSRULES_iconIndicator"(
      "STATUS_OK"
    ),
    caption: "Verified"
  ),
  if(
    ri!item = 1,
    #"SYSTEM_SYSRULES_documentImage"(
      document: #"SYSTEM_SYSRULES_iconIndicator"(
        "STATUS_WARN"
      ),
      caption: "Not Verified"
    ),
    #"SYSTEM_SYSRULES_documentImage"(
      document: #"SYSTEM_SYSRULES_iconIndicator"(
        "STATUS_NOTDONE"
      ),
      caption: "Not Provided"
    )
  )
)</definition>
        <namedTypedValue>
            <name>item</name>
            <type>
                <name>int</name>
                <namespace>http://www.w3.org/2001/XMLSchema</namespace>
            </type>
        </namedTypedValue>
        <metadataExpr></metadataExpr>
        <preferredEditor>interface</preferredEditor>
        <offlineEnabled>false</offlineEnabled>
    </rule>
    <roleMap public="true">
        <role inherit="true" allowForAll="false" name="readers">
            <users/>
            <groups/>
        </role>
        <role inherit="true" allowForAll="false" name="authors">
            <users/>
            <groups/>
        </role>
        <role inherit="true" allowForAll="false" name="administrators">
            <users/>
            <groups/>
        </role>
        <role inherit="false" allowForAll="false" name="denyReaders">
            <users/>
            <groups/>
        </role>
        <role inherit="false" allowForAll="false" name="denyAuthors">
            <users/>
            <groups/>
        </role>
        <role inherit="false" allowForAll="false" name="denyAdministrators">
            <users/>
            <groups/>
        </role>
    </roleMap>
</contentHaul>
