<?xml version="1.0" encoding="UTF-8" standalone="yes"?>
<contentHaul xmlns:a="http://www.appian.com/ae/types/2009">
    <rule>
        <name>UAP_reviewStatusIcon</name>
        <uuid>_a-0000decc-9caf-8000-9ba2-011c48011c48_226662</uuid>
        <description>Gets the review status icon</description>
        <parentUuid>_a-0000deb5-0bcc-8000-9ba2-011c48011c48_218267</parentUuid>
        <visibility>
            <advertise>false</advertise>
            <hierarchy>true</hierarchy>
            <indexable>true</indexable>
            <quota>false</quota>
            <searchable>true</searchable>
            <system>false</system>
            <unlogged>false</unlogged>
        </visibility>
        <definition>if
(
  #"_a-0000decc-9caf-8000-9ba2-011c48011c48_226422"
  (
    inputString: ri!loggedInUser,
    searchString: ri!facultyReviewer.reviewerList
  ),
  
  /*Reviewed*/
  #"SYSTEM_SYSRULES_documentImage"
  (
    document: #"SYSTEM_SYSRULES_iconIndicator"("STATUS_OK"),
    caption: ri!reviewedText,
    altText: ri!reviewedText
  ),
  
  if
  (
    ri!facultyReviewer.seeReviews,
    
    /*Reviews Closed*/
    #"SYSTEM_SYSRULES_documentImage"
    (
      document: #"SYSTEM_SYSRULES_iconIndicator"("REMOVE_DISABLED"),
      caption: ri!reviewsClosedText,
      altText: ri!reviewsClosedText
    ),
    
    /*Needs Review*/
    #"SYSTEM_SYSRULES_documentImage"
    (
      document: #"SYSTEM_SYSRULES_iconIndicator"("STATUS_WARN"),
      caption: ri!needsReviewText,
      altText: ri!needsReviewText
    )
  )
)</definition>
        <namedTypedValue>
            <name>facultyReviewer</name>
            <type>
                <name>UAP_v_facultyReviewer</name>
                <namespace>urn:com:appian:types:UAP</namespace>
            </type>
        </namedTypedValue>
        <namedTypedValue>
            <name>loggedInUser</name>
            <type>
                <name>string</name>
                <namespace>http://www.w3.org/2001/XMLSchema</namespace>
            </type>
            <value/>
        </namedTypedValue>
        <namedTypedValue>
            <name>reviewedText</name>
            <type>
                <name>string</name>
                <namespace>http://www.w3.org/2001/XMLSchema</namespace>
            </type>
            <value/>
        </namedTypedValue>
        <namedTypedValue>
            <name>needsReviewText</name>
            <type>
                <name>string</name>
                <namespace>http://www.w3.org/2001/XMLSchema</namespace>
            </type>
            <value/>
        </namedTypedValue>
        <namedTypedValue>
            <name>reviewsClosedText</name>
            <type>
                <name>string</name>
                <namespace>http://www.w3.org/2001/XMLSchema</namespace>
            </type>
            <value/>
        </namedTypedValue>
        <preferredEditor>legacy</preferredEditor>
        <offlineEnabled>false</offlineEnabled>
    </rule>
    <roleMap public="true">
        <role inherit="true" allowForAll="false" name="readers">
            <users/>
            <groups/>
        </role>
        <role inherit="true" allowForAll="false" name="authors">
            <users/>
            <groups/>
        </role>
        <role inherit="true" allowForAll="false" name="administrators">
            <users/>
            <groups/>
        </role>
        <role inherit="false" allowForAll="false" name="denyReaders">
            <users/>
            <groups/>
        </role>
        <role inherit="false" allowForAll="false" name="denyAuthors">
            <users/>
            <groups/>
        </role>
        <role inherit="false" allowForAll="false" name="denyAdministrators">
            <users/>
            <groups/>
        </role>
    </roleMap>
</contentHaul>
