<?xml version="1.0" encoding="UTF-8" standalone="yes"?>
<contentHaul xmlns:a="http://www.appian.com/ae/types/2009">
    <rule>
        <name>UAP_constructAppXtenderIndex</name>
        <uuid>_a-0000decc-9caf-8000-9ba2-011c48011c48_227545</uuid>
        <description>Given the document and other metadata needed for Admissions docuemnts, generate the index line</description>
        <parentUuid>_a-0000deb5-0bcc-8000-9ba2-011c48011c48_218267</parentUuid>
        <visibility>
            <advertise>false</advertise>
            <hierarchy>true</hierarchy>
            <indexable>true</indexable>
            <quota>false</quota>
            <searchable>true</searchable>
            <system>false</system>
            <unlogged>false</unlogged>
        </visibility>
        <definition>/*
Index Layout Construction
UID|DOCUMENT TYPE|LAST NAME|TERM CODE|APPLICATION NUMBER SET TO 0|REQUIREMENT DOCUMENT TYPE|DOCUMENT_NAME_HERE|DESTINATION LOCATION
U99770829|TRANSCRIPT|TRAINOR|201708|0|SPUR|DOCUMENT_NAME_HERE|@@C:\test.txt
Separate by line breaks
*/
#"_a-0000df0b-4b17-8000-9ba2-011c48011c48_247238"(
  applicationAcronym: #"_a-0000df0b-4b17-8000-9ba2-011c48011c48_247235",
  createOn: today(),
  field1: ri!uNumber,
  field2: ri!documentType,
  field3: ri!lastName,
  field4: ri!termCode,
  field5: 0, /*Set to 0*/
  field6: ri!admissionsRequirement,
  field7: ri!fileName,
  field8: #"_a-0000df0b-4b17-8000-9ba2-011c48011c48_247357"(
    filename: ri!fileName
  )
)</definition>
        <namedTypedValue>
            <name>uNumber</name>
            <type>
                <name>string</name>
                <namespace>http://www.w3.org/2001/XMLSchema</namespace>
            </type>
            <value/>
        </namedTypedValue>
        <namedTypedValue>
            <name>documentType</name>
            <type>
                <name>string</name>
                <namespace>http://www.w3.org/2001/XMLSchema</namespace>
            </type>
            <value/>
        </namedTypedValue>
        <namedTypedValue>
            <name>lastName</name>
            <type>
                <name>string</name>
                <namespace>http://www.w3.org/2001/XMLSchema</namespace>
            </type>
            <value/>
        </namedTypedValue>
        <namedTypedValue>
            <name>termCode</name>
            <type>
                <name>string</name>
                <namespace>http://www.w3.org/2001/XMLSchema</namespace>
            </type>
            <value/>
        </namedTypedValue>
        <namedTypedValue>
            <name>admissionsRequirement</name>
            <type>
                <name>string</name>
                <namespace>http://www.w3.org/2001/XMLSchema</namespace>
            </type>
            <value/>
        </namedTypedValue>
        <namedTypedValue>
            <name>fileName</name>
            <type>
                <name>string</name>
                <namespace>http://www.w3.org/2001/XMLSchema</namespace>
            </type>
            <value/>
        </namedTypedValue>
        <preferredEditor>legacy</preferredEditor>
        <offlineEnabled>false</offlineEnabled>
    </rule>
    <roleMap public="true">
        <role inherit="true" allowForAll="false" name="readers">
            <users/>
            <groups/>
        </role>
        <role inherit="true" allowForAll="false" name="authors">
            <users/>
            <groups/>
        </role>
        <role inherit="true" allowForAll="false" name="administrators">
            <users/>
            <groups/>
        </role>
        <role inherit="false" allowForAll="false" name="denyReaders">
            <users/>
            <groups/>
        </role>
        <role inherit="false" allowForAll="false" name="denyAuthors">
            <users/>
            <groups/>
        </role>
        <role inherit="false" allowForAll="false" name="denyAdministrators">
            <users/>
            <groups/>
        </role>
    </roleMap>
</contentHaul>
