<?xml version="1.0" encoding="UTF-8" standalone="yes"?>
<contentHaul xmlns:a="http://www.appian.com/ae/types/2009">
    <rule>
        <name>UAP_eg_appXtenderDoc</name>
        <uuid>_a-0000dee0-8e2c-8000-9ba2-011c48011c48_231811</uuid>
        <description>editable grid to classify appXtender documents</description>
        <parentUuid>_a-0000deb5-0bcc-8000-9ba2-011c48011c48_218266</parentUuid>
        <visibility>
            <advertise>false</advertise>
            <hierarchy>true</hierarchy>
            <indexable>true</indexable>
            <quota>false</quota>
            <searchable>true</searchable>
            <system>false</system>
            <unlogged>false</unlogged>
        </visibility>
        <definition>#"SYSTEM_SYSRULES_gridLayout"(
  headerCells: {
    #"SYSTEM_SYSRULES_gridLayoutHeaderCell"(
      label: "Document"
    ),
    #"SYSTEM_SYSRULES_gridLayoutHeaderCell"(
      label: "Document Type"
    )
  },
  rows: {
    #"SYSTEM_SYSRULES_applyComponents"(
      function: #"_a-0000dee0-8e2c-8000-9ba2-011c48011c48_231803"(
        docMetaDataList: ri!docMetaDataList,
        index: _,
        documentTypeList: ri!documentTypeList,
        files: ri!files
      ),
      array: if(
        or(
          isnull(
            ri!docMetaDataList
          ),
          count(
            ri!docMetaDataList
          ) &lt; 1
        ),
        {},
        1 + enumerate(
          count(
            ri!docMetaDataList
          )
        )
      )
    )
  }
)</definition>
        <namedTypedValue>
            <name>docMetaDataList</name>
            <type>
                <name>UAP_appXtenderDocMetaData?list</name>
                <namespace>urn:com:appian:types:UAP</namespace>
            </type>
        </namedTypedValue>
        <namedTypedValue>
            <name>documentTypeList</name>
            <type>
                <name>UAP_reference?list</name>
                <namespace>urn:com:appian:types:UAP</namespace>
            </type>
        </namedTypedValue>
        <namedTypedValue>
            <name>files</name>
            <type>
                <name>CollaborationDocument?list</name>
                <namespace>http://www.appian.com/ae/types/2009</namespace>
            </type>
        </namedTypedValue>
        <metadataExpr></metadataExpr>
        <preferredEditor>interface</preferredEditor>
        <offlineEnabled>false</offlineEnabled>
    </rule>
    <roleMap public="true">
        <role inherit="true" allowForAll="false" name="readers">
            <users/>
            <groups/>
        </role>
        <role inherit="true" allowForAll="false" name="authors">
            <users/>
            <groups/>
        </role>
        <role inherit="true" allowForAll="false" name="administrators">
            <users/>
            <groups/>
        </role>
        <role inherit="false" allowForAll="false" name="denyReaders">
            <users/>
            <groups/>
        </role>
        <role inherit="false" allowForAll="false" name="denyAuthors">
            <users/>
            <groups/>
        </role>
        <role inherit="false" allowForAll="false" name="denyAdministrators">
            <users/>
            <groups/>
        </role>
    </roleMap>
    <typedValue>
        <type>
            <name>RuleTestConfig?list</name>
            <namespace>http://www.appian.com/ae/types/2009</namespace>
        </type>
        <value>
            <el>
                <a:name/>
                <a:ruleInputTestConfigs>
                    <a:value xmlns:xsi="http://www.w3.org/2001/XMLSchema-instance" xsi:type="a:Expression">'type!{urn:com:appian:types:UAP}UAP_appXtenderDocMetaData'(
  appianDocId: 195311
)</a:value>
                    <a:nameRef>docMetaDataList</a:nameRef>
                    <a:id/>
                </a:ruleInputTestConfigs>
                <a:ruleInputTestConfigs>
                    <a:value xmlns:xsi="http://www.w3.org/2001/XMLSchema-instance" xsi:type="a:Expression">#"_a-0000deb5-0bcc-8000-9ba2-011c48011c48_219272"(&#xD;
  pagingInfo: #"SYSTEM_SYSRULES_pagingInfo"(&#xD;
    startIndex: 1,&#xD;
    batchSize: 15,&#xD;
    sort: #"SYSTEM_SYSRULES_sortInfo"(&#xD;
      field: "displayValue",&#xD;
      ascending: true&#xD;
    )&#xD;
  ),&#xD;
  refType: {&#xD;
    #"_a-0000def2-cb5b-8000-9ba2-011c48011c48_237137",&#xD;
    #"_a-0000def2-cb5b-8000-9ba2-011c48011c48_237138"&#xD;
  },&#xD;
  returnCdt: true&#xD;
)</a:value>
                    <a:nameRef>documentTypeList</a:nameRef>
                    <a:id/>
                </a:ruleInputTestConfigs>
                <a:ruleInputTestConfigs>
                    <a:value xmlns:xsi="http://www.w3.org/2001/XMLSchema-instance" xsi:type="a:CollaborationDocument?list">_a-0000dcbf-951f-8000-9ba2-011c48011c48_92919</a:value>
                    <a:nameRef>files</a:nameRef>
                    <a:id/>
                </a:ruleInputTestConfigs>
                <a:assertions xmlns:xsi="http://www.w3.org/2001/XMLSchema-instance" xsi:nil="true"/>
            </el>
        </value>
    </typedValue>
</contentHaul>
