<?xml version="1.0" encoding="UTF-8" standalone="yes"?>
<contentHaul xmlns:a="http://www.appian.com/ae/types/2009">
    <rule>
        <name>UAP_filterInfoFromRequestBodyForUnsuccessfulPosts</name>
        <uuid>_a-0000df0b-4b17-8000-9ba2-011c48011c48_247358</uuid>
        <description>Expression rule to parse the request body from the WS when posting application decisions to filter out unsuccessful posts</description>
        <parentUuid>_a-0000deb5-0bcc-8000-9ba2-011c48011c48_218267</parentUuid>
        <visibility>
            <advertise>false</advertise>
            <hierarchy>true</hierarchy>
            <indexable>true</indexable>
            <quota>false</quota>
            <searchable>true</searchable>
            <system>false</system>
            <unlogged>false</unlogged>
        </visibility>
        <definition>load(
  local!responseData: #"SYSTEM_SYSRULES_fromJson"(
    ri!responseBody
  ).data,
  local!trueResponseData: where(
    local!responseData.successful
  ),
  local!falseResponseData: remove(
    local!responseData,
    local!trueResponseData
  ),
  local!requestData: #"SYSTEM_SYSRULES_fromJson"(
    ri!requestBody
  ),
  local!requestList: index(
    local!requestData,
    wherecontains(
      local!falseResponseData.usfId,
      local!requestData.uNumber
    )
  ),
  local!requestList
)</definition>
        <namedTypedValue>
            <name>responseBody</name>
            <type>
                <name>string</name>
                <namespace>http://www.w3.org/2001/XMLSchema</namespace>
            </type>
            <value/>
        </namedTypedValue>
        <namedTypedValue>
            <name>requestBody</name>
            <type>
                <name>string</name>
                <namespace>http://www.w3.org/2001/XMLSchema</namespace>
            </type>
            <value/>
        </namedTypedValue>
        <preferredEditor>legacy</preferredEditor>
        <offlineEnabled>false</offlineEnabled>
    </rule>
    <roleMap public="true">
        <role inherit="true" allowForAll="false" name="readers">
            <users/>
            <groups/>
        </role>
        <role inherit="true" allowForAll="false" name="authors">
            <users/>
            <groups/>
        </role>
        <role inherit="true" allowForAll="false" name="administrators">
            <users/>
            <groups/>
        </role>
        <role inherit="false" allowForAll="false" name="denyReaders">
            <users/>
            <groups/>
        </role>
        <role inherit="false" allowForAll="false" name="denyAuthors">
            <users/>
            <groups/>
        </role>
        <role inherit="false" allowForAll="false" name="denyAdministrators">
            <users/>
            <groups/>
        </role>
    </roleMap>
    <typedValue>
        <type>
            <name>RuleTestConfig?list</name>
            <namespace>http://www.appian.com/ae/types/2009</namespace>
        </type>
        <value>
            <el>
                <a:name>Unsuccessful Posts</a:name>
                <a:ruleInputTestConfigs>
                    <a:value xmlns:xsd="http://www.w3.org/2001/XMLSchema" xmlns:xsi="http://www.w3.org/2001/XMLSchema-instance" xsi:type="xsd:string">{  "responseCode": 0,  "responseMessage": "Data retrieved successfully",  "data": [    {      "usfId": "U81585683",      "successful": "False",      "messages": [        "First Message",        "Second Message"      ]    },    {      "usfId": "U50879703",      "successful": "True",      "messages": [        "First Message",        "Second Message"      ]    },    {      "usfId": "U02736477",      "successful": "True",      "messages": [        "First Message",        "Second Message"      ]    }  ],  "errors": [      ]}</a:value>
                    <a:nameRef>responseBody</a:nameRef>
                    <a:id>1</a:id>
                </a:ruleInputTestConfigs>
                <a:ruleInputTestConfigs>
                    <a:value xmlns:xsd="http://www.w3.org/2001/XMLSchema" xmlns:xsi="http://www.w3.org/2001/XMLSchema-instance" xsi:type="xsd:string">[{"uNumber":"U81585683","decisionCode":"CA","applicationNumber":"2","term":"201305"},{"uNumber":"U50879703","decisionCode":"CA","applicationNumber":"2","term":"201308"},{"uNumber":"U02736477","decisionCode":"CA","applicationNumber":"4","term":"201308"}]</a:value>
                    <a:nameRef>requestBody</a:nameRef>
                    <a:id>2</a:id>
                </a:ruleInputTestConfigs>
                <a:assertions xmlns:xsi="http://www.w3.org/2001/XMLSchema-instance" xsi:nil="true"/>
            </el>
            <el>
                <a:name>No Unsuccessful Posts</a:name>
                <a:ruleInputTestConfigs>
                    <a:value xmlns:xsd="http://www.w3.org/2001/XMLSchema" xmlns:xsi="http://www.w3.org/2001/XMLSchema-instance" xsi:type="xsd:string">{  "responseCode": 0,  "responseMessage": "Data retrieved successfully",  "data": [    {      "usfId": "U81585683",      "successful": "True",      "messages": [        "First Message",        "Second Message"      ]    },    {      "usfId": "U50879703",      "successful": "True",      "messages": [        "First Message",        "Second Message"      ]    },    {      "usfId": "U02736477",      "successful": "True",      "messages": [        "First Message",        "Second Message"      ]    }  ],  "errors": [      ]}</a:value>
                    <a:nameRef>responseBody</a:nameRef>
                    <a:id>1</a:id>
                </a:ruleInputTestConfigs>
                <a:ruleInputTestConfigs>
                    <a:value xmlns:xsd="http://www.w3.org/2001/XMLSchema" xmlns:xsi="http://www.w3.org/2001/XMLSchema-instance" xsi:type="xsd:string">[{"uNumber":"U81585683","decisionCode":"CA","applicationNumber":"2","term":"201305"},{"uNumber":"U50879703","decisionCode":"CA","applicationNumber":"2","term":"201308"},{"uNumber":"U02736477","decisionCode":"CA","applicationNumber":"4","term":"201308"}]</a:value>
                    <a:nameRef>requestBody</a:nameRef>
                    <a:id>2</a:id>
                </a:ruleInputTestConfigs>
                <a:assertions xmlns:xsi="http://www.w3.org/2001/XMLSchema-instance" xsi:nil="true"/>
            </el>
        </value>
    </typedValue>
</contentHaul>
