<?xml version="1.0" encoding="UTF-8" standalone="yes"?>
<contentHaul xmlns:a="http://www.appian.com/ae/types/2009">
    <rule>
        <name>UAP_postGacDecisionButton</name>
        <uuid>_a-0000defe-bf54-8000-9ba2-011c48011c48_243761</uuid>
        <description>Expression rule to specify details for the buttons associated with decision codes for GAC's</description>
        <parentUuid>_a-0000deb5-0bcc-8000-9ba2-011c48011c48_218267</parentUuid>
        <visibility>
            <advertise>false</advertise>
            <hierarchy>true</hierarchy>
            <indexable>true</indexable>
            <quota>false</quota>
            <searchable>true</searchable>
            <system>false</system>
            <unlogged>false</unlogged>
        </visibility>
        <definition>#"SYSTEM_SYSRULES_ButtonWidget"(
  label: ri!decisionCodeList[ri!index].code,
  value: ri!decisionCodeList[ri!index].refId,
  disabled: #"_a-0000def2-cb5b-8000-9ba2-011c48011c48_237112"(
    view: ri!datasubset.data,
    identifiers: ri!gridSelection.selected
  ),
  confirmMessage: #"_a-0000def2-cb5b-8000-9ba2-011c48011c48_237378"
  /*,*/
  /*saveInto: {*/
  /*  a!save(*/
  /*    ri!auditHistoryList,*/
      /*Capture Audit History*/
  /*    rule!UAP_constructAuditHistoriesForGACDashboardCancelApplication(*/
  /*      applicationIdList: ri!gridSelection.selected,*/
  /*      applicationDecision: ri!decisionCodeList[ri!index].code*/
  /*    )*/
  /*  ),*/
    /*Generate Grad App Detail List to update applicationStatus*/
  /*  a!save(*/
  /*    ri!gradAppDetailList,*/
  /*    rule!UAP_constructGradAppDetailList(*/
  /*      applicationIdList: ri!gridSelection.selected,*/
  /*      isGAC: true,*/
  /*      decision: ri!decisionCodeList[ri!index].displayValue*/
  /*    )*/
  /*  ),*/
  /*  a!save(*/
  /*    ri!graduateApplicationList,*/
  /*    rule!UAP_constructGraduateApplicationList(*/
  /*      applicationIdList: ri!gridSelection.selected,*/
  /*      isGAC: true,*/
  /*      decision: ri!decisionCodeList[ri!index].refId*/
  /*    )*/
  /*  ),*/
  /*  a!startProcess(*/
  /*    processModel: cons!UAP_PM_GAC_CANCEL_APPLICATION,*/
  /*    processParameters: {*/
  /*      auditHistory: ri!auditHistoryList,*/
  /*      gradAppDetail: ri!gradAppDetailList,*/
  /*      graduateApplication: ri!graduateApplicationList,*/
  /*      applicationIdCancelList: ri!gridSelection.selected,*/
  /*      decisionCode: ri!decisionCodeList[ri!index].refId*/
  /*    }*/
  /*  ),*/
  /*  a!save(*/
  /*    ri!datasubset,*/
  /*    rule!UAP_v_getDirectorDashApplication(*/
  /*      returnAll: true,*/
  /*      pagingInfo: ri!gridSelection.pagingInfo,*/
  /*      applicationId: ri!applicantFilter,*/
  /*      gpa: ri!gpaFilter,*/
  /*      deptDecision: ri!decisionFilter,*/
  /*      applicationStatus: ri!statusFilter*/
  /*    )*/
  /*  ),*/
  /*  a!save(*/
  /*    ri!gridSelection.selected,*/
  /*    null*/
  /*  )*/
  /*}*/
)</definition>
        <namedTypedValue>
            <name>decisionCodeList</name>
            <type>
                <name>UAP_reference?list</name>
                <namespace>urn:com:appian:types:UAP</namespace>
            </type>
        </namedTypedValue>
        <namedTypedValue>
            <name>datasubset</name>
            <type>
                <name>DataSubset</name>
                <namespace>http://www.appian.com/ae/types/2009</namespace>
            </type>
        </namedTypedValue>
        <namedTypedValue>
            <name>gridSelection</name>
            <type>
                <name>GridSelection?list</name>
                <namespace>http://www.appian.com/ae/types/2009</namespace>
            </type>
        </namedTypedValue>
        <namedTypedValue>
            <name>auditHistoryList</name>
            <type>
                <name>TRV_auditHistory?list</name>
                <namespace>urn:com:appian:types:TRV</namespace>
            </type>
        </namedTypedValue>
        <namedTypedValue>
            <name>gradAppDetailList</name>
            <type>
                <name>UAP_gradAppDetail?list</name>
                <namespace>urn:com:appian:types:UAP</namespace>
            </type>
        </namedTypedValue>
        <namedTypedValue>
            <name>graduateApplicationList</name>
            <type>
                <name>UAP_graduateApplication?list</name>
                <namespace>urn:com:appian:types:UAP</namespace>
            </type>
        </namedTypedValue>
        <namedTypedValue>
            <name>applicantFilter</name>
            <type>
                <name>string</name>
                <namespace>http://www.w3.org/2001/XMLSchema</namespace>
            </type>
            <value/>
        </namedTypedValue>
        <namedTypedValue>
            <name>gpaFilter</name>
            <type>
                <name>string</name>
                <namespace>http://www.w3.org/2001/XMLSchema</namespace>
            </type>
            <value/>
        </namedTypedValue>
        <namedTypedValue>
            <name>decisionFilter</name>
            <type>
                <name>string</name>
                <namespace>http://www.w3.org/2001/XMLSchema</namespace>
            </type>
            <value/>
        </namedTypedValue>
        <namedTypedValue>
            <name>statusFilter</name>
            <type>
                <name>string</name>
                <namespace>http://www.w3.org/2001/XMLSchema</namespace>
            </type>
            <value/>
        </namedTypedValue>
        <namedTypedValue>
            <name>index</name>
            <type>
                <name>int</name>
                <namespace>http://www.w3.org/2001/XMLSchema</namespace>
            </type>
        </namedTypedValue>
        <preferredEditor>legacy</preferredEditor>
        <offlineEnabled>false</offlineEnabled>
    </rule>
    <roleMap public="true">
        <role inherit="true" allowForAll="false" name="readers">
            <users/>
            <groups/>
        </role>
        <role inherit="true" allowForAll="false" name="authors">
            <users/>
            <groups/>
        </role>
        <role inherit="true" allowForAll="false" name="administrators">
            <users/>
            <groups/>
        </role>
        <role inherit="false" allowForAll="false" name="denyReaders">
            <users/>
            <groups/>
        </role>
        <role inherit="false" allowForAll="false" name="denyAuthors">
            <users/>
            <groups/>
        </role>
        <role inherit="false" allowForAll="false" name="denyAdministrators">
            <users/>
            <groups/>
        </role>
    </roleMap>
    <typedValue>
        <type>
            <name>RuleTestConfig?list</name>
            <namespace>http://www.appian.com/ae/types/2009</namespace>
        </type>
        <value>
            <el>
                <a:name>Unnamed Test Case</a:name>
                <a:ruleInputTestConfigs>
                    <a:value xmlns:xsi="http://www.w3.org/2001/XMLSchema-instance" xsi:type="a:Expression">#"_a-0000deb5-0bcc-8000-9ba2-011c48011c48_219282"(&#xD;
    referenceList: #"_a-0000deb5-0bcc-8000-9ba2-011c48011c48_219272"(&#xD;
    refType: {&#xD;
      #"_a-0000decc-9caf-8000-9ba2-011c48011c48_226563",&#xD;
      #"_a-0000decc-9caf-8000-9ba2-011c48011c48_225896",&#xD;
      #"_a-0000decc-9caf-8000-9ba2-011c48011c48_225283",&#xD;
      #"_a-0000dee0-8e2c-8000-9ba2-011c48011c48_232668",&#xD;
      #"_a-0000def2-cb5b-8000-9ba2-011c48011c48_236831"&#xD;
    },&#xD;
    returnAll: true,&#xD;
    returnCdt: true,&#xD;
    pagingInfo: #"SYSTEM_SYSRULES_pagingInfo"(&#xD;
      startIndex: 1,&#xD;
      batchSize: - 1,&#xD;
      sort: #"SYSTEM_SYSRULES_sortInfo"(&#xD;
        field: "displayOrder",&#xD;
        ascending: true&#xD;
      )&#xD;
    )&#xD;
  ),&#xD;
    refType: #"_a-0000def2-cb5b-8000-9ba2-011c48011c48_236831"&#xD;
  )</a:value>
                    <a:nameRef>decisionCodeList</a:nameRef>
                    <a:id>1</a:id>
                </a:ruleInputTestConfigs>
                <a:ruleInputTestConfigs>
                    <a:value xmlns:xsi="http://www.w3.org/2001/XMLSchema-instance" xsi:type="a:Expression">#"_a-0000decc-9caf-8000-9ba2-011c48011c48_225732"(&#xD;
    returnAll: true,&#xD;
    pagingInfo:  #"SYSTEM_SYSRULES_pagingInfo"(&#xD;
      startIndex: 1,&#xD;
      batchSize: 10,&#xD;
      sort: #"SYSTEM_SYSRULES_sortInfo"(&#xD;
        field: "appSubmittedOn",&#xD;
        ascending: true&#xD;
      )&#xD;
    ),&#xD;
    applicationStatus: #"_a-0000dee0-8e2c-8000-9ba2-011c48011c48_232561"&#xD;
  )</a:value>
                    <a:nameRef>datasubset</a:nameRef>
                    <a:id>2</a:id>
                </a:ruleInputTestConfigs>
                <a:ruleInputTestConfigs>
                    <a:value xmlns:xsi="http://www.w3.org/2001/XMLSchema-instance" xsi:type="a:Expression">#"SYSTEM_SYSRULES_gridSelection"(&#xD;
    #"SYSTEM_SYSRULES_pagingInfo"(&#xD;
      startIndex: 1,&#xD;
      batchSize: 10,&#xD;
      sort: #"SYSTEM_SYSRULES_sortInfo"(&#xD;
        field: "appSubmittedOn",&#xD;
        ascending: true&#xD;
      )&#xD;
    )&#xD;
  )</a:value>
                    <a:nameRef>gridSelection</a:nameRef>
                    <a:id>3</a:id>
                </a:ruleInputTestConfigs>
                <a:ruleInputTestConfigs>
                    <a:nameRef>auditHistoryList</a:nameRef>
                    <a:id>4</a:id>
                </a:ruleInputTestConfigs>
                <a:ruleInputTestConfigs>
                    <a:nameRef>gradAppDetailList</a:nameRef>
                    <a:id>5</a:id>
                </a:ruleInputTestConfigs>
                <a:ruleInputTestConfigs>
                    <a:nameRef>graduateApplicationList</a:nameRef>
                    <a:id>6</a:id>
                </a:ruleInputTestConfigs>
                <a:ruleInputTestConfigs>
                    <a:value xmlns:xsd="http://www.w3.org/2001/XMLSchema" xmlns:xsi="http://www.w3.org/2001/XMLSchema-instance" xsi:type="xsd:string"/>
                    <a:nameRef>applicantFilter</a:nameRef>
                    <a:id>7</a:id>
                </a:ruleInputTestConfigs>
                <a:ruleInputTestConfigs>
                    <a:value xmlns:xsd="http://www.w3.org/2001/XMLSchema" xmlns:xsi="http://www.w3.org/2001/XMLSchema-instance" xsi:type="xsd:string"/>
                    <a:nameRef>gpaFilter</a:nameRef>
                    <a:id>8</a:id>
                </a:ruleInputTestConfigs>
                <a:ruleInputTestConfigs>
                    <a:value xmlns:xsd="http://www.w3.org/2001/XMLSchema" xmlns:xsi="http://www.w3.org/2001/XMLSchema-instance" xsi:type="xsd:string"/>
                    <a:nameRef>decisionFilter</a:nameRef>
                    <a:id>9</a:id>
                </a:ruleInputTestConfigs>
                <a:ruleInputTestConfigs>
                    <a:value xmlns:xsd="http://www.w3.org/2001/XMLSchema" xmlns:xsi="http://www.w3.org/2001/XMLSchema-instance" xsi:type="xsd:string"/>
                    <a:nameRef>statusFilter</a:nameRef>
                    <a:id>10</a:id>
                </a:ruleInputTestConfigs>
                <a:ruleInputTestConfigs>
                    <a:value xmlns:xsd="http://www.w3.org/2001/XMLSchema" xmlns:xsi="http://www.w3.org/2001/XMLSchema-instance" xsi:type="xsd:int">25</a:value>
                    <a:nameRef>index</a:nameRef>
                    <a:id>11</a:id>
                </a:ruleInputTestConfigs>
                <a:assertions xmlns:xsi="http://www.w3.org/2001/XMLSchema-instance" xsi:nil="true"/>
            </el>
        </value>
    </typedValue>
</contentHaul>
