<?xml version="1.0" encoding="UTF-8" standalone="yes"?>
<contentHaul xmlns:a="http://www.appian.com/ae/types/2009">
    <rule>
        <name>UAP_getMilestoneDurationData</name>
        <uuid>_a-0000def2-cb5b-8000-9ba2-011c48011c48_237717</uuid>
        <description>Expression rule to return data on milestone duration</description>
        <parentUuid>_a-0000deb5-0bcc-8000-9ba2-011c48011c48_218267</parentUuid>
        <visibility>
            <advertise>false</advertise>
            <hierarchy>true</hierarchy>
            <indexable>true</indexable>
            <quota>false</quota>
            <searchable>true</searchable>
            <system>false</system>
            <unlogged>false</unlogged>
        </visibility>
        <definition>with(
  local!queryDatasubset: #"SYSTEM_SYSRULES_queryEntity"(
  entity: #"_a-0000def2-cb5b-8000-9ba2-011c48011c48_237966",
  query: #"SYSTEM_SYSRULES_query"(
    selection: #"SYSTEM_SYSRULES_querySelection"(
      columns: {
        #"SYSTEM_SYSRULES_queryColumn"(
          field: "applicationId"
        ),
        #"SYSTEM_SYSRULES_queryColumn"(
          field: "appSubmittedOn"
        ),
        #"SYSTEM_SYSRULES_queryColumn"(
          field: "college"
        ),
        #"SYSTEM_SYSRULES_queryColumn"(
          field: "degree"
        ),
        #"SYSTEM_SYSRULES_queryColumn"(
          field: "majorCode"
        ),
        #"SYSTEM_SYSRULES_queryColumn"(
          field: "concentrationCode"
        ),
        #"SYSTEM_SYSRULES_queryColumn"(
          field: "initialReviewCompletedOn"
        ),
        #"SYSTEM_SYSRULES_queryColumn"(
          field: "deptRecommendationOn"
        ),
        #"SYSTEM_SYSRULES_queryColumn"(
          field: "finalDecisionOn"
        ),
        #"SYSTEM_SYSRULES_queryColumn"(
          field: "initialReviewDuration"
        ),
        #"SYSTEM_SYSRULES_queryColumn"(
          field: "directorReviewDuration"
        ),
        #"SYSTEM_SYSRULES_queryColumn"(
          field: "finalReviewDuration"
        ),
        #"SYSTEM_SYSRULES_queryColumn"(
          field: "totalDuration"
        )
      }
    ),
    pagingInfo: if(
        #"_a-0000d62a-67b3-8000-da6f-010000010000_950"(
          ri!pagingInfo
        ),
        #"SYSTEM_SYSRULES_pagingInfo"(
          startIndex: 1,
          batchSize: - 1,
          sort: #"SYSTEM_SYSRULES_sortInfo"(
            field: "applicationId",
            ascending: true
          )
        ),
        ri!pagingInfo
      )
  )
),
if(
    ri!returnCdt,
    cast(
      typeof(
        {
          'type!{urn:com:appian:types:UAP}UAP_v_milestoneDuration'()
        }
      ),
      local!queryDatasubset.data
    ),
    local!queryDatasubset
  )
)
</definition>
        <namedTypedValue>
            <name>pagingInfo</name>
            <type>
                <name>PagingInfo</name>
                <namespace>http://www.appian.com/ae/types/2009</namespace>
            </type>
        </namedTypedValue>
        <namedTypedValue>
            <name>returnCdt</name>
            <type>
                <name>boolean</name>
                <namespace>http://www.w3.org/2001/XMLSchema</namespace>
            </type>
        </namedTypedValue>
        <preferredEditor>legacy</preferredEditor>
        <offlineEnabled>false</offlineEnabled>
    </rule>
    <roleMap public="true">
        <role inherit="true" allowForAll="false" name="readers">
            <users/>
            <groups/>
        </role>
        <role inherit="true" allowForAll="false" name="authors">
            <users/>
            <groups/>
        </role>
        <role inherit="true" allowForAll="false" name="administrators">
            <users/>
            <groups/>
        </role>
        <role inherit="false" allowForAll="false" name="denyReaders">
            <users/>
            <groups/>
        </role>
        <role inherit="false" allowForAll="false" name="denyAuthors">
            <users/>
            <groups/>
        </role>
        <role inherit="false" allowForAll="false" name="denyAdministrators">
            <users/>
            <groups/>
        </role>
    </roleMap>
</contentHaul>
