<?xml version="1.0" encoding="UTF-8" standalone="yes"?>
<contentHaul xmlns:a="http://www.appian.com/ae/types/2009">
    <rule>
        <name>UAP_s_document</name>
        <uuid>_a-0000decc-9caf-8000-9ba2-011c48011c48_227744</uuid>
        <description>Documents Section</description>
        <parentUuid>_a-0000deb5-0bcc-8000-9ba2-011c48011c48_218266</parentUuid>
        <visibility>
            <advertise>false</advertise>
            <hierarchy>true</hierarchy>
            <indexable>true</indexable>
            <quota>false</quota>
            <searchable>true</searchable>
            <system>false</system>
            <unlogged>false</unlogged>
        </visibility>
        <definition>load(
  
  /*Stubbed as of 7/11/17*/
  local!uNumber: #"_a-0000df16-9c51-8000-9ba2-011c48011c48_253050"(graduateApplication: ri!graduateApplication),
  
  local!pagingInfo: #"SYSTEM_SYSRULES_pagingInfo"(
    startIndex: 1,
    batchSize: 10,
    sort: #"SYSTEM_SYSRULES_sortInfo"(
          field: "documentType",
          ascending: true
        )
  ),
  local!dataSubset: todatasubset(
    #"_a-0000def2-cb5b-8000-9ba2-011c48011c48_236848"( 
      uNumber: local!uNumber,
      pagingInfo: #"SYSTEM_SYSRULES_pagingInfo"(
        startIndex: 1,
        batchSize: 40
      )
    ),
    local!pagingInfo
  ),
  #"SYSTEM_SYSRULES_sectionLayout"(
    label: "Document Metadata",
    firstColumnContents: {
      /*a!textField(*/
        /*value: local!dataSubset.data,*/
        /*readOnly: true*/
      /*),*/
      #"_a-0000dee0-8e2c-8000-9ba2-011c48011c48_232802"(
        datasubset: local!dataSubset,
        pagingInfo: local!pagingInfo,
        uNumber: local!uNumber
      ),
      
      if
      (
        local!dataSubset.totalCount = 0,
        {},
         #"SYSTEM_SYSRULES_ButtonLayout"(
            primaryButtons: {
              #"SYSTEM_SYSRULES_ButtonWidgetSubmit"(
                label: "Merge Documents",
                confirmMessage: #"_a-0000df0b-4b17-8000-9ba2-011c48011c48_247771",
                confirmButtonLabel: "Continue",
                cancelButtonLabel: "Cancel",
                value: null,
                saveInto: {ri!checklistBtnValue, 
                
                #"SYSTEM_SYSRULES_startProcess"(
                  processModel: #"_a-0000df16-9c51-8000-9ba2-011c48011c48_252547",
                  processParameters: {
                    metaDataDS: local!dataSubset,
                    graduateApplication: ri!graduateApplication,
                    initiator: loggedinuser(),
                    docIdList: local!datasubset.data.documentName
                  }
                )
                
                }
              )
            }
          )
      )
      
      
     
    }
  )
)</definition>
        <namedTypedValue>
            <name>graduateApplication</name>
            <type>
                <name>UAP_v_graduateApplication</name>
                <namespace>urn:com:appian:types:UAP</namespace>
            </type>
        </namedTypedValue>
        <namedTypedValue>
            <name>checklistBtnValue</name>
            <type>
                <name>string</name>
                <namespace>http://www.w3.org/2001/XMLSchema</namespace>
            </type>
            <value/>
        </namedTypedValue>
        <metadataExpr></metadataExpr>
        <preferredEditor>interface</preferredEditor>
        <offlineEnabled>false</offlineEnabled>
    </rule>
    <roleMap public="true">
        <role inherit="true" allowForAll="false" name="readers">
            <users/>
            <groups/>
        </role>
        <role inherit="true" allowForAll="false" name="authors">
            <users/>
            <groups/>
        </role>
        <role inherit="true" allowForAll="false" name="administrators">
            <users/>
            <groups/>
        </role>
        <role inherit="false" allowForAll="false" name="denyReaders">
            <users/>
            <groups/>
        </role>
        <role inherit="false" allowForAll="false" name="denyAuthors">
            <users/>
            <groups/>
        </role>
        <role inherit="false" allowForAll="false" name="denyAdministrators">
            <users/>
            <groups/>
        </role>
    </roleMap>
</contentHaul>
