<?xml version="1.0" encoding="UTF-8" standalone="yes"?>
<contentHaul xmlns:a="http://www.appian.com/ae/types/2009">
    <rule>
        <name>UAP_parseDocMetaData</name>
        <uuid>_a-0000def2-cb5b-8000-9ba2-011c48011c48_236886</uuid>
        <description>Given the WS response, return the data in UAP_appXtenderDocMetaData format</description>
        <parentUuid>_a-0000deb5-0bcc-8000-9ba2-011c48011c48_218267</parentUuid>
        <visibility>
            <advertise>false</advertise>
            <hierarchy>true</hierarchy>
            <indexable>true</indexable>
            <quota>false</quota>
            <searchable>true</searchable>
            <system>false</system>
            <unlogged>false</unlogged>
        </visibility>
        <definition>load(
  local!data: 
  #"SYSTEM_SYSRULES_fromJson"(
    ri!responseBody
  ).data,
  local!dateList: #"SYSTEM_SYSRULES_applyComponents"(#"_a-0000def2-cb5b-8000-9ba2-011c48011c48_236925"(
    dateString:_
  ),
  index(local!data,"modifiedDate",{})
  ),
  apply(
    #"_a-0000def2-cb5b-8000-9ba2-011c48011c48_236891"(
      uNumber: ri!uNumber,
      documentType: _,
      admissionsRequirementType: _,
      modifiedDate: _,
      appXtenderDocId: _,
      applicationNumber: _
    ),
    merge(
      index(local!data,"documentType",{}),
      index(index(local!data,"admissionsRequirement",{}),"code",{}),
      local!dateList,
      index(local!data,"docId",{}),
      index(local!data,"applicationNumber",{})
    )
  )
)</definition>
        <namedTypedValue>
            <name>responseBody</name>
            <type>
                <name>string</name>
                <namespace>http://www.w3.org/2001/XMLSchema</namespace>
            </type>
            <value/>
        </namedTypedValue>
        <namedTypedValue>
            <name>uNumber</name>
            <type>
                <name>string</name>
                <namespace>http://www.w3.org/2001/XMLSchema</namespace>
            </type>
            <value/>
        </namedTypedValue>
        <preferredEditor>legacy</preferredEditor>
        <offlineEnabled>false</offlineEnabled>
    </rule>
    <roleMap public="true">
        <role inherit="true" allowForAll="false" name="readers">
            <users/>
            <groups/>
        </role>
        <role inherit="true" allowForAll="false" name="authors">
            <users/>
            <groups/>
        </role>
        <role inherit="true" allowForAll="false" name="administrators">
            <users/>
            <groups/>
        </role>
        <role inherit="false" allowForAll="false" name="denyReaders">
            <users/>
            <groups/>
        </role>
        <role inherit="false" allowForAll="false" name="denyAuthors">
            <users/>
            <groups/>
        </role>
        <role inherit="false" allowForAll="false" name="denyAdministrators">
            <users/>
            <groups/>
        </role>
    </roleMap>
    <typedValue>
        <type>
            <name>RuleTestConfig?list</name>
            <namespace>http://www.appian.com/ae/types/2009</namespace>
        </type>
        <value>
            <el>
                <a:name>Unnamed Test Case</a:name>
                <a:ruleInputTestConfigs>
                    <a:value xmlns:xsi="http://www.w3.org/2001/XMLSchema-instance" xsi:type="a:Expression">"{ ""responseCode"": 0, ""responseMessage"": ""Data retrieved successfully"", ""data"": [ { ""docId"": 3327412, ""usfId"": ""U99770829"", ""documentType"": ""3RD PARTY AUTHORIZATION"", ""termCode"": ""999999"", ""applicationNumber"": ""1"", ""admissionsRequirement"": { ""code"": null, ""description"": null }, ""institution"": { ""code"": null, ""description"": null }, ""confirmationNumber"": null, ""numberOfObjects"": 1, ""activityDate"": ""2017-06-15 12:00:00"", ""modifiedDate"": ""2017-06-22 16:44:30"" }, { ""docId"": 3327832, ""usfId"": ""U99770829"", ""documentType"": ""3RD PARTY AUTHORIZATION"", ""termCode"": ""999999"", ""applicationNumber"": ""1"", ""admissionsRequirement"": { ""code"": null, ""description"": null }, ""institution"": { ""code"": null, ""description"": null }, ""confirmationNumber"": null, ""numberOfObjects"": 5, ""activityDate"": ""2017-06-15 12:00:00"", ""modifiedDate"": ""2017-06-22 16:44:30"" }, { ""docId"": 3327813, ""usfId"": ""U99770829"", ""documentType"": ""DISABILITY INFO"", ""termCode"": ""201708"", ""applicationNumber"": ""1"", ""admissionsRequirement"": { ""code"": null, ""description"": null }, ""institution"": { ""code"": null, ""description"": null }, ""confirmationNumber"": null, ""numberOfObjects"": 1, ""activityDate"": ""2017-06-15 12:00:00"", ""modifiedDate"": ""2017-06-22 16:44:30"" } ], ""errors"": [ ] }"</a:value>
                    <a:nameRef>responseBody</a:nameRef>
                    <a:id>1</a:id>
                </a:ruleInputTestConfigs>
                <a:ruleInputTestConfigs>
                    <a:value xmlns:xsd="http://www.w3.org/2001/XMLSchema" xmlns:xsi="http://www.w3.org/2001/XMLSchema-instance" xsi:type="xsd:string">U99770829</a:value>
                    <a:nameRef>uNumber</a:nameRef>
                    <a:id>2</a:id>
                </a:ruleInputTestConfigs>
                <a:assertions xmlns:xsi="http://www.w3.org/2001/XMLSchema-instance" xsi:nil="true"/>
            </el>
        </value>
    </typedValue>
</contentHaul>
