<?xml version="1.0" encoding="UTF-8" standalone="yes"?>
<contentHaul xmlns:a="http://www.appian.com/ae/types/2009">
    <rule>
        <name>UAP_pg_directorDashboard</name>
        <uuid>_a-0000decc-9caf-8000-9ba2-011c48011c48_225394</uuid>
        <description>the paging grid for the directors dashboard</description>
        <parentUuid>_a-0000deb5-0bcc-8000-9ba2-011c48011c48_218266</parentUuid>
        <visibility>
            <advertise>false</advertise>
            <hierarchy>true</hierarchy>
            <indexable>true</indexable>
            <quota>false</quota>
            <searchable>true</searchable>
            <system>false</system>
            <unlogged>false</unlogged>
        </visibility>
        <definition>load
(
  local!previousPagingInfo,
  
  #"SYSTEM_SYSRULES_gridField"(
    totalCount: ri!datasubset.totalCount,
    value: ri!gridSelection,
    saveInto: {
      
      a!save(local!previousPagingInfo, ri!gridSelection.pagingInfo),
      
      /*Store current grid selection*/
      a!save(ri!gridSelection, save!value),
      
      /*If selection hasn't changed changed. Clear out selection and query*/
      if
      (
        local!previousPagingInfo &lt;&gt; ri!gridSelection.pagingInfo,
        {
          a!save(ri!gridSelection.selected, null),
          a!save(
            ri!datasubset,
            #"_a-0000decc-9caf-8000-9ba2-011c48011c48_225732"(
              returnAll: true,
              pagingInfo: ri!gridSelection.pagingInfo,
              applicationId: ri!applicantFilter,
              gpa: ri!gpaFilter,
              deptDecision: ri!decisionFilter,
              applicationStatus: ri!statusFilter,
              term: ri!termFilter,
              levelThreeId: ri!levelThreeList.id,
              uNumber: ri!uNumberFilter
            )
          )
        },
        {}
      )
    },
    emptyGridMessage: "No Applications Found",
    selection: true,
    identifiers: index(ri!datasubset.data,"applicationId",{}),
    columns: {
      #"SYSTEM_SYSRULES_gridTextColumn"(
        label: "Applicant",
        data: index(ri!datasubset.data,"name",{}),
        field: "applicationId",
        links: 
          apply(
            #"SYSTEM_SYSRULES_recordLink"(
              recordType: #"_a-0000decc-9caf-8000-9ba2-011c48011c48_225409",
              identifier: _
            ),
            index(ri!datasubset.data,"applicationId",{})
          )
        
      ),
      #"SYSTEM_SYSRULES_gridTextColumn"(
        label:"UNumber",
        field: "uNumber",
        data: index(ri!datasubset.data,"uNumber",{})
      ),
      /*  a!gridTextColumn(*/
      /*  label: "Decisioned?",*/
      /*  field: "deptDecision",*/
      /*  alignment: "CENTER",*/
      /*  data: apply(*/
      /*    rule!UAP_reviewedIcon(*/
      /*      _*/
      /*    ),*/
      /*    if(*/
      /*      isusermemberofgroup(*/
      /*        loggedinuser(),*/
      /*        cons!UAP_GRP_PROGRAM_DIRECTORS*/
      /*      ),*/
      /*      index(ri!datasubset.data,"deptDecision",{}),*/
      /*      index(ri!datasubset.data,"finalDecision",{})*/
      /*    )*/
      /*  )*/
      /*),*/
      #"SYSTEM_SYSRULES_gridTextColumn"(
        label: #"_a-0000dee0-8e2c-8000-9ba2-011c48011c48_232678",
        field: "status",
        data: index(ri!datasubset.data,"status",{})
      ),
      #"SYSTEM_SYSRULES_gridTextColumn"(
        label: "Term",
        field: "term",
        data:
        apply
        (
          #"_a-0000def2-cb5b-8000-9ba2-011c48011c48_238367"
          (
            inputTerm:_
          ),
          index(ri!datasubset.data,"term",{})
        )
      ),
      #"SYSTEM_SYSRULES_gridTextColumn"(
        label: "USF GPA",
        field: "gpa",
        data:
        if
        (
          ri!datasubset.totalCount = 0,
          {},
          apply(
            #"_a-0000def2-cb5b-8000-9ba2-011c48011c48_238342"(
              number: _,
              decimals: 2
            ),
            index(ri!datasubset.data,"gpa",{})
          )
        )
      ),
      #"SYSTEM_SYSRULES_gridTextColumn"(
        label: "Reviews",
        field: "reviewCount",
        data: apply(
          #"_a-0000decc-9caf-8000-9ba2-011c48011c48_226593"(
            _,
            _
          ),
          merge(
            index(ri!datasubset.data,"reviewCount",{}),
            index(ri!datasubset.data,"reviewerCount",{})
          )
        )
      ),
      #"SYSTEM_SYSRULES_gridTextColumn"(
        label: "Avg Score",
        data: apply(
          #"_a-0000decc-9caf-8000-9ba2-011c48011c48_226904"(
            scoreList: _,
            reviewCount: _,
            scoringTypeId: _
          ),
          merge(
            index(ri!datasubset.data,"scoreList",{}),
            index(ri!datasubset.data,"reviewCount",{}),
            index(ri!datasubset.data,"scoringTypeId",{})
          )
        )
      ),
      #"SYSTEM_SYSRULES_gridTextColumn"(
        label: "Director Recommendation",
        field: "deptDecision",
        data: apply(
          #"f4488613-dbe8-4f75-a075-7d3b34a940f7"(
            _
          ),
          index(ri!datasubset.data,"deptDecision",{})
        )
      ),
      #"SYSTEM_SYSRULES_gridTextColumn"(
        label: "Final Decision",
        field: "finalDecision",
        data: apply(
          #"f4488613-dbe8-4f75-a075-7d3b34a940f7"(
            _
          ),
          index(ri!datasubset.data,"finalDecision",{})
        )
      ),
      if(
        and(not(#"_a-0000d62a-67b3-8000-da6f-010000010000_951"(ri!levelThreeList)),not(#"_a-0000d62a-67b3-8000-da6f-010000010000_951"(where(ri!levelThreeList.showTranscript)))),
        #"SYSTEM_SYSRULES_gridImageColumn"(
          label: "Transcript",
          field: "transcript",
          size: "ICON",
          data: apply(
            #"_a-0000decc-9caf-8000-9ba2-011c48011c48_226128"(
              item: _
            ),
            index(ri!datasubset.data,"transcript",{})
          )
        ),
        {}
      ),
      /*if(*/
      /*  and(not(rule!APN_isEmpty(ri!levelThreeList)),not(rule!APN_isEmpty(where(ri!levelThreeList.showGPA)))),*/
      /*  a!gridImageColumn(*/
      /*    label: "GPA",*/
      /*    size: "ICON",*/
      /*    data: apply(*/
      /*      rule!UAP_displayVerificationIcon(*/
      /*        item: _*/
      /*      ),*/
      /*      index(ri!datasubset.data,"gpaVerification",{})*/
      /*    )*/
      /*  ),*/
      /*  {}*/
      /*),*/
      if(
        and(not(#"_a-0000d62a-67b3-8000-da6f-010000010000_951"(ri!levelThreeList)),not(#"_a-0000d62a-67b3-8000-da6f-010000010000_951"(where(ri!levelThreeList.showTestScore)))),
        #"SYSTEM_SYSRULES_gridImageColumn"(
          label: "Test Scores",
          size: "ICON",
          data: apply(
            #"_a-0000decc-9caf-8000-9ba2-011c48011c48_226128"(
              item: _
            ),
            index(ri!datasubset.data,"testScores",{})
          )
        ),
        {}
      ),
      if(
        and(not(#"_a-0000d62a-67b3-8000-da6f-010000010000_951"(ri!levelThreeList)),not(#"_a-0000d62a-67b3-8000-da6f-010000010000_951"(where(ri!levelThreeList.showResume)))),
        #"SYSTEM_SYSRULES_gridImageColumn"(
          label: "Resume",
          size: "ICON",
          data: apply(
            #"_a-0000decc-9caf-8000-9ba2-011c48011c48_226128"(
              item: _
            ),
            index(ri!datasubset.data,"resume",{})
          )
        ),
        {}
      ),
      if(
        and(not(#"_a-0000d62a-67b3-8000-da6f-010000010000_951"(ri!levelThreeList)),not(#"_a-0000d62a-67b3-8000-da6f-010000010000_951"(where(ri!levelThreeList.showWritingSample)))),
        #"SYSTEM_SYSRULES_gridImageColumn"(
          label: "Statement of Purpose",
          size: "ICON",
          data: apply(
            #"_a-0000decc-9caf-8000-9ba2-011c48011c48_226128"(
              item: _
            ),
            index(ri!datasubset.data,"statementOfPurpose",{})
          )
        ),
        {}
      ),
      if(
        and(not(#"_a-0000d62a-67b3-8000-da6f-010000010000_951"(ri!levelThreeList)),not(#"_a-0000d62a-67b3-8000-da6f-010000010000_951"(where(ri!levelThreeList.showRec1)))),
        #"SYSTEM_SYSRULES_gridImageColumn"(
          label: "Rec 1",
          size: "ICON",
          data: apply(
            #"_a-0000decc-9caf-8000-9ba2-011c48011c48_226128"(
              item: _
            ),
            index(ri!datasubset.data,"recLetter1",{})
          )
        ),
        {}
      ),
      if(
        and(not(#"_a-0000d62a-67b3-8000-da6f-010000010000_951"(ri!levelThreeList)),not(#"_a-0000d62a-67b3-8000-da6f-010000010000_951"(where(ri!levelThreeList.showRec2)))),
        #"SYSTEM_SYSRULES_gridImageColumn"(
          label: "Rec 2",
          size: "ICON",
          data: apply(
            #"_a-0000decc-9caf-8000-9ba2-011c48011c48_226128"(
              item: _
            ),
            index(ri!datasubset.data,"recLetter2",{})
          )
        ),
        {}
      ),
      if(
        and(not(#"_a-0000d62a-67b3-8000-da6f-010000010000_951"(ri!levelThreeList)),not(#"_a-0000d62a-67b3-8000-da6f-010000010000_951"(where(ri!levelThreeList.showRec3)))),
        #"SYSTEM_SYSRULES_gridImageColumn"(
          label: "Rec 3",
          size: "ICON",
          data: apply(
            #"_a-0000decc-9caf-8000-9ba2-011c48011c48_226128"(
              item: _
            ),
            index(ri!datasubset.data,"recLetter3",{})
          )
        ),
        {}
      ),
      if(
        and(not(#"_a-0000d62a-67b3-8000-da6f-010000010000_951"(ri!levelThreeList)),not(#"_a-0000d62a-67b3-8000-da6f-010000010000_951"(where(ri!levelThreeList.showSupplemental)))),
        #"SYSTEM_SYSRULES_gridImageColumn"(
          label: "Supplemental",
          size: "ICON",
          data: apply(
            #"_a-0000decc-9caf-8000-9ba2-011c48011c48_226128"(
              item: _
            ),
            index(ri!datasubset.data,"supplemental",{})
          )
        ),
        {}
      ),
      #"SYSTEM_SYSRULES_gridImageColumn"(
        label: "Fee Paid?",
        size: "ICON",
        data: apply(
          #"_a-0000dee0-8e2c-8000-9ba2-011c48011c48_232578"(
            _
          ),
          index(ri!datasubset.data,"isFeePaid",{})
        )
      ),
      #"SYSTEM_SYSRULES_gridImageColumn"(
        label: "English",
        size: "ICON",
        data: apply(
          #"_a-0000decc-9caf-8000-9ba2-011c48011c48_227076"(
            item: _
          ),
          index(ri!datasubset.data,"isEnglishProficient",{})
        )
      ),
      #"SYSTEM_SYSRULES_gridImageColumn"(
        label: "No Hold?",
        size: "ICON",
        data: apply(
          #"_a-0000dee0-8e2c-8000-9ba2-011c48011c48_232571"(
            _
          ),
          index(ri!datasubset.data,"isClearedForConduct",{})
        )
      ),
      #"SYSTEM_SYSRULES_gridTextColumn"(
        label: "Submitted On",
        field: "appSubmittedOn",
        data: index(ri!datasubset.data,"appSubmittedOn",{})
      ),
    }
  )
)</definition>
        <namedTypedValue>
            <name>datasubset</name>
            <type>
                <name>DataSubset</name>
                <namespace>http://www.appian.com/ae/types/2009</namespace>
            </type>
        </namedTypedValue>
        <namedTypedValue>
            <name>gridSelection</name>
            <type>
                <name>GridSelection</name>
                <namespace>http://www.appian.com/ae/types/2009</namespace>
            </type>
        </namedTypedValue>
        <namedTypedValue>
            <name>gpaFilter</name>
            <type>
                <name>string</name>
                <namespace>http://www.w3.org/2001/XMLSchema</namespace>
            </type>
            <value/>
        </namedTypedValue>
        <namedTypedValue>
            <name>decisionFilter</name>
            <type>
                <name>string</name>
                <namespace>http://www.w3.org/2001/XMLSchema</namespace>
            </type>
            <value/>
        </namedTypedValue>
        <namedTypedValue>
            <name>levelThreeList</name>
            <type>
                <name>UAP_level3?list</name>
                <namespace>urn:com:appian:types:UAP</namespace>
            </type>
        </namedTypedValue>
        <namedTypedValue>
            <name>applicantFilter</name>
            <type>
                <name>string</name>
                <namespace>http://www.w3.org/2001/XMLSchema</namespace>
            </type>
            <value/>
        </namedTypedValue>
        <namedTypedValue>
            <name>statusFilter</name>
            <type>
                <name>string</name>
                <namespace>http://www.w3.org/2001/XMLSchema</namespace>
            </type>
            <value/>
        </namedTypedValue>
        <namedTypedValue>
            <name>termFilter</name>
            <type>
                <name>string</name>
                <namespace>http://www.w3.org/2001/XMLSchema</namespace>
            </type>
            <value/>
        </namedTypedValue>
        <namedTypedValue>
            <name>uNumberFilter</name>
            <type>
                <name>string</name>
                <namespace>http://www.w3.org/2001/XMLSchema</namespace>
            </type>
            <value/>
        </namedTypedValue>
        <metadataExpr></metadataExpr>
        <preferredEditor>interface</preferredEditor>
        <offlineEnabled>false</offlineEnabled>
    </rule>
    <roleMap public="true">
        <role inherit="true" allowForAll="false" name="readers">
            <users/>
            <groups/>
        </role>
        <role inherit="true" allowForAll="false" name="authors">
            <users/>
            <groups/>
        </role>
        <role inherit="true" allowForAll="false" name="administrators">
            <users/>
            <groups/>
        </role>
        <role inherit="false" allowForAll="false" name="denyReaders">
            <users/>
            <groups/>
        </role>
        <role inherit="false" allowForAll="false" name="denyAuthors">
            <users/>
            <groups/>
        </role>
        <role inherit="false" allowForAll="false" name="denyAdministrators">
            <users/>
            <groups/>
        </role>
    </roleMap>
    <typedValue>
        <type>
            <name>RuleTestConfig?list</name>
            <namespace>http://www.appian.com/ae/types/2009</namespace>
        </type>
        <value>
            <el>
                <a:name/>
                <a:ruleInputTestConfigs>
                    <a:value xmlns:xsi="http://www.w3.org/2001/XMLSchema-instance" xsi:type="a:Expression">#"_a-0000decc-9caf-8000-9ba2-011c48011c48_225732"(
  returnAll: true,
  pagingInfo: #"SYSTEM_SYSRULES_pagingInfo"(1,10)
)</a:value>
                    <a:nameRef>datasubset</a:nameRef>
                    <a:id/>
                </a:ruleInputTestConfigs>
                <a:ruleInputTestConfigs>
                    <a:value xmlns:xsi="http://www.w3.org/2001/XMLSchema-instance" xsi:type="a:Expression">#"SYSTEM_SYSRULES_gridSelection"(
  #"SYSTEM_SYSRULES_pagingInfo"(1,10)
)</a:value>
                    <a:nameRef>gridSelection</a:nameRef>
                    <a:id/>
                </a:ruleInputTestConfigs>
                <a:ruleInputTestConfigs>
                    <a:value xmlns:xsd="http://www.w3.org/2001/XMLSchema" xmlns:xsi="http://www.w3.org/2001/XMLSchema-instance" xsi:type="xsd:string"/>
                    <a:nameRef>gpaFilter</a:nameRef>
                    <a:id/>
                </a:ruleInputTestConfigs>
                <a:ruleInputTestConfigs>
                    <a:value xmlns:xsd="http://www.w3.org/2001/XMLSchema" xmlns:xsi="http://www.w3.org/2001/XMLSchema-instance" xsi:type="xsd:string"/>
                    <a:nameRef>decisionFilter</a:nameRef>
                    <a:id/>
                </a:ruleInputTestConfigs>
                <a:ruleInputTestConfigs>
                    <a:nameRef>levelThreeList</a:nameRef>
                    <a:id/>
                </a:ruleInputTestConfigs>
                <a:ruleInputTestConfigs>
                    <a:value xmlns:xsd="http://www.w3.org/2001/XMLSchema" xmlns:xsi="http://www.w3.org/2001/XMLSchema-instance" xsi:type="xsd:string"/>
                    <a:nameRef>applicantFilter</a:nameRef>
                    <a:id/>
                </a:ruleInputTestConfigs>
                <a:ruleInputTestConfigs>
                    <a:value xmlns:xsd="http://www.w3.org/2001/XMLSchema" xmlns:xsi="http://www.w3.org/2001/XMLSchema-instance" xsi:type="xsd:string"/>
                    <a:nameRef>statusFilter</a:nameRef>
                    <a:id/>
                </a:ruleInputTestConfigs>
                <a:ruleInputTestConfigs>
                    <a:value xmlns:xsd="http://www.w3.org/2001/XMLSchema" xmlns:xsi="http://www.w3.org/2001/XMLSchema-instance" xsi:type="xsd:string"/>
                    <a:nameRef>termFilter</a:nameRef>
                    <a:id/>
                </a:ruleInputTestConfigs>
                <a:ruleInputTestConfigs>
                    <a:value xmlns:xsd="http://www.w3.org/2001/XMLSchema" xmlns:xsi="http://www.w3.org/2001/XMLSchema-instance" xsi:type="xsd:string"/>
                    <a:nameRef>uNumberFilter</a:nameRef>
                    <a:id/>
                </a:ruleInputTestConfigs>
                <a:assertions xmlns:xsi="http://www.w3.org/2001/XMLSchema-instance" xsi:nil="true"/>
            </el>
        </value>
    </typedValue>
</contentHaul>
