<?xml version="1.0" encoding="UTF-8" standalone="yes"?>
<contentHaul xmlns:a="http://www.appian.com/ae/types/2009">
    <rule>
        <name>UAP_getMonthAdjustment</name>
        <uuid>_a-0000df16-9c51-8000-9ba2-011c48011c48_252584</uuid>
        <description>Returns the number of terms between the two months</description>
        <parentUuid>_a-0000deb5-0bcc-8000-9ba2-011c48011c48_218267</parentUuid>
        <visibility>
            <advertise>false</advertise>
            <hierarchy>true</hierarchy>
            <indexable>true</indexable>
            <quota>false</quota>
            <searchable>true</searchable>
            <system>false</system>
            <unlogged>false</unlogged>
        </visibility>
        <definition>if
(
  exact(ri!finalTermMonth, "01"),
  
  /*****Final Term is Spring*****/
  {
    if
    (
      exact(ri!nextTermMonth, "01"),
      
      /*Next Term is Spring*/
      /*Spring - Spring = 0 term change*/
      0,
      
      if
      (
        exact(ri!nextTermMonth, "05"),
        
        /*Next Term is Summer*/
        /*Spring - Summer = -1 term change*/
        -1,
        
        /*Next Term is Fall*/
        /*Spring - Fall = -2 term change*/
        -2
      )
    )
  },
  
  if
  (
    exact(ri!finalTermMonth, "05"),
    
    /*****Final Term is Summer*****/
    {
      if
      (
        exact(ri!nextTermMonth, "01"),
        
        /*Next Term is Spring*/
        /*Summer - Spring = 1 term change*/
        1,
        if
        (
          exact(ri!nextTermMonth, "05"),
          
          /*Next Term is Summer*/
          /*Summer - Summer = 0 term change*/
          0,
          
          /*Next Term is Fall*/
          /*Summer - Fall = -1 term change*/
          -1
        )
      )
    },
    
    /*****Final Term is Fall*****/
    {
      if
      (
        exact(ri!nextTermMonth, "01"),
        
        /*Next Term is Spring*/
        /*Fall - Spring = 2 term change*/
        2,
        if
        (
          exact(ri!nextTermMonth, "05"),
          
          /*Next Term is Summer*/
          /*Fall - Summer = X*/
          1,
          
          /*Next Term is Fall*/
          /*Fall - Fall = X*/
          0
        )
      )
    }
  )


)</definition>
        <namedTypedValue>
            <name>nextTermMonth</name>
            <type>
                <name>string</name>
                <namespace>http://www.w3.org/2001/XMLSchema</namespace>
            </type>
            <value/>
        </namedTypedValue>
        <namedTypedValue>
            <name>finalTermMonth</name>
            <type>
                <name>string</name>
                <namespace>http://www.w3.org/2001/XMLSchema</namespace>
            </type>
            <value/>
        </namedTypedValue>
        <preferredEditor>legacy</preferredEditor>
        <offlineEnabled>false</offlineEnabled>
    </rule>
    <roleMap public="true">
        <role inherit="true" allowForAll="false" name="readers">
            <users/>
            <groups/>
        </role>
        <role inherit="true" allowForAll="false" name="authors">
            <users/>
            <groups/>
        </role>
        <role inherit="true" allowForAll="false" name="administrators">
            <users/>
            <groups/>
        </role>
        <role inherit="false" allowForAll="false" name="denyReaders">
            <users/>
            <groups/>
        </role>
        <role inherit="false" allowForAll="false" name="denyAuthors">
            <users/>
            <groups/>
        </role>
        <role inherit="false" allowForAll="false" name="denyAdministrators">
            <users/>
            <groups/>
        </role>
    </roleMap>
</contentHaul>
