<?xml version="1.0" encoding="UTF-8" standalone="yes"?>
<contentHaul xmlns:a="http://www.appian.com/ae/types/2009">
    <rule>
        <name>UAP_s_testScores</name>
        <uuid>_a-0000dee0-8e2c-8000-9ba2-011c48011c48_231317</uuid>
        <description>contains the section that holds test scores</description>
        <parentUuid>_a-0000deb5-0bcc-8000-9ba2-011c48011c48_218266</parentUuid>
        <visibility>
            <advertise>false</advertise>
            <hierarchy>true</hierarchy>
            <indexable>true</indexable>
            <quota>false</quota>
            <searchable>true</searchable>
            <system>false</system>
            <unlogged>false</unlogged>
        </visibility>
        <definition>load(
  local!filterData: #"_a-0000def2-cb5b-8000-9ba2-011c48011c48_237041"(
    testScoreList: ri!testScoreList
  ),
  local!datasubset: todatasubset(
    local!filterData,
    ri!pagingInfo
  ),
  #"SYSTEM_SYSRULES_sectionLayout"(
    label: "Official Test Scores",
    firstColumnContents: {
      #"SYSTEM_SYSRULES_gridField"(
        columns: {
          #"SYSTEM_SYSRULES_gridTextColumn"(
            label: "Test Name",
            field: "testComponent",
            data: index(
              index(
                local!datasubset,
                "data",
                {}
              ),
              "testComponent",
              {}
            )
          ),
          #"SYSTEM_SYSRULES_gridTextColumn"(
            label: "Test Description",
            field: "testDescription",
            data: index(
              index(
                local!datasubset,
                "data",
                {}
              ),
              "testDescription",
              {}
            )
          ),
          #"SYSTEM_SYSRULES_gridTextColumn"(
            label: "Score",
            data: index(
              index(
                local!datasubset,
                "data",
                {}
              ),
              "testScore",
              {}
            )
          ),
          #"SYSTEM_SYSRULES_gridTextColumn"(
            label: "Date Taken",
            data: index(
              index(
                local!datasubset,
                "data",
                {}
              ),
              "testDate",
              {}
            )
          )
        },
        totalCount: index(
          local!datasubset,
          "totalCount",
          0
        ),
        value: ri!pagingInfo,
        saveInto: {
          ri!pagingInfo,
          a!save(
            local!datasubset,
            todatasubset(
              local!filterData,
              ri!pagingInfo
            )
          )
        }
      ),
      #"SYSTEM_SYSRULES_richTextDisplayField"(
            labelPosition: "COLLAPSED",
            align: "RIGHT",
            value: (
              #"SYSTEM_SYSRULES_richTextItem"(
                text:
                  "Hide",
                style: "STRONG",
                link: #"SYSTEM_SYSRULES_dynamicLink"(
                  value: null,
                  saveInto:ri!checklistButtonValue
                )
              )
            )
            )   
    }
  )
)</definition>
        <namedTypedValue>
            <name>pagingInfo</name>
            <type>
                <name>PagingInfo</name>
                <namespace>http://www.appian.com/ae/types/2009</namespace>
            </type>
        </namedTypedValue>
        <namedTypedValue>
            <name>checklistButtonValue</name>
            <type>
                <name>int</name>
                <namespace>http://www.w3.org/2001/XMLSchema</namespace>
            </type>
        </namedTypedValue>
        <namedTypedValue>
            <name>testScoreList</name>
            <type>
                <name>UAP_testScore?list</name>
                <namespace>urn:com:appian:types:UAP</namespace>
            </type>
        </namedTypedValue>
        <metadataExpr></metadataExpr>
        <preferredEditor>interface</preferredEditor>
        <offlineEnabled>false</offlineEnabled>
    </rule>
    <roleMap public="true">
        <role inherit="true" allowForAll="false" name="readers">
            <users/>
            <groups/>
        </role>
        <role inherit="true" allowForAll="false" name="authors">
            <users/>
            <groups/>
        </role>
        <role inherit="true" allowForAll="false" name="administrators">
            <users/>
            <groups/>
        </role>
        <role inherit="false" allowForAll="false" name="denyReaders">
            <users/>
            <groups/>
        </role>
        <role inherit="false" allowForAll="false" name="denyAuthors">
            <users/>
            <groups/>
        </role>
        <role inherit="false" allowForAll="false" name="denyAdministrators">
            <users/>
            <groups/>
        </role>
    </roleMap>
    <typedValue>
        <type>
            <name>RuleTestConfig?list</name>
            <namespace>http://www.appian.com/ae/types/2009</namespace>
        </type>
        <value>
            <el>
                <a:name/>
                <a:ruleInputTestConfigs>
                    <a:value xmlns:xsi="http://www.w3.org/2001/XMLSchema-instance" xsi:type="a:Expression">#"SYSTEM_SYSRULES_pagingInfo"(1,5)</a:value>
                    <a:nameRef>pagingInfo</a:nameRef>
                    <a:id/>
                </a:ruleInputTestConfigs>
                <a:ruleInputTestConfigs>
                    <a:value xmlns:xsd="http://www.w3.org/2001/XMLSchema" xmlns:xsi="http://www.w3.org/2001/XMLSchema-instance" xsi:nil="true" xsi:type="xsd:int"/>
                    <a:nameRef>checklistButtonValue</a:nameRef>
                    <a:id/>
                </a:ruleInputTestConfigs>
                <a:ruleInputTestConfigs>
                    <a:value xmlns:xsi="http://www.w3.org/2001/XMLSchema-instance" xsi:type="a:Expression">#"_a-0000def2-cb5b-8000-9ba2-011c48011c48_236897"(uNumber:"U20714119")</a:value>
                    <a:nameRef>testScoreList</a:nameRef>
                    <a:id/>
                </a:ruleInputTestConfigs>
                <a:assertions xmlns:xsi="http://www.w3.org/2001/XMLSchema-instance" xsi:nil="true"/>
            </el>
        </value>
    </typedValue>
</contentHaul>
