<?xml version="1.0" encoding="UTF-8" standalone="yes"?>
<contentHaul xmlns:a="http://www.appian.com/ae/types/2009">
    <rule>
        <name>UAP_f_directorRecommendation</name>
        <uuid>_a-0000decc-9caf-8000-9ba2-011c48011c48_225280</uuid>
        <description>The form for adding a director recommendation</description>
        <parentUuid>_a-0000deb5-0bcc-8000-9ba2-011c48011c48_218266</parentUuid>
        <visibility>
            <advertise>false</advertise>
            <hierarchy>true</hierarchy>
            <indexable>true</indexable>
            <quota>false</quota>
            <searchable>true</searchable>
            <system>false</system>
            <unlogged>false</unlogged>
        </visibility>
        <definition>load(
  local!reviewCycleDS: #"_a-0000dec3-7017-8000-9ba2-011c48011c48_223347"(
    applicationId: ri!applicationId
  ),
  /*If no review cycle exists, this is used to populate information*/
  local!facultyReviewer: if(
    local!reviewCycleDS.totalCount = 0,
    #"_a-0000decc-9caf-8000-9ba2-011c48011c48_226356"(
      applicationId: ri!applicationId,
      returnCDT: true
    ),
    {}
  ),
  local!reviewCycle: if(
    local!reviewCycleDS.totalCount = 0,
    'type!{urn:com:appian:types:UAP}UAP_reviewCycle'(
      applicationId: ri!applicationId,
      createdOn: now(),
      levelThreeId: local!facultyReviewer.levelThreeId,
      isActive: true,
      scoringTypeId: 'type!{urn:com:appian:types:UAP}UAP_reference'(
        refId: local!facultyReviewer.scoringTypeId
      )
    ),
    index(
      local!reviewCycleDS.data,
      1,
      null
    )
  ),
  local!gradApp: #"_a-0000deb5-0bcc-8000-9ba2-011c48011c48_219299"(
    applicationId: ri!gradAppDetail.applicationId,
    returnCdt: true
  ),
  local!referenceList: #"_a-0000deb5-0bcc-8000-9ba2-011c48011c48_219272"(
    refType: {
      #"_a-0000decc-9caf-8000-9ba2-011c48011c48_225283"
    },
    returnAll: true,
    returnCdt: true,
    pagingInfo: #"SYSTEM_SYSRULES_pagingInfo"(
      startIndex: 1,
      batchSize: - 1,
      sort: #"SYSTEM_SYSRULES_sortInfo"(
        field: "displayOrder",
        ascending: true
      )
    )
  ),
  local!recommendationList: #"_a-0000deb5-0bcc-8000-9ba2-011c48011c48_219282"(
    referenceList: local!referenceList,
    refType: #"_a-0000decc-9caf-8000-9ba2-011c48011c48_225283"
  ),
  local!newRecommendationList: remove(
    local!recommendationList,
    wherecontains(
      #"_a-0000decc-9caf-8000-9ba2-011c48011c48_225410",
      local!recommendationList.refId
    )
  ),
  local!reviewerDatasubset: #"_a-0000deb5-0bcc-8000-9ba2-011c48011c48_219583"(
    levelThreeId: local!reviewCycle.levelThreeId,
    pagingInfo: #"SYSTEM_SYSRULES_pagingInfo"(
      startIndex: 1,
      /*Pull back all of them. Set to 100 for safeguard*/
      batchSize: 100,
      sort: #"SYSTEM_SYSRULES_sortInfo"(
        field: "id",
        ascending: true
      )
    )
  ),
  local!reviewDataSubset: #"_a-0000dec3-7017-8000-9ba2-011c48011c48_223357"(
    /*We want to pull it all back - small*/
    pagingInfo: #"SYSTEM_SYSRULES_pagingInfo"(
      startIndex: 1,
      batchSize: 100,
      sort: #"SYSTEM_SYSRULES_sortInfo"(
        field: "createdOn",
        ascending: false
      )
    ),
    reviewCycleId: local!reviewCycle.reviewCycleId
  ),
  local!reviewPagingInfo: #"SYSTEM_SYSRULES_pagingInfo"(
    startIndex: 1,
    batchSize: 5,
    sort: #"SYSTEM_SYSRULES_sortInfo"(
      field: "createdOn",
      ascending: false
    )
  ),
  #"SYSTEM_SYSRULES_formLayout"(
    label: "Director Recommendation",
    firstColumnContents: {
      #"_a-0000dec3-7017-8000-9ba2-011c48011c48_223542"(
        reviewDataSubset: local!reviewDataSubset,
        pagingInfo: local!reviewPagingInfo,
        scoringTypeId: local!reviewCycle.scoringTypeId.refId,
        reviewerDataSubset: local!reviewerDataSubset,
        showNames: true,
        sectionLabel: "Faculty Reviews"
      ),
      #"SYSTEM_SYSRULES_sectionLayout"(
        label: "Decision",
        firstColumnContents: {
          #"SYSTEM_SYSRULES_textField"(
            label: "Applicant",
            labelPosition: "ADJACENT",
            value: local!gradApp.firstName &amp; " " &amp; local!gradApp.lastName,
            readOnly: true
          ),
          #"SYSTEM_SYSRULES_textField"(
            label: "Term",
            labelPosition: "ADJACENT",
            value: local!gradApp.term,
            readOnly: true
          ),
          #"SYSTEM_SYSRULES_textField"(
            label: "Degree",
            labelPosition: "ADJACENT",
            value: local!gradApp.degreeName,
            readOnly: true
          ),
          #"SYSTEM_SYSRULES_textField"(
            label: "Major",
            labelPosition: "ADJACENT",
            value: local!gradApp.majorName,
            readOnly: true
          ),
          #"SYSTEM_SYSRULES_textField"(
            label: "Concentration",
            labelPosition: "ADJACENT",
            value: if(
              #"_a-0000d62a-67b3-8000-da6f-010000010000_950"(
                local!gradApp.concentrationName
              ),
              #"_a-0000dee0-8e2c-8000-9ba2-011c48011c48_232694",
              local!gradApp.concentrationName
            ),
            readOnly: true
          )
        },
        secondColumnContents: {
          #"SYSTEM_SYSRULES_radioButtonField"(
            label: "Recommendation",
            choiceLabels: local!newRecommendationList.displayValue,
            choiceValues: local!newRecommendationList.refId,
            value: index(
              index(
                ri!gradAppDetail,
                "deptRecommendation",
                null
              ),
              "refId",
              null
            ),
            saveInto: {
              ri!gradAppDetail.deptRecommendation.refId
            },
            required: true,
            choiceLayout: "COMPACT"
          ),
          #"SYSTEM_SYSRULES_radioButtonField"(
            label: "Visibility",
            choiceLabels: #"_a-0000decc-9caf-8000-9ba2-011c48011c48_225154",
            choiceValues: {
              true,
              false
            },
            /*labelPosition: "ADJACENT",*/
            value: index(
              local!reviewCycle,
              "seeReviews",
              null
            ),
            saveInto: {
              local!reviewCycle.seeReviews
            },
            required: true,
            choiceLayout: "COMPACT"
          ),
          #"SYSTEM_SYSRULES_paragraphField"(
            label: "Comment",
            instructions: if(
              and(
                local!gradApp.gpa &lt; #"_a-0000decc-9caf-8000-9ba2-011c48011c48_227653",
                ri!gradAppDetail.deptRecommendation.refId = 16/*ri!gradAppDetail.deptRecommendation.refId = 17*/
                
              ),
              "Please enter a justification for admitting an applicant with a GPA less than 3.0",
              "Provide an optional comment about your recommendation"
            ),
            value: ri!auditHistory.notes,
            saveInto: {
              ri!auditHistory.notes
            },
            required: and(
              local!gradApp.gpa &lt; #"_a-0000decc-9caf-8000-9ba2-011c48011c48_227653",
              ri!gradAppDetail.deptRecommendation.refId = 16/*ri!gradAppDetail.deptRecommendation.refId = 18*/
              
            ),
            validations: {
              #"_a-0000deb5-0bcc-8000-9ba2-011c48011c48_220122"(
                string: ri!auditHistory.notes,
                charLimit: 255
              )
            }/*,height: "SHORT"*/
            
          )
        },
        isCollapsible: true
      )
    },
    buttons: {
      #"SYSTEM_SYSRULES_ButtonLayout"(
        primaryButtons: #"SYSTEM_SYSRULES_ButtonWidgetSubmit"(
          label: #"_a-0000dec3-7017-8000-9ba2-011c48011c48_223250",
          style: "PRIMARY",
          confirmMessage: "Are you sure you want to submit this review?",
          value: #"_a-0000dec3-7017-8000-9ba2-011c48011c48_223250",
          saveInto: {
            ri!btnValue,
            a!save(
              ri!gradAppDetail.deptRecommendationBy,
              loggedInUser()
            ),
            a!save(
              ri!gradAppDetail.deptRecommendationOn,
              now()
            ),
            a!save(
              ri!gradAppDetail.status,
              'type!{urn:com:appian:types:UAP}UAP_reference'(
                refId: #"_a-0000decc-9caf-8000-9ba2-011c48011c48_225886"
              )
            ),
            a!save(
              ri!reviewCycle,
              local!reviewCycle
            ),
            #"_a-0000deb5-0bcc-8000-9ba2-011c48011c48_220136"(
              auditHistory: ri!auditHistory,
              actionTypeCons: #"_a-0000dec3-7017-8000-9ba2-011c48011c48_223518",
              actionDescriptionConstant: #"_a-0000decc-9caf-8000-9ba2-011c48011c48_225282" &amp; ": " &amp; displayvalue(
                ri!gradAppDetail.deptRecommendation.refId,
                local!newRecommendationList.refId,
                local!newRecommendationList.displayValue,
                null
              ) &amp; char(
                10
              ) &amp; if(
                local!reviewCycle.seeReviews,
                "Faculty Reviews: Visible",
                "Faculty Reviews: Hidden"
              ),
              recordId: ri!gradAppDetail.applicationId,
              recordType: #"_a-0000deb5-0bcc-8000-9ba2-011c48011c48_218652",
              notes: ri!auditHistory.notes
            )
          }
        ),
        secondaryButtons: #"SYSTEM_SYSRULES_ButtonWidgetSubmit"(
          label: #"_a-0000deb5-0bcc-8000-9ba2-011c48011c48_218782",
          style: "NORMAL",
          confirmMessage: "Are you sure you want to cancel this review?",
          value: #"_a-0000deb5-0bcc-8000-9ba2-011c48011c48_218782",
          saveInto: ri!btnValue,
          skipValidation: true
        )
      )
    }
  )
)</definition>
        <namedTypedValue>
            <name>btnValue</name>
            <type>
                <name>string</name>
                <namespace>http://www.w3.org/2001/XMLSchema</namespace>
            </type>
            <value/>
        </namedTypedValue>
        <namedTypedValue>
            <name>auditHistory</name>
            <type>
                <name>TRV_auditHistory</name>
                <namespace>urn:com:appian:types:TRV</namespace>
            </type>
        </namedTypedValue>
        <namedTypedValue>
            <name>gradAppDetail</name>
            <type>
                <name>UAP_gradAppDetail</name>
                <namespace>urn:com:appian:types:UAP</namespace>
            </type>
        </namedTypedValue>
        <namedTypedValue>
            <name>reviewCycle</name>
            <type>
                <name>UAP_reviewCycle</name>
                <namespace>urn:com:appian:types:UAP</namespace>
            </type>
        </namedTypedValue>
        <namedTypedValue>
            <name>applicationId</name>
            <type>
                <name>int</name>
                <namespace>http://www.w3.org/2001/XMLSchema</namespace>
            </type>
        </namedTypedValue>
        <metadataExpr></metadataExpr>
        <preferredEditor>interface</preferredEditor>
        <offlineEnabled>false</offlineEnabled>
    </rule>
    <roleMap public="true">
        <role inherit="true" allowForAll="false" name="readers">
            <users/>
            <groups/>
        </role>
        <role inherit="true" allowForAll="false" name="authors">
            <users/>
            <groups/>
        </role>
        <role inherit="true" allowForAll="false" name="administrators">
            <users/>
            <groups/>
        </role>
        <role inherit="false" allowForAll="false" name="denyReaders">
            <users/>
            <groups/>
        </role>
        <role inherit="false" allowForAll="false" name="denyAuthors">
            <users/>
            <groups/>
        </role>
        <role inherit="false" allowForAll="false" name="denyAdministrators">
            <users/>
            <groups/>
        </role>
    </roleMap>
    <typedValue>
        <type>
            <name>RuleTestConfig?list</name>
            <namespace>http://www.appian.com/ae/types/2009</namespace>
        </type>
        <value>
            <el>
                <a:name/>
                <a:ruleInputTestConfigs>
                    <a:value xmlns:xsd="http://www.w3.org/2001/XMLSchema" xmlns:xsi="http://www.w3.org/2001/XMLSchema-instance" xsi:type="xsd:string"/>
                    <a:nameRef>btnValue</a:nameRef>
                    <a:id/>
                </a:ruleInputTestConfigs>
                <a:ruleInputTestConfigs>
                    <a:value xmlns:n1="urn:com:appian:types:TRV" xmlns:xsi="http://www.w3.org/2001/XMLSchema-instance" xsi:nil="true" xsi:type="n1:TRV_auditHistory"/>
                    <a:nameRef>auditHistory</a:nameRef>
                    <a:id/>
                </a:ruleInputTestConfigs>
                <a:ruleInputTestConfigs>
                    <a:value xmlns:xsi="http://www.w3.org/2001/XMLSchema-instance" xsi:type="a:Expression">#"_a-0000dec3-7017-8000-9ba2-011c48011c48_223654"
(
  applicationId: 1,
  returnCdt: true
)</a:value>
                    <a:nameRef>gradAppDetail</a:nameRef>
                    <a:id/>
                </a:ruleInputTestConfigs>
                <a:ruleInputTestConfigs>
                    <a:value xmlns:xsi="http://www.w3.org/2001/XMLSchema-instance" xsi:type="a:Expression">#"_a-0000dec3-7017-8000-9ba2-011c48011c48_223347"&#xD;
(&#xD;
  applicationId: 1,&#xD;
  returnCdt: true&#xD;
)</a:value>
                    <a:nameRef>reviewCycle</a:nameRef>
                    <a:id/>
                </a:ruleInputTestConfigs>
                <a:ruleInputTestConfigs>
                    <a:value xmlns:xsd="http://www.w3.org/2001/XMLSchema" xmlns:xsi="http://www.w3.org/2001/XMLSchema-instance" xsi:nil="true" xsi:type="xsd:int"/>
                    <a:nameRef>applicationId</a:nameRef>
                    <a:id/>
                </a:ruleInputTestConfigs>
                <a:assertions xmlns:xsi="http://www.w3.org/2001/XMLSchema-instance" xsi:nil="true"/>
            </el>
        </value>
    </typedValue>
</contentHaul>
