<?xml version="1.0" encoding="UTF-8" standalone="yes"?>
<contentHaul xmlns:a="http://www.appian.com/ae/types/2009">
    <rule>
        <name>UAP_returnNextSixTerms</name>
        <uuid>_a-0000df16-9c51-8000-9ba2-011c48011c48_252446</uuid>
        <description>Given a specific term, returns the following six terms</description>
        <parentUuid>_a-0000deb5-0bcc-8000-9ba2-011c48011c48_218267</parentUuid>
        <visibility>
            <advertise>false</advertise>
            <hierarchy>true</hierarchy>
            <indexable>true</indexable>
            <quota>false</quota>
            <searchable>true</searchable>
            <system>false</system>
            <unlogged>false</unlogged>
        </visibility>
        <definition>load(
  local!term: #"_a-0000df16-9c51-8000-9ba2-011c48011c48_252365"(ri!term),
local!splitInputTerm: split(
    #"_a-0000def2-cb5b-8000-9ba2-011c48011c48_238367"(
      inputTerm: ri!term
    ),
    " "
  ),
  local!semester: index(
    local!splitInputTerm,
    1,
    null
  ),
  local!year: index(
    local!splitInputTerm,
    2,
    null
  ),
  /*Return the next year*/
  local!years: if(
    local!semester = #"_a-0000def2-cb5b-8000-9ba2-011c48011c48_238321",
    {
      repeat(
        2,
        tointeger(
          local!year
        )
      ),
      repeat(
        3,tointeger(
        local!year
      ) + 1),
      tointeger(
        local!year
      ) + 2
    },
    if(
      local!semester = #"_a-0000def2-cb5b-8000-9ba2-011c48011c48_238322",
      {
        tointeger(
          local!year
        ),
        repeat(
          3,
          tointeger(
            local!year
          ) + 1
        ),
        tointeger(
        local!year
      ) + 2
      },
      if(
        local!semester = #"_a-0000def2-cb5b-8000-9ba2-011c48011c48_238323",
        {
          repeat(
            3,
            tointeger(
              local!year + 1
            )
          ),
          repeat(
            3,
            tointeger(
              local!year + 2
            )
          )
        },
        {}
      )
    )
  ),
  /*Create array of three start of term months*/
  local!months: if(
    local!semester = #"_a-0000def2-cb5b-8000-9ba2-011c48011c48_238321",
    {
      5,
      8,
      1,
      5,
      8,
      1
    },
    if(
      local!semester = #"_a-0000def2-cb5b-8000-9ba2-011c48011c48_238322",
      {
        8,
        1,
        5,
        8,
        1,
        5
      },
      if(
        local!semester = #"_a-0000def2-cb5b-8000-9ba2-011c48011c48_238323",
        {
          1,
          5,
          8,
          1,
          5,
          8
        },
        {}
      )
    )
  ),
  local!days: repeat(
    6,
    1
  ),
  /*Create next 3 terms array of in format MM/YYYY*/
  local!termDates: apply(
    fn!date,
    merge(
      local!years,
      local!months,
      local!days
    )
  ),
  local!termLabels: /*Create labels for each term*/
  apply(
    #"_a-0000dee0-8e2c-8000-9ba2-011c48011c48_232092"(
      date: _
    ),
    local!termDates
  ),
  local!termLabels
)</definition>
        <namedTypedValue>
            <name>term</name>
            <type>
                <name>string</name>
                <namespace>http://www.w3.org/2001/XMLSchema</namespace>
            </type>
            <value/>
        </namedTypedValue>
        <preferredEditor>legacy</preferredEditor>
        <offlineEnabled>false</offlineEnabled>
    </rule>
    <roleMap public="true">
        <role inherit="true" allowForAll="false" name="readers">
            <users/>
            <groups/>
        </role>
        <role inherit="true" allowForAll="false" name="authors">
            <users/>
            <groups/>
        </role>
        <role inherit="true" allowForAll="false" name="administrators">
            <users/>
            <groups/>
        </role>
        <role inherit="false" allowForAll="false" name="denyReaders">
            <users/>
            <groups/>
        </role>
        <role inherit="false" allowForAll="false" name="denyAuthors">
            <users/>
            <groups/>
        </role>
        <role inherit="false" allowForAll="false" name="denyAdministrators">
            <users/>
            <groups/>
        </role>
    </roleMap>
</contentHaul>
