<?xml version="1.0" encoding="UTF-8" standalone="yes"?>
<contentHaul xmlns:a="http://www.appian.com/ae/types/2009">
    <rule>
        <name>UAP_s_gacDashboard</name>
        <uuid>_a-0000def2-cb5b-8000-9ba2-011c48011c48_237327</uuid>
        <description>Section for the GAC record dashboard</description>
        <parentUuid>_a-0000deb5-0bcc-8000-9ba2-011c48011c48_218266</parentUuid>
        <visibility>
            <advertise>false</advertise>
            <hierarchy>true</hierarchy>
            <indexable>true</indexable>
            <quota>false</quota>
            <searchable>true</searchable>
            <system>false</system>
            <unlogged>false</unlogged>
        </visibility>
        <definition>load(
  local!givenUser: loggedInUser(),
  
  /***BEGIN PROGRAM FILTER ADDITIONS***/  
  
  local!collegeFilter,
  local!collegeFilterDisplay,
  local!majorFilter,
  local!majorFilterDisplay,
  local!concentrationFilter,
  local!concentrationFilterDisplay,
  local!degreeFilter,
  local!degreeFilterDisplay,
  local!termFilter,
  local!termFilterDisplay,
  local!termList: #"_a-0000dee0-8e2c-8000-9ba2-011c48011c48_232086"(),
  local!collegeList: #"_a-0000deb5-0bcc-8000-9ba2-011c48011c48_218345"(
    returnCDT: true,
    returnAll: true,
    pagingInfo: #"SYSTEM_SYSRULES_pagingInfo"(
      1,
      100
    )
  ),
  local!degreeList: #"_a-0000deb5-0bcc-8000-9ba2-011c48011c48_218352"(
    returnCdt: true,
    returnAll: true,
    pagingInfo: #"SYSTEM_SYSRULES_pagingInfo"(
      startIndex: 1,
      batchSize: 1100,
      sort: #"SYSTEM_SYSRULES_sortInfo"(
        field: "typeName",
        ascending: true
      )
    )
  ),
  local!majorList: #"_a-0000deb5-0bcc-8000-9ba2-011c48011c48_218348"(
    returnCDT: true,
    returnAll: true,
    pagingInfo: #"SYSTEM_SYSRULES_pagingInfo"(
      startIndex: 1,
      batchSize: 1000,
      sort: #"SYSTEM_SYSRULES_sortInfo"(
        field: "name",
        ascending: true
      )
    )
  ),
  local!majorListName: apply(
    concat(
      _,
      "-",
      _
    ),
    merge(
      local!majorList.name,
      local!majorList.code
    )
  ),
  local!concentration: todatasubset(
    arrayToPage: local!majorList,
    pagingConfiguration: #"SYSTEM_SYSRULES_pagingInfo"(
      startIndex: 1,
      batchSize: - 1,
      sort: #"SYSTEM_SYSRULES_sortInfo"(
        field: "concentration",
        ascending: true
      )
    )
  ).data,
  local!concentrationListName: apply(
    concat(
      _,
      "-",
      _
    ),
    merge(
      reject(
        fn!isnull,
        local!concentration.concentration
      ),
      reject(
        fn!isnull,
        local!concentration.concentrationCode
      )
    )
  ),
  /****END PROGRAM FILTER ADDITIONS****/
  
  local!gpaFilter,
  local!decisionFilter,
  local!applicantFilter,
  local!uNumberFilter,
  local!gpaFilterDropdown,
  local!decisionFilterDropdown,
  local!statusFilterDropdown: #"_a-0000dee0-8e2c-8000-9ba2-011c48011c48_232561",
  local!statusFilter: local!statusFilterDropdown,
  local!applicantFilterDropdown,
  local!auditHistoryList,
  local!gradAppDetailList,
  local!graduateApplicationList,
  local!referenceList: #"_a-0000deb5-0bcc-8000-9ba2-011c48011c48_219272"(
    refType: {
      #"_a-0000decc-9caf-8000-9ba2-011c48011c48_226563",
      #"_a-0000decc-9caf-8000-9ba2-011c48011c48_225896",
      #"_a-0000decc-9caf-8000-9ba2-011c48011c48_225283",
      #"_a-0000dee0-8e2c-8000-9ba2-011c48011c48_232668",
      #"_a-0000def2-cb5b-8000-9ba2-011c48011c48_236831"
    },
    returnAll: true,
    returnCdt: true,
    pagingInfo: #"SYSTEM_SYSRULES_pagingInfo"(
      startIndex: 1,
      batchSize: - 1,
      sort: #"SYSTEM_SYSRULES_sortInfo"(
        field: "displayOrder",
        ascending: true
      )
    )
  ),
  local!applicationStatusList: #"_a-0000deb5-0bcc-8000-9ba2-011c48011c48_219282"(
    referenceList: local!referenceList,
    refType: #"_a-0000decc-9caf-8000-9ba2-011c48011c48_225896"
  ),
  local!reviewStatusList: #"_a-0000deb5-0bcc-8000-9ba2-011c48011c48_219282"(
    referenceList: local!referenceList,
    refType: #"_a-0000dee0-8e2c-8000-9ba2-011c48011c48_232668"
  ),
  local!deptRecList: #"_a-0000deb5-0bcc-8000-9ba2-011c48011c48_219282"(
    referenceList: local!referenceList,
    refType: #"_a-0000decc-9caf-8000-9ba2-011c48011c48_225283"
  ),
  local!decisionCodeList: index(
    local!referenceList,
    wherecontains(
      {
        #"_a-0000def2-cb5b-8000-9ba2-011c48011c48_237052",
        #"_a-0000def2-cb5b-8000-9ba2-011c48011c48_237058",
        #"_a-0000def2-cb5b-8000-9ba2-011c48011c48_237055",
        #"_a-0000def2-cb5b-8000-9ba2-011c48011c48_237054",
        #"_a-0000def2-cb5b-8000-9ba2-011c48011c48_237059",
        #"_a-0000defe-bf54-8000-9ba2-011c48011c48_243269",
        #"_a-0000defe-bf54-8000-9ba2-011c48011c48_243271"
      },
      local!referenceList.refId
    ),
    {}
  ),
  local!levelThree: #"_a-0000deb5-0bcc-8000-9ba2-011c48011c48_218352"(
    returnCdt: true,
    director: loggedinuser()
  ),
  local!gridSelection: #"SYSTEM_SYSRULES_gridSelection"(
    #"SYSTEM_SYSRULES_pagingInfo"(
      startIndex: 1,
      batchSize: 10,
      sort: #"SYSTEM_SYSRULES_sortInfo"(
        field: "appSubmittedOn",
        ascending: true
      )
    )
  ),
  local!datasubset:
  #"_a-0000decc-9caf-8000-9ba2-011c48011c48_225732"(
    returnAll: true,
    pagingInfo: local!gridSelection.pagingInfo,
    applicationStatus: local!statusFilter,
    name: local!applicantFilter,
    deptDecision: local!decisionFilter,
    uNumber: local!uNumberFilter,
    college: local!collegeFilter,
    major: local!majorFilter,
    concentration: local!concentrationFilter,
    degree: local!degreeFilter,
    term: local!termFilter
  ),
  {
    #"SYSTEM_SYSRULES_sectionLayout"(
      isCollapsible: true,
      label: "My Tasks",
      firstColumnContents: {
        /*My Tasks*/
        #"_a-0000defe-bf54-8000-9ba2-011c48011c48_242778"()
      }
    ),
    #"_a-0000decc-9caf-8000-9ba2-011c48011c48_227250"(
      gpaFilter: local!gpaFilter,
      gpaFilterDropdown: local!gpaFilterDropdown,
      decisionFilter: local!decisionFilter,
      decisionFilterDropdown: local!decisionFilterDropdown,
      reviewStatusList: local!reviewStatusList,
      applicationStatusList: local!applicationStatusList,
      applicantFilter: local!applicantFilter,
      applicantFilterDropdown: local!applicantFilterDropdown,
      statusFilter: local!statusFilter,
      statusFilterDropdown: local!statusFilterDropdown,
      dataSubset: local!datasubset,
      gridSelection: local!gridSelection,
      uNumberFilter: local!uNumberFilter,
      collegeFilter:local!collegeFilter, 
      majorFilter:local!majorFilter, 
      concentrationFilter:local!concentrationFilter, 
      degreeFilter:local!degreeFilter, 
      termFilter:local!termFilter,
      collegeFilterDisplay: local!collegeFilterDisplay, 
      majorFilterDisplay: local!majorFilterDisplay, 
      concentrationFilterDisplay: local!concentrationFilterDisplay, 
      degreeFilterDisplay: local!degreeFilterDisplay, 
      termFilterDisplay: local!termFilterDisplay, 
      majorListName: local!majorListName,
      majorList: local!majorList, 
      collegeList: local!collegeList, 
      termList: local!termList,
      degreeList: local!degreeList,
      concentrationListName: local!concentrationListName,
      concentration: local!concentration
    ),
    {
      
      
      /*GAC Decision Code Buttons*/
      #"SYSTEM_SYSRULES_ButtonLayout"(
        secondaryButtons: {
          /*CA - Canceled After Admission button*/
          #"SYSTEM_SYSRULES_ButtonWidget"(
            label: index(
              local!decisionCodeList.code,
              wherecontains(
                #"_a-0000def2-cb5b-8000-9ba2-011c48011c48_237052",
                local!decisionCodeList.refId
              )
            ),
            value: index(
              local!decisionCodeList.code,
              wherecontains(
                #"_a-0000def2-cb5b-8000-9ba2-011c48011c48_237052",
                local!decisionCodeList.refId
              )
            ),
            disabled: #"_a-0000def2-cb5b-8000-9ba2-011c48011c48_237112"(
              view: local!datasubset.data,
              identifiers: local!gridSelection.selected
            ),
            confirmMessage: #"_a-0000def2-cb5b-8000-9ba2-011c48011c48_237378",
            saveInto: {
              a!save(
                local!auditHistoryList,
                /*Capture Audit History*/
                #"_a-0000deef-1613-8000-9ba2-011c48011c48_233660"(
                  applicationIdList: local!gridSelection.selected,
                  applicationDecision: index(
                    local!decisionCodeList.code,
                    wherecontains(
                      #"_a-0000def2-cb5b-8000-9ba2-011c48011c48_237052",
                      local!decisionCodeList.refId
                    )
                  )
                )
              ),
              /*Generate Grad App Detail List to update applicationStatus*/
              a!save(
                local!gradAppDetailList,
                #"_a-0000decc-9caf-8000-9ba2-011c48011c48_226760"(
                  applicationIdList: local!gridSelection.selected,
                  isGAC: true,
                  decision: index(
                    local!applicationStatusList.displayValue,
                    wherecontains(
                      #"_a-0000def2-cb5b-8000-9ba2-011c48011c48_237191",
                      local!applicationStatusList.refId
                    )
                  )
                )
              ),
              /*Generate Graduate Application List to update applicationDecision*/
              a!save(
                local!graduateApplicationList,
                #"_a-0000defe-bf54-8000-9ba2-011c48011c48_243297"(
                  applicationIdList: local!gridSelection.selected,
                  isGAC: true,
                  decision: index(
                    local!decisionCodeList.code,
                    wherecontains(
                      #"_a-0000def2-cb5b-8000-9ba2-011c48011c48_237052",
                      local!decisionCodeList.refId
                    )
                  )
                )
              ),
              #"SYSTEM_SYSRULES_startProcess"(
                processModel: #"_a-0000def2-cb5b-8000-9ba2-011c48011c48_236808",
                processParameters: {
                  auditHistory: local!auditHistoryList,
                  gradAppDetail: local!gradAppDetailList,
                  graduateApplication: local!graduateApplicationList,
                  applicationIdCancelList: local!gridSelection.selected,
                  decisionCode: #"_a-0000deef-1613-8000-9ba2-011c48011c48_233642"
                }
              ),
              a!save(
                local!datasubset,
                #"_a-0000decc-9caf-8000-9ba2-011c48011c48_225732"(
                  returnAll: true,
                  pagingInfo: local!gridSelection.pagingInfo,
                  applicationStatus: local!statusFilter,
                  name: local!applicantFilter,
                  deptDecision: local!decisionFilter,
                  uNumber: local!uNumberFilter,
                  college: local!collegeFilter,
                  major: local!majorFilter,
                  concentration: local!concentrationFilter,
                  degree: local!degreeFilter,
                  term: local!termFilter
                )
              ),
              a!save(
                local!gridSelection.selected,
                null
              )
            }
          ),
          /*CM - Canceled - No Application Fee button*/
          #"SYSTEM_SYSRULES_ButtonWidget"(
            label: index(
              local!decisionCodeList.code,
              wherecontains(
                #"_a-0000def2-cb5b-8000-9ba2-011c48011c48_237058",
                local!decisionCodeList.refId
              )
            ),
            disabled: #"_a-0000def2-cb5b-8000-9ba2-011c48011c48_237112"(
              view: local!datasubset.data,
              identifiers: local!gridSelection.selected
            ),
            confirmMessage: #"_a-0000def2-cb5b-8000-9ba2-011c48011c48_237378",
            value: index(
              local!decisionCodeList.code,
              wherecontains(
                #"_a-0000def2-cb5b-8000-9ba2-011c48011c48_237058",
                local!decisionCodeList.refId
              )
            ),
            saveInto: {
              a!save(
                local!auditHistoryList,
                /*Capture Audit History*/
                #"_a-0000deef-1613-8000-9ba2-011c48011c48_233660"(
                  applicationIdList: local!gridSelection.selected,
                  applicationDecision: index(
                    local!decisionCodeList.code,
                    wherecontains(
                      #"_a-0000def2-cb5b-8000-9ba2-011c48011c48_237058",
                      local!decisionCodeList.refId
                    )
                  )
                )
              ),
              /*Generate Grad App Detail List to update applicationStatus*/
              a!save(
                local!gradAppDetailList,
                #"_a-0000decc-9caf-8000-9ba2-011c48011c48_226760"(
                  applicationIdList: local!gridSelection.selected,
                  isGAC: true,
                  decision: index(
                    local!applicationStatusList.displayValue,
                    wherecontains(
                      #"_a-0000def2-cb5b-8000-9ba2-011c48011c48_237191",
                      local!applicationStatusList.refId
                    )
                  )
                )
              ),
              /*Generate Graduate Application List to update applicationDecision*/
              a!save(
                local!graduateApplicationList,
                #"_a-0000defe-bf54-8000-9ba2-011c48011c48_243297"(
                  applicationIdList: local!gridSelection.selected,
                  isGAC: true,
                  decision: index(
                    local!decisionCodeList.code,
                    wherecontains(
                      #"_a-0000def2-cb5b-8000-9ba2-011c48011c48_237058",
                      local!decisionCodeList.refId
                    )
                  )
                )
              ),
              #"SYSTEM_SYSRULES_startProcess"(
                processModel: #"_a-0000def2-cb5b-8000-9ba2-011c48011c48_236808",
                processParameters: {
                  auditHistory: local!auditHistoryList,
                  gradAppDetail: local!gradAppDetailList,
                  graduateApplication: local!graduateApplicationList,
                  applicationIdCancelList: local!gridSelection.selected,
                  decisionCode: #"_a-0000deef-1613-8000-9ba2-011c48011c48_233643"
                }
              ),
              a!save(
                local!datasubset,
                #"_a-0000decc-9caf-8000-9ba2-011c48011c48_225732"(
                  returnAll: true,
                  pagingInfo: local!gridSelection.pagingInfo,
                  applicationStatus: local!statusFilter,
                  name: local!applicantFilter,
                  deptDecision: local!decisionFilter,
                  uNumber: local!uNumberFilter,
                  college: local!collegeFilter,
                  major: local!majorFilter,
                  concentration: local!concentrationFilter,
                  degree: local!degreeFilter,
                  term: local!termFilter
                )
              ),
              a!save(
                local!gridSelection.selected,
                null
              ),
              
            }
          ),
          /*CN - Canceled - No Decision*/
          #"SYSTEM_SYSRULES_ButtonWidget"(
            label: index(
              local!decisionCodeList.code,
              wherecontains(
                #"_a-0000def2-cb5b-8000-9ba2-011c48011c48_237055",
                local!decisionCodeList.refId
              )
            ),
            disabled: #"_a-0000def2-cb5b-8000-9ba2-011c48011c48_237112"(
              view: local!datasubset.data,
              identifiers: local!gridSelection.selected
            ),
            confirmMessage: #"_a-0000def2-cb5b-8000-9ba2-011c48011c48_237378",
            value: index(
              local!decisionCodeList.code,
              wherecontains(
                #"_a-0000def2-cb5b-8000-9ba2-011c48011c48_237055",
                local!decisionCodeList.refId
              )
            ),
            saveInto: {
              a!save(
                local!auditHistoryList,
                /*Capture Audit History*/
                #"_a-0000deef-1613-8000-9ba2-011c48011c48_233660"(
                  applicationIdList: local!gridSelection.selected,
                  applicationDecision: index(
                    local!decisionCodeList.code,
                    wherecontains(
                      #"_a-0000def2-cb5b-8000-9ba2-011c48011c48_237055",
                      local!decisionCodeList.refId
                    )
                  )
                )
              ),
              /*Generate Grad App Detail List to update applicationStatus*/
              a!save(
                local!gradAppDetailList,
                #"_a-0000decc-9caf-8000-9ba2-011c48011c48_226760"(
                  applicationIdList: local!gridSelection.selected,
                  isGAC: true,
                  decision: index(
                    local!applicationStatusList.displayValue,
                    wherecontains(
                      #"_a-0000def2-cb5b-8000-9ba2-011c48011c48_237191",
                      local!applicationStatusList.refId
                    )
                  )
                )
              ),
              /*Generate Graduate Application List to update applicationDecision*/
              a!save(
                local!graduateApplicationList,
                #"_a-0000defe-bf54-8000-9ba2-011c48011c48_243297"(
                  applicationIdList: local!gridSelection.selected,
                  isGAC: true,
                  decision: index(
                    local!decisionCodeList.code,
                    wherecontains(
                      #"_a-0000def2-cb5b-8000-9ba2-011c48011c48_237055",
                      local!decisionCodeList.refId
                    )
                  )
                )
              ),
              #"SYSTEM_SYSRULES_startProcess"(
                processModel: #"_a-0000def2-cb5b-8000-9ba2-011c48011c48_236808",
                processParameters: {
                  auditHistory: local!auditHistoryList,
                  gradAppDetail: local!gradAppDetailList,
                  graduateApplication: local!graduateApplicationList,
                  applicationIdCancelList: local!gridSelection.selected,
                  decisionCode: #"_a-0000deef-1613-8000-9ba2-011c48011c48_233644"
                }
              ),
              a!save(
                local!datasubset,
                #"_a-0000decc-9caf-8000-9ba2-011c48011c48_225732"(
                  returnAll: true,
                  pagingInfo: local!gridSelection.pagingInfo,
                  applicationStatus: local!statusFilter,
                  name: local!applicantFilter,
                  deptDecision: local!decisionFilter,
                  uNumber: local!uNumberFilter,
                  college: local!collegeFilter,
                  major: local!majorFilter,
                  concentration: local!concentrationFilter,
                  degree: local!degreeFilter,
                  term: local!termFilter
                )
              ),
              a!save(
                local!gridSelection.selected,
                null
              ),
              
            }
          ),
          /*CP - Canceled By Admissions button*/
          #"SYSTEM_SYSRULES_ButtonWidget"(
            label: index(
              local!decisionCodeList.code,
              wherecontains(
                #"_a-0000def2-cb5b-8000-9ba2-011c48011c48_237054",
                local!decisionCodeList.refId
              )
            ),
            disabled: #"_a-0000def2-cb5b-8000-9ba2-011c48011c48_237112"(
              view: local!datasubset.data,
              identifiers: local!gridSelection.selected
            ),
            confirmMessage: #"_a-0000def2-cb5b-8000-9ba2-011c48011c48_237378",
            value: index(
              local!decisionCodeList.code,
              wherecontains(
                #"_a-0000def2-cb5b-8000-9ba2-011c48011c48_237054",
                local!decisionCodeList.refId
              )
            ),
            saveInto: {
              a!save(
                local!auditHistoryList,
                /*Capture Audit History*/
                #"_a-0000deef-1613-8000-9ba2-011c48011c48_233660"(
                  applicationIdList: local!gridSelection.selected,
                  applicationDecision: index(
                    local!decisionCodeList.code,
                    wherecontains(
                      #"_a-0000def2-cb5b-8000-9ba2-011c48011c48_237054",
                      local!decisionCodeList.refId
                    )
                  )
                )
              ),
              /*Generate Grad App Detail List to update applicationStatus*/
              a!save(
                local!gradAppDetailList,
                #"_a-0000decc-9caf-8000-9ba2-011c48011c48_226760"(
                  applicationIdList: local!gridSelection.selected,
                  isGAC: true,
                  decision: index(
                    local!applicationStatusList.displayValue,
                    wherecontains(
                      #"_a-0000def2-cb5b-8000-9ba2-011c48011c48_237191",
                      local!applicationStatusList.refId
                    )
                  )
                )
              ),
              /*Generate Graduate Application List to update applicationDecision*/
              a!save(
                local!graduateApplicationList,
                #"_a-0000defe-bf54-8000-9ba2-011c48011c48_243297"(
                  applicationIdList: local!gridSelection.selected,
                  isGAC: true,
                  decision: index(
                    local!decisionCodeList.code,
                    wherecontains(
                      #"_a-0000def2-cb5b-8000-9ba2-011c48011c48_237054",
                      local!decisionCodeList.refId
                    )
                  )
                )
              ),
              #"SYSTEM_SYSRULES_startProcess"(
                processModel: #"_a-0000def2-cb5b-8000-9ba2-011c48011c48_236808",
                processParameters: {
                  auditHistory: local!auditHistoryList,
                  gradAppDetail: local!gradAppDetailList,
                  graduateApplication: local!graduateApplicationList,
                  applicationIdCancelList: local!gridSelection.selected,
                  decisionCode: #"_a-0000deef-1613-8000-9ba2-011c48011c48_233645"
                }
              ),
              a!save(
                local!datasubset,
                #"_a-0000decc-9caf-8000-9ba2-011c48011c48_225732"(
                  returnAll: true,
                  pagingInfo: local!gridSelection.pagingInfo,
                  applicationStatus: local!statusFilter,
                  name: local!applicantFilter,
                  deptDecision: local!decisionFilter,
                  uNumber: local!uNumberFilter,
                  college: local!collegeFilter,
                  major: local!majorFilter,
                  concentration: local!concentrationFilter,
                  degree: local!degreeFilter,
                  term: local!termFilter
                )
              ),
              a!save(
                local!gridSelection.selected,
                null
              ),
              
            }
          ),
          /*CS - Canceled - By Applicant button*/
          #"SYSTEM_SYSRULES_ButtonWidget"(
            label: index(
              local!decisionCodeList.code,
              wherecontains(
                #"_a-0000def2-cb5b-8000-9ba2-011c48011c48_237059",
                local!decisionCodeList.refId
              )
            ),
            disabled: #"_a-0000def2-cb5b-8000-9ba2-011c48011c48_237112"(
              view: local!datasubset.data,
              identifiers: local!gridSelection.selected
            ),
            confirmMessage: #"_a-0000def2-cb5b-8000-9ba2-011c48011c48_237378",
            value: index(
              local!decisionCodeList.code,
              wherecontains(
                #"_a-0000def2-cb5b-8000-9ba2-011c48011c48_237059",
                local!decisionCodeList.refId
              )
            ),
            saveInto: {
              a!save(
                local!auditHistoryList,
                /*Capture Audit History*/
                #"_a-0000deef-1613-8000-9ba2-011c48011c48_233660"(
                  applicationIdList: local!gridSelection.selected,
                  applicationDecision: index(
                    local!decisionCodeList.code,
                    wherecontains(
                      #"_a-0000def2-cb5b-8000-9ba2-011c48011c48_237059",
                      local!decisionCodeList.refId
                    )
                  )
                )
              ),
              /*Generate Grad App Detail List to update applicationStatus*/
              a!save(
                local!gradAppDetailList,
                #"_a-0000decc-9caf-8000-9ba2-011c48011c48_226760"(
                  applicationIdList: local!gridSelection.selected,
                  isGAC: true,
                  decision: index(
                    local!applicationStatusList.displayValue,
                    wherecontains(
                      #"_a-0000def2-cb5b-8000-9ba2-011c48011c48_237191",
                      local!applicationStatusList.refId
                    )
                  )
                )
              ),
              /*Generate Graduate Application List to update applicationDecision*/
              a!save(
                local!graduateApplicationList,
                #"_a-0000defe-bf54-8000-9ba2-011c48011c48_243297"(
                  applicationIdList: local!gridSelection.selected,
                  isGAC: true,
                  decision: index(
                    local!decisionCodeList.code,
                    wherecontains(
                      #"_a-0000def2-cb5b-8000-9ba2-011c48011c48_237059",
                      local!decisionCodeList.refId
                    )
                  )
                )
              ),
              #"SYSTEM_SYSRULES_startProcess"(
                processModel: #"_a-0000def2-cb5b-8000-9ba2-011c48011c48_236808",
                processParameters: {
                  auditHistory: local!auditHistoryList,
                  gradAppDetail: local!gradAppDetailList,
                  graduateApplication: local!graduateApplicationList,
                  applicationIdCancelList: local!gridSelection.selected,
                  decisionCode: #"_a-0000deef-1613-8000-9ba2-011c48011c48_233646"
                }
              ),
             a!save(
                local!datasubset,
                #"_a-0000decc-9caf-8000-9ba2-011c48011c48_225732"(
                  returnAll: true,
                  pagingInfo: local!gridSelection.pagingInfo,
                  applicationStatus: local!statusFilter,
                  name: local!applicantFilter,
                  deptDecision: local!decisionFilter,
                  uNumber: local!uNumberFilter,
                  college: local!collegeFilter,
                  major: local!majorFilter,
                  concentration: local!concentrationFilter,
                  degree: local!degreeFilter,
                  term: local!termFilter
                )
              ),
              a!save(
                local!gridSelection.selected,
                null
              )
            }
          ),
          /*Deny - DG, requirements not met button*/
          #"SYSTEM_SYSRULES_ButtonWidget"(
            label: index(
              local!decisionCodeList.code,
              wherecontains(
                #"_a-0000defe-bf54-8000-9ba2-011c48011c48_243269",
                local!decisionCodeList.refId
              )
            ),
            disabled: #"_a-0000def2-cb5b-8000-9ba2-011c48011c48_237112"(
              view: local!datasubset.data,
              identifiers: local!gridSelection.selected
            ),
            confirmMessage: #"_a-0000defe-bf54-8000-9ba2-011c48011c48_242247",
            value: index(
              local!decisionCodeList.code,
              wherecontains(
                #"_a-0000defe-bf54-8000-9ba2-011c48011c48_243269",
                local!decisionCodeList.refId
              )
            ),
            saveInto: {
              a!save(
                local!auditHistoryList,
                /*Capture Audit History*/
                #"_a-0000deef-1613-8000-9ba2-011c48011c48_233660"(
                  applicationIdList: local!gridSelection.selected,
                  applicationDecision: index(
                    local!decisionCodeList.code,
                    wherecontains(
                      #"_a-0000defe-bf54-8000-9ba2-011c48011c48_243269",
                      local!decisionCodeList.refId
                    )
                  )
                )
              ),
              /*Generate Grad App Detail List to update applicationStatus*/
              a!save(
                local!gradAppDetailList,
                #"_a-0000decc-9caf-8000-9ba2-011c48011c48_226760"(
                  applicationIdList: local!gridSelection.selected,
                  isGAC: true,
                  decision: index(
                    local!applicationStatusList.displayValue,
                    wherecontains(
                      #"_a-0000decc-9caf-8000-9ba2-011c48011c48_225888",
                      local!applicationStatusList.refId
                    )
                  )
                )
              ),
              /*Generate Graduate Application List to update applicationDecision*/
              a!save(
                local!graduateApplicationList,
                #"_a-0000defe-bf54-8000-9ba2-011c48011c48_243297"(
                  applicationIdList: local!gridSelection.selected,
                  isGAC: true,
                  decision: index(
                    local!decisionCodeList.code,
                    wherecontains(
                      #"_a-0000defe-bf54-8000-9ba2-011c48011c48_243269",
                      local!decisionCodeList.refId
                    )
                  )
                )
              ),
              #"SYSTEM_SYSRULES_startProcess"(
                processModel: #"_a-0000def2-cb5b-8000-9ba2-011c48011c48_236808",
                processParameters: {
                  auditHistory: local!auditHistoryList,
                  gradAppDetail: local!gradAppDetailList,
                  graduateApplication: local!graduateApplicationList,
                  applicationIdCancelList: local!gridSelection.selected,
                  decisionCode: #"_a-0000defe-bf54-8000-9ba2-011c48011c48_243181"
                }
              ),
              a!save(
                local!datasubset,
                #"_a-0000decc-9caf-8000-9ba2-011c48011c48_225732"(
                  returnAll: true,
                  pagingInfo: local!gridSelection.pagingInfo,
                  applicationStatus: local!statusFilter,
                  name: local!applicantFilter,
                  deptDecision: local!decisionFilter,
                  uNumber: local!uNumberFilter,
                  college: local!collegeFilter,
                  major: local!majorFilter,
                  concentration: local!concentrationFilter,
                  degree: local!degreeFilter,
                  term: local!termFilter
                )
              ),
              a!save(
                local!gridSelection.selected,
                null
              )
            }
          ),
          /*Deny - DF, lack of facilities button*/
          #"SYSTEM_SYSRULES_ButtonWidget"(
            label: index(
              local!decisionCodeList.code,
              wherecontains(
                #"_a-0000defe-bf54-8000-9ba2-011c48011c48_243271",
                local!decisionCodeList.refId
              )
            ),
            disabled: #"_a-0000def2-cb5b-8000-9ba2-011c48011c48_237112"(
              view: local!datasubset.data,
              identifiers: local!gridSelection.selected
            ),
            confirmMessage: #"_a-0000defe-bf54-8000-9ba2-011c48011c48_242247",
            value: index(
              local!decisionCodeList.code,
              wherecontains(
                #"_a-0000defe-bf54-8000-9ba2-011c48011c48_243271",
                local!decisionCodeList.refId
              )
            ),
            saveInto: {
              a!save(
                local!auditHistoryList,
                /*Capture Audit History*/
                #"_a-0000deef-1613-8000-9ba2-011c48011c48_233660"(
                  applicationIdList: local!gridSelection.selected,
                  applicationDecision: index(
                    local!decisionCodeList.code,
                    wherecontains(
                      #"_a-0000defe-bf54-8000-9ba2-011c48011c48_243271",
                      local!decisionCodeList.refId
                    )
                  )
                )
              ),
              /*Generate Grad App Detail List to update applicationStatus*/
              a!save(
                local!gradAppDetailList,
                #"_a-0000decc-9caf-8000-9ba2-011c48011c48_226760"(
                  applicationIdList: local!gridSelection.selected,
                  isGAC: true,
                  decision: index(
                    local!applicationStatusList.displayValue,
                    wherecontains(
                      #"_a-0000decc-9caf-8000-9ba2-011c48011c48_225888",
                      local!applicationStatusList.refId
                    )
                  )
                )
              ),
              /*Generate Graduate Application List to update applicationDecision*/
              a!save(
                local!graduateApplicationList,
                #"_a-0000defe-bf54-8000-9ba2-011c48011c48_243297"(
                  applicationIdList: local!gridSelection.selected,
                  isGAC: true,
                  decision: index(
                    local!decisionCodeList.code,
                    wherecontains(
                      #"_a-0000defe-bf54-8000-9ba2-011c48011c48_243271",
                      local!decisionCodeList.refId
                    )
                  )
                )
              ),
              #"SYSTEM_SYSRULES_startProcess"(
                processModel: #"_a-0000def2-cb5b-8000-9ba2-011c48011c48_236808",
                processParameters: {
                  auditHistory: local!auditHistoryList,
                  gradAppDetail: local!gradAppDetailList,
                  graduateApplication: local!graduateApplicationList,
                  applicationIdCancelList: local!gridSelection.selected,
                  decisionCode: #"_a-0000defe-bf54-8000-9ba2-011c48011c48_243183"
                }
              ),
              a!save(
                local!datasubset,
                #"_a-0000decc-9caf-8000-9ba2-011c48011c48_225732"(
                  returnAll: true,
                  pagingInfo: local!gridSelection.pagingInfo,
                  applicationStatus: local!statusFilter,
                  name: local!applicantFilter,
                  deptDecision: local!decisionFilter,
                  uNumber: local!uNumberFilter,
                  college: local!collegeFilter,
                  major: local!majorFilter,
                  concentration: local!concentrationFilter,
                  degree: local!degreeFilter,
                  term: local!termFilter
                )
              ),
              a!save(
                local!gridSelection.selected,
                null
              )
            }
          )
        }
      ),
      #"SYSTEM_SYSRULES_richTextDisplayField"(
        labelPosition: "COLLAPSED",
        value: {
          #"SYSTEM_SYSRULES_richTextItem"(
            text: "Please select a single or multiple applicants below and choose the corresponding decision above for that group.",
            style: "EMPHASIS"
          )/*a!richTextBulletedList(*/
          /*  {"CA = Canceled After Admission", "CM = Canceled No Application Fee", "CN = Canceled No Decision", "CP = Canceled by Admissions"}*/
          /*)*/
          
        }
      ),
      if(
        and(
          not(
            #"_a-0000d62a-67b3-8000-da6f-010000010000_951"(
              local!gridSelection.selected
            )
          ),
          #"_a-0000def2-cb5b-8000-9ba2-011c48011c48_237112"(
            view: local!datasubset.data,
            identifiers: local!gridSelection.selected
          )
        ),
        #"_a-0000deb5-0bcc-8000-9ba2-011c48011c48_218640"(
          #"_a-0000def2-cb5b-8000-9ba2-011c48011c48_237657"
        ),
        {}
      ),
      
    },
    #"_a-0000decc-9caf-8000-9ba2-011c48011c48_227256"(
      datasubset: local!dataSubset,
      gridSelection: local!gridSelection,
      gpaFilter: local!gpaFilter,
      decisionFilter: local!decisionFilter,
      levelThree: local!levelThree,
      applicantFilter: local!applicantFilter,
      statusFilter: local!statusFilter,
      uNumberFilter: local!uNumberFilter,
      collegeFilter:local!collegeFilter, 
      majorFilter:local!majorFilter, 
      concentrationFilter:local!concentrationFilter, 
      degreeFilter:local!degreeFilter, 
      termFilter:local!termFilter
    ),
    
  }
)</definition>
        <metadataExpr></metadataExpr>
        <preferredEditor>interface</preferredEditor>
        <offlineEnabled>false</offlineEnabled>
    </rule>
    <roleMap public="true">
        <role inherit="true" allowForAll="false" name="readers">
            <users/>
            <groups/>
        </role>
        <role inherit="true" allowForAll="false" name="authors">
            <users/>
            <groups/>
        </role>
        <role inherit="true" allowForAll="false" name="administrators">
            <users>
                <userUuid>U06271388</userUuid>
            </users>
            <groups/>
        </role>
        <role inherit="false" allowForAll="false" name="denyReaders">
            <users/>
            <groups/>
        </role>
        <role inherit="false" allowForAll="false" name="denyAuthors">
            <users/>
            <groups/>
        </role>
        <role inherit="false" allowForAll="false" name="denyAdministrators">
            <users/>
            <groups/>
        </role>
    </roleMap>
</contentHaul>
