<?xml version="1.0" encoding="UTF-8" standalone="yes"?>
<contentHaul xmlns:a="http://www.appian.com/ae/types/2009">
    <rule>
        <name>UAP_f_exposeReviews</name>
        <uuid>_a-0000decc-9caf-8000-9ba2-011c48011c48_225150</uuid>
        <description>Interface to expose or hide reviews</description>
        <parentUuid>_a-0000deb5-0bcc-8000-9ba2-011c48011c48_218266</parentUuid>
        <visibility>
            <advertise>false</advertise>
            <hierarchy>true</hierarchy>
            <indexable>true</indexable>
            <quota>false</quota>
            <searchable>true</searchable>
            <system>false</system>
            <unlogged>false</unlogged>
        </visibility>
        <definition>load
(
  local!reviewCycleDS:
  #"_a-0000dec3-7017-8000-9ba2-011c48011c48_223347"
  (
    applicationId: ri!applicationId
  ),
  
  /*If no review cycle exists, this is used to populate information*/
  local!facultyReviewer:
  if
  (
    local!reviewCycleDS.totalCount = 0,
    #"_a-0000decc-9caf-8000-9ba2-011c48011c48_226356"(
      applicationId: ri!applicationId,
      returnCDT: true
    ),
    {}
  ),
  
  local!reviewCycle:
  if
  (
    local!reviewCycleDS.totalCount = 0,
    'type!{urn:com:appian:types:UAP}UAP_reviewCycle'
    (
      applicationId: ri!applicationId,
      createdOn: now(),
      levelThreeId: local!facultyReviewer.levelThreeId,
      isActive: true,
      scoringTypeId: 'type!{urn:com:appian:types:UAP}UAP_reference'(refId: local!facultyReviewer.scoringTypeId)
    ),
    index(local!reviewCycleDS.data, 1, null)
  ),
  
  #"SYSTEM_SYSRULES_formLayout"(
    label: "Expose Reviews for " &amp; ri!name,
    instructions: "Allow each reviewer to see all reviews made for this application",
    firstColumnContents: {
      #"SYSTEM_SYSRULES_radioButtonField"(
        label: "Visibility",
        labelPosition: "ABOVE",
        choiceLabels: #"_a-0000decc-9caf-8000-9ba2-011c48011c48_225154",
        choiceValues: {
          1,
          0
        },
        value: local!reviewCycle.seeReviews,
        saveInto: local!reviewCycle.seeReviews,
        refreshAfter: "UNFOCUS",
        required: true
      )
    },
    buttons: #"SYSTEM_SYSRULES_ButtonLayout"(
      primaryButtons: {
        #"SYSTEM_SYSRULES_ButtonWidgetSubmit"(
          label: "Submit",
          style: "PRIMARY",
          value: #"_a-0000dec3-7017-8000-9ba2-011c48011c48_223250",
          saveInto: {
            ri!btnValue,
            #"_a-0000deb5-0bcc-8000-9ba2-011c48011c48_220136"(
              auditHistory: ri!auditHistory,
              recordId: ri!applicationId,
              recordType: #"_a-0000deb5-0bcc-8000-9ba2-011c48011c48_218652",
              actionTypeCons: #"_a-0000decc-9caf-8000-9ba2-011c48011c48_225183",
              actionDescriptionConstant: if(
                local!reviewCycle.seeReviews,
                #"_a-0000decc-9caf-8000-9ba2-011c48011c48_225261",
                #"_a-0000decc-9caf-8000-9ba2-011c48011c48_225264"
              )
            ),
            a!save
            (
              ri!reviewCycle,
              local!reviewCycle
            )
          }
        )
      },
      secondaryButtons: {
        #"SYSTEM_SYSRULES_ButtonWidgetSubmit"(
          label: "Cancel",
          style: "NORMAL",
          value: #"_a-0000deb5-0bcc-8000-9ba2-011c48011c48_218782",
          saveInto: ri!btnValue,
          skipValidation: true
        )
      }
    )
  )
)</definition>
        <namedTypedValue>
            <name>btnValue</name>
            <type>
                <name>string</name>
                <namespace>http://www.w3.org/2001/XMLSchema</namespace>
            </type>
            <value/>
        </namedTypedValue>
        <namedTypedValue>
            <name>name</name>
            <type>
                <name>string</name>
                <namespace>http://www.w3.org/2001/XMLSchema</namespace>
            </type>
            <value/>
        </namedTypedValue>
        <namedTypedValue>
            <name>reviewCycle</name>
            <type>
                <name>UAP_reviewCycle</name>
                <namespace>urn:com:appian:types:UAP</namespace>
            </type>
        </namedTypedValue>
        <namedTypedValue>
            <name>auditHistory</name>
            <type>
                <name>TRV_auditHistory</name>
                <namespace>urn:com:appian:types:TRV</namespace>
            </type>
        </namedTypedValue>
        <namedTypedValue>
            <name>applicationId</name>
            <type>
                <name>int</name>
                <namespace>http://www.w3.org/2001/XMLSchema</namespace>
            </type>
        </namedTypedValue>
        <metadataExpr></metadataExpr>
        <preferredEditor>interface</preferredEditor>
        <offlineEnabled>false</offlineEnabled>
    </rule>
    <roleMap public="true">
        <role inherit="true" allowForAll="false" name="readers">
            <users/>
            <groups/>
        </role>
        <role inherit="true" allowForAll="false" name="authors">
            <users/>
            <groups/>
        </role>
        <role inherit="true" allowForAll="false" name="administrators">
            <users/>
            <groups/>
        </role>
        <role inherit="false" allowForAll="false" name="denyReaders">
            <users/>
            <groups/>
        </role>
        <role inherit="false" allowForAll="false" name="denyAuthors">
            <users/>
            <groups/>
        </role>
        <role inherit="false" allowForAll="false" name="denyAdministrators">
            <users/>
            <groups/>
        </role>
    </roleMap>
</contentHaul>
