<?xml version="1.0" encoding="UTF-8" standalone="yes"?>
<contentHaul xmlns:a="http://www.appian.com/ae/types/2009">
    <rule>
        <name>UAP_grl_appXtenderDoc</name>
        <uuid>_a-0000dee0-8e2c-8000-9ba2-011c48011c48_231803</uuid>
        <description>The helper function to classify appXtender doc meta data</description>
        <parentUuid>_a-0000deb5-0bcc-8000-9ba2-011c48011c48_218267</parentUuid>
        <visibility>
            <advertise>false</advertise>
            <hierarchy>true</hierarchy>
            <indexable>true</indexable>
            <quota>false</quota>
            <searchable>true</searchable>
            <system>false</system>
            <unlogged>false</unlogged>
        </visibility>
        <definition>load(
  /*Taking out Supplemental and Admission requirement*/
  local!documentTypeList: remove(
    ri!documentTypeList,
    wherecontains(
      {
        #"_a-0000dee0-8e2c-8000-9ba2-011c48011c48_232776",
        #"_a-0000def2-cb5b-8000-9ba2-011c48011c48_237142"
      },
      ri!documentTypeList.refId
    )
  ),
  local!choiceLabels: index(
    local!documentTypeList,
    "displayValue",
    {}
  ),
  local!choiceValues: index(
    local!documentTypeList,
    "refId",
    {}
  ),
  #"SYSTEM_SYSRULES_gridRowLayout"(
    contents: {
      #"SYSTEM_SYSRULES_textField"(
        label: "Document Name " &amp; ri!index,
        readOnly: true,
        value: document(
          ri!docMetaDataList[ri!index].appianDocId,
          "name"
        )
      ),
      #"SYSTEM_SYSRULES_dropdownField"(
        label: "AppXtender Document Type",
        required: true,
        requiredMessage: "Please select a document type",
        placeholderLabel: #"_a-0000deb5-0bcc-8000-9ba2-011c48011c48_219354",
        choiceLabels: local!choiceLabels,
        choiceValues: local!choiceValues,
        value: ri!docMetaDataList[ri!index].docRefTypeId,
        saveInto: {
          ri!docMetaDataList[ri!index].docRefTypeId,

          a!save(
            ri!docMetaDataList[ri!index].documentName,
            #"_a-0000def2-cb5b-8000-9ba2-011c48011c48_238558"(
              document: ri!files[ri!index]
            )
          ),
          #"_a-0000def2-cb5b-8000-9ba2-011c48011c48_237189"(
            selDocTypeRefId: ri!docMetaDataList[ri!index].docRefTypeId,
            docMetaData: ri!docMetaDataList[ri!index],
            docTypeRefList: ri!documentTypeList
          )
          
        }
      )
    }
  )
)</definition>
        <namedTypedValue>
            <name>index</name>
            <type>
                <name>int</name>
                <namespace>http://www.w3.org/2001/XMLSchema</namespace>
            </type>
        </namedTypedValue>
        <namedTypedValue>
            <name>docMetaDataList</name>
            <type>
                <name>UAP_appXtenderDocMetaData?list</name>
                <namespace>urn:com:appian:types:UAP</namespace>
            </type>
        </namedTypedValue>
        <namedTypedValue>
            <name>documentTypeList</name>
            <type>
                <name>UAP_reference?list</name>
                <namespace>urn:com:appian:types:UAP</namespace>
            </type>
        </namedTypedValue>
        <namedTypedValue>
            <name>files</name>
            <type>
                <name>CollaborationDocument?list</name>
                <namespace>http://www.appian.com/ae/types/2009</namespace>
            </type>
        </namedTypedValue>
        <preferredEditor>legacy</preferredEditor>
        <offlineEnabled>false</offlineEnabled>
    </rule>
    <roleMap public="true">
        <role inherit="true" allowForAll="false" name="readers">
            <users/>
            <groups/>
        </role>
        <role inherit="true" allowForAll="false" name="authors">
            <users/>
            <groups/>
        </role>
        <role inherit="true" allowForAll="false" name="administrators">
            <users/>
            <groups/>
        </role>
        <role inherit="false" allowForAll="false" name="denyReaders">
            <users/>
            <groups/>
        </role>
        <role inherit="false" allowForAll="false" name="denyAuthors">
            <users/>
            <groups/>
        </role>
        <role inherit="false" allowForAll="false" name="denyAdministrators">
            <users/>
            <groups/>
        </role>
    </roleMap>
</contentHaul>
