<?xml version="1.0" encoding="UTF-8" standalone="yes"?>
<contentHaul xmlns:a="http://www.appian.com/ae/types/2009">
    <rule>
        <name>UAP_gacDashboadButtonValidation</name>
        <uuid>_a-0000def2-cb5b-8000-9ba2-011c48011c48_237112</uuid>
        <description>determines if a button is visible or not </description>
        <parentUuid>_a-0000deb5-0bcc-8000-9ba2-011c48011c48_218267</parentUuid>
        <visibility>
            <advertise>false</advertise>
            <hierarchy>true</hierarchy>
            <indexable>true</indexable>
            <quota>false</quota>
            <searchable>true</searchable>
            <system>false</system>
            <unlogged>false</unlogged>
        </visibility>
        <definition>with(
  local!statusList: index(
    ri!view,
    wherecontains(
      ri!identifiers,
      ri!view.applicationId
    )
  ).status,
  local!canceled: wherecontains(
    "Canceled",
    local!statusList
  ),
  local!denied: wherecontains(
    "Denied",
    local!statusList
  ),
  if(
    #"_a-0000d62a-67b3-8000-da6f-010000010000_950"(
      ri!identifiers
    ),
    true,
    not(
      and(
      #"_a-0000d62a-67b3-8000-da6f-010000010000_950"(
        local!canceled
      ),
      #"_a-0000d62a-67b3-8000-da6f-010000010000_950"(
        local!denied
      )
      )
    )
  )
)</definition>
        <namedTypedValue>
            <name>view</name>
            <type>
                <name>UAP_v_directorDashApplication?list</name>
                <namespace>urn:com:appian:types:UAP</namespace>
            </type>
        </namedTypedValue>
        <namedTypedValue>
            <name>identifiers</name>
            <type>
                <name>Integer?list</name>
                <namespace>http://www.appian.com/ae/types/2009</namespace>
            </type>
        </namedTypedValue>
        <preferredEditor>legacy</preferredEditor>
        <offlineEnabled>false</offlineEnabled>
    </rule>
    <roleMap public="true">
        <role inherit="true" allowForAll="false" name="readers">
            <users/>
            <groups/>
        </role>
        <role inherit="true" allowForAll="false" name="authors">
            <users/>
            <groups/>
        </role>
        <role inherit="true" allowForAll="false" name="administrators">
            <users/>
            <groups/>
        </role>
        <role inherit="false" allowForAll="false" name="denyReaders">
            <users/>
            <groups/>
        </role>
        <role inherit="false" allowForAll="false" name="denyAuthors">
            <users/>
            <groups/>
        </role>
        <role inherit="false" allowForAll="false" name="denyAdministrators">
            <users/>
            <groups/>
        </role>
    </roleMap>
</contentHaul>
