<?xml version="1.0" encoding="UTF-8" standalone="yes"?>
<contentHaul xmlns:a="http://www.appian.com/ae/types/2009">
    <rule>
        <name>UAP_v_getGraduateApplication</name>
        <uuid>_a-0000deb5-0bcc-8000-9ba2-011c48011c48_219299</uuid>
        <description>Retrieves data for the graduate application view</description>
        <parentUuid>_a-0000deb5-0bcc-8000-9ba2-011c48011c48_218267</parentUuid>
        <visibility>
            <advertise>false</advertise>
            <hierarchy>true</hierarchy>
            <indexable>true</indexable>
            <quota>false</quota>
            <searchable>true</searchable>
            <system>false</system>
            <unlogged>false</unlogged>
        </visibility>
        <definition>with(&#xD;
  local!queryDatasubset: #"SYSTEM_SYSRULES_queryEntity"(&#xD;
    entity: #"_a-0000deb5-0bcc-8000-9ba2-011c48011c48_219295",&#xD;
    query: #"SYSTEM_SYSRULES_query"(&#xD;
      pagingInfo: if(&#xD;
        #"_a-0000d62a-67b3-8000-da6f-010000010000_950"(&#xD;
          ri!pagingInfo&#xD;
        ),&#xD;
        #"SYSTEM_SYSRULES_pagingInfo"(&#xD;
          startIndex: 1,&#xD;
          batchSize: - 1,&#xD;
          sort: #"SYSTEM_SYSRULES_sortInfo"(&#xD;
            field: "applicationId",&#xD;
            ascending: true&#xD;
          )&#xD;
        ),&#xD;
        ri!pagingInfo&#xD;
      ),&#xD;
      logicalExpression: #"SYSTEM_SYSRULES_queryLogicalExpression"(&#xD;
        operator: "AND",&#xD;
        filters: {&#xD;
          if(&#xD;
            and(&#xD;
              isnull(&#xD;
                ri!applicationId&#xD;
              ),&#xD;
              isnull(&#xD;
                ri!term&#xD;
              ),&#xD;
              #"_a-0000d62a-67b3-8000-da6f-010000010000_951"(ri!applicationIdList),&#xD;
              &#xD;
              isnull(ri!returnUnmapped)&#xD;
              &#xD;
            ),&#xD;
            if(&#xD;
              ri!returnAll,&#xD;
              #"SYSTEM_SYSRULES_queryFilter"(&#xD;
                field: "applicationId",&#xD;
                operator: "not null"&#xD;
              ),&#xD;
              #"SYSTEM_SYSRULES_queryFilter"(&#xD;
                field: "applicationId",&#xD;
                operator: "is null"&#xD;
              )&#xD;
            ),&#xD;
            {&#xD;
              if(&#xD;
                isnull(&#xD;
                  ri!applicationId&#xD;
                ),&#xD;
                {},&#xD;
                #"SYSTEM_SYSRULES_queryFilter"(&#xD;
                  field: "applicationId",&#xD;
                  operator: "=",&#xD;
                  value: ri!applicationId&#xD;
                )&#xD;
              ),&#xD;
              if(&#xD;
                isnull(&#xD;
                  ri!term&#xD;
                ),&#xD;
                {},&#xD;
                #"SYSTEM_SYSRULES_queryFilter"(&#xD;
                  field: "term",&#xD;
                  operator: "=",&#xD;
                  value: #"_a-0000def2-cb5b-8000-9ba2-011c48011c48_238318"(ri!term)&#xD;
                )&#xD;
              ),&#xD;
              if(&#xD;
                #"_a-0000d62a-67b3-8000-da6f-010000010000_951"(&#xD;
                  ri!applicationIdList&#xD;
                ),&#xD;
                {},&#xD;
                #"SYSTEM_SYSRULES_queryFilter"(&#xD;
                  field: "applicationId",&#xD;
                  operator: "in",&#xD;
                  value: ri!applicationIdList&#xD;
                )&#xD;
              ),&#xD;
              if(&#xD;
                isnull(&#xD;
                  ri!returnUnmapped&#xD;
                ),&#xD;
                {},&#xD;
                if&#xD;
                (&#xD;
                  ri!returnUnmapped,&#xD;
                  &#xD;
                  /*Return unmapped only*/&#xD;
                  #"SYSTEM_SYSRULES_queryFilter"(&#xD;
                    field: "levelThreeId",&#xD;
                    operator: "is null"&#xD;
                  ),&#xD;
                  &#xD;
                  /*Return mapped only*/&#xD;
                  #"SYSTEM_SYSRULES_queryFilter"(&#xD;
                    field: "levelThreeId",&#xD;
                    operator: "not null"&#xD;
                  )&#xD;
                )&#xD;
              )&#xD;
            }&#xD;
          )&#xD;
        }&#xD;
      )&#xD;
    )&#xD;
  ),&#xD;
  if(&#xD;
    ri!returnCdt,&#xD;
    cast(&#xD;
      typeof(&#xD;
        {&#xD;
          'type!{urn:com:appian:types:UAP}UAP_v_graduateApplication'()&#xD;
        }&#xD;
      ),&#xD;
      local!queryDatasubset.data&#xD;
    ),&#xD;
    local!queryDatasubset&#xD;
  )&#xD;
)</definition>
        <namedTypedValue>
            <name>pagingInfo</name>
            <type>
                <name>PagingInfo</name>
                <namespace>http://www.appian.com/ae/types/2009</namespace>
            </type>
        </namedTypedValue>
        <namedTypedValue>
            <name>returnAll</name>
            <type>
                <name>boolean</name>
                <namespace>http://www.w3.org/2001/XMLSchema</namespace>
            </type>
        </namedTypedValue>
        <namedTypedValue>
            <name>returnCdt</name>
            <type>
                <name>boolean</name>
                <namespace>http://www.w3.org/2001/XMLSchema</namespace>
            </type>
        </namedTypedValue>
        <namedTypedValue>
            <name>applicationId</name>
            <type>
                <name>int</name>
                <namespace>http://www.w3.org/2001/XMLSchema</namespace>
            </type>
        </namedTypedValue>
        <namedTypedValue>
            <name>term</name>
            <type>
                <name>string</name>
                <namespace>http://www.w3.org/2001/XMLSchema</namespace>
            </type>
            <value/>
        </namedTypedValue>
        <namedTypedValue>
            <name>applicationIdList</name>
            <type>
                <name>Integer?list</name>
                <namespace>http://www.appian.com/ae/types/2009</namespace>
            </type>
        </namedTypedValue>
        <namedTypedValue>
            <name>returnUnmapped</name>
            <type>
                <name>boolean</name>
                <namespace>http://www.w3.org/2001/XMLSchema</namespace>
            </type>
        </namedTypedValue>
        <namedTypedValue>
            <name>uNumber</name>
            <type>
                <name>string</name>
                <namespace>http://www.w3.org/2001/XMLSchema</namespace>
            </type>
            <value/>
        </namedTypedValue>
        <preferredEditor>legacy</preferredEditor>
        <offlineEnabled>false</offlineEnabled>
    </rule>
    <roleMap public="true">
        <role inherit="true" allowForAll="false" name="readers">
            <users/>
            <groups/>
        </role>
        <role inherit="true" allowForAll="false" name="authors">
            <users/>
            <groups/>
        </role>
        <role inherit="true" allowForAll="false" name="administrators">
            <users/>
            <groups/>
        </role>
        <role inherit="false" allowForAll="false" name="denyReaders">
            <users/>
            <groups/>
        </role>
        <role inherit="false" allowForAll="false" name="denyAuthors">
            <users/>
            <groups/>
        </role>
        <role inherit="false" allowForAll="false" name="denyAdministrators">
            <users/>
            <groups/>
        </role>
    </roleMap>
</contentHaul>
