<?xml version="1.0" encoding="UTF-8" standalone="yes"?>
<contentHaul xmlns:a="http://www.appian.com/ae/types/2009">
    <rule>
        <name>UAP_f_gacAcknowledgeUnsuccessfulPostsToWS</name>
        <uuid>_a-0000defe-bf54-8000-9ba2-011c48011c48_243876</uuid>
        <description>Interface used to notify the GAC of unsuccessful posts to the WS</description>
        <parentUuid>_a-0000deb5-0bcc-8000-9ba2-011c48011c48_218266</parentUuid>
        <visibility>
            <advertise>false</advertise>
            <hierarchy>true</hierarchy>
            <indexable>true</indexable>
            <quota>false</quota>
            <searchable>true</searchable>
            <system>false</system>
            <unlogged>false</unlogged>
        </visibility>
        <definition>load(
  local!datasubset: todatasubset(
    #"_a-0000df0b-4b17-8000-9ba2-011c48011c48_247331"(
      responseBody: ri!responseBody,
      requestBody: ri!requestBody,
      idList: ri!idList
    )
  ),
  local!pagingInfo: #"SYSTEM_SYSRULES_pagingInfo"(
    startIndex: 1,
    batchSize: 10
  ),
  #"SYSTEM_SYSRULES_formLayout"(
    label: #"_a-0000df0b-4b17-8000-9ba2-011c48011c48_247442",
    instructions: #"_a-0000df0b-4b17-8000-9ba2-011c48011c48_247441",
    firstColumnContents: {
      #"SYSTEM_SYSRULES_sectionLayout"(
        label: #"_a-0000df0b-4b17-8000-9ba2-011c48011c48_247443" &amp; ": " &amp; local!datasubset.totalCount,
        firstColumnContents: {
          #"_a-0000df0b-4b17-8000-9ba2-011c48011c48_247389"(
            datasubset: local!datasubset,
            pagingInfo: local!pagingInfo
          )
        }
      )
    },
    buttons: #"SYSTEM_SYSRULES_ButtonLayout"(
      primaryButtons: {
        #"SYSTEM_SYSRULES_ButtonWidgetSubmit"(
          label: #"_a-0000df0b-4b17-8000-9ba2-011c48011c48_247200",
          style: "PRIMARY",
          confirmMessage: #"_a-0000defe-bf54-8000-9ba2-011c48011c48_243641"
        )
      }
    )
  )
)</definition>
        <namedTypedValue>
            <name>responseBody</name>
            <type>
                <name>string</name>
                <namespace>http://www.w3.org/2001/XMLSchema</namespace>
            </type>
            <value/>
        </namedTypedValue>
        <namedTypedValue>
            <name>requestBody</name>
            <type>
                <name>string</name>
                <namespace>http://www.w3.org/2001/XMLSchema</namespace>
            </type>
            <value/>
        </namedTypedValue>
        <namedTypedValue>
            <name>idList</name>
            <type>
                <name>Integer?list</name>
                <namespace>http://www.appian.com/ae/types/2009</namespace>
            </type>
        </namedTypedValue>
        <metadataExpr></metadataExpr>
        <preferredEditor>interface</preferredEditor>
        <offlineEnabled>false</offlineEnabled>
    </rule>
    <roleMap public="true">
        <role inherit="true" allowForAll="false" name="readers">
            <users/>
            <groups/>
        </role>
        <role inherit="true" allowForAll="false" name="authors">
            <users/>
            <groups/>
        </role>
        <role inherit="true" allowForAll="false" name="administrators">
            <users/>
            <groups/>
        </role>
        <role inherit="false" allowForAll="false" name="denyReaders">
            <users/>
            <groups/>
        </role>
        <role inherit="false" allowForAll="false" name="denyAuthors">
            <users/>
            <groups/>
        </role>
        <role inherit="false" allowForAll="false" name="denyAdministrators">
            <users/>
            <groups/>
        </role>
    </roleMap>
    <typedValue>
        <type>
            <name>RuleTestConfig?list</name>
            <namespace>http://www.appian.com/ae/types/2009</namespace>
        </type>
        <value>
            <el>
                <a:name/>
                <a:ruleInputTestConfigs>
                    <a:value xmlns:xsd="http://www.w3.org/2001/XMLSchema" xmlns:xsi="http://www.w3.org/2001/XMLSchema-instance" xsi:type="xsd:string">{  "responseCode": 0,  "responseMessage": "Data retrieved successfully",  "data": [    {      "usfId": "U81585683",      "successful": "False",      "messages": [        "First Message",        "Second Message"      ]    },    {      "usfId": "U50879703",      "successful": "True",      "messages": [        "First Message",        "Second Message"      ]    },    {      "usfId": "U02736477",      "successful": "False",      "messages": [        "First Message",        "Second Message"      ]    }  ],  "errors": [      ]}</a:value>
                    <a:nameRef>responseBody</a:nameRef>
                    <a:id/>
                </a:ruleInputTestConfigs>
                <a:ruleInputTestConfigs>
                    <a:value xmlns:xsd="http://www.w3.org/2001/XMLSchema" xmlns:xsi="http://www.w3.org/2001/XMLSchema-instance" xsi:type="xsd:string">[{"uNumber":"U81585683","decisionCode":"CA","applicationNumber":"2","term":"201305"},{"uNumber":"U50879703","decisionCode":"CA","applicationNumber":"2","term":"201308"},{"uNumber":"U02736477","decisionCode":"CA","applicationNumber":"4","term":"201308"}]</a:value>
                    <a:nameRef>requestBody</a:nameRef>
                    <a:id/>
                </a:ruleInputTestConfigs>
                <a:ruleInputTestConfigs>
                    <a:value xmlns:xsi="http://www.w3.org/2001/XMLSchema-instance" xsi:type="a:Expression">{1,3}</a:value>
                    <a:nameRef>idList</a:nameRef>
                    <a:id/>
                </a:ruleInputTestConfigs>
                <a:assertions xmlns:xsi="http://www.w3.org/2001/XMLSchema-instance" xsi:nil="true"/>
            </el>
        </value>
    </typedValue>
</contentHaul>
