<?xml version="1.0" encoding="UTF-8" standalone="yes"?>
<contentHaul xmlns:a="http://www.appian.com/ae/types/2009">
    <rule>
        <name>UAP_v_getProgramDegree</name>
        <uuid>_a-0000deb5-0bcc-8000-9ba2-011c48011c48_218623</uuid>
        <description>Queries the UAP_v_programDegree table</description>
        <parentUuid>_a-0000deb5-0bcc-8000-9ba2-011c48011c48_218267</parentUuid>
        <visibility>
            <advertise>false</advertise>
            <hierarchy>true</hierarchy>
            <indexable>true</indexable>
            <quota>false</quota>
            <searchable>true</searchable>
            <system>false</system>
            <unlogged>false</unlogged>
        </visibility>
        <definition>with(
  local!queryDatasubset: #"SYSTEM_SYSRULES_queryEntity"(
    entity: #"_a-0000deb5-0bcc-8000-9ba2-011c48011c48_218616",
    query: #"SYSTEM_SYSRULES_query"(
      pagingInfo: if(
        #"_a-0000d62a-67b3-8000-da6f-010000010000_950"(
          ri!pagingInfo
        ),
        #"SYSTEM_SYSRULES_pagingInfo"(
          startIndex: 1,
          batchSize: - 1,
          sort: #"SYSTEM_SYSRULES_sortInfo"(
            field: "levelThreeId",
            ascending: true
          )
        ),
        ri!pagingInfo
      ),
      logicalExpression: #"SYSTEM_SYSRULES_queryLogicalExpression"(
        operator: "AND",
        filters: {
          if(
            and(
              isnull(
                ri!levelThreeId
              ),
              isnull(
                ri!levelTwoId
              ),
              isnull(
                ri!levelOneId
              ),
              isnull(
                ri!type
              ),
              isnull(
                ri!director
              ),
              isnull(
                ri!name
              ),
              isnull(
                ri!code
              ),
              isnull(
                ri!reviewer
              ),
              isnull(
                ri!degreeName
              ),
              isnull(
                ri!collegeName
              )
            ),
            if(
              ri!returnAll,
              #"SYSTEM_SYSRULES_queryFilter"(
                field: "levelThreeId",
                operator: "not null"
              ),
              #"SYSTEM_SYSRULES_queryFilter"(
                field: "levelThreeId",
                operator: "is null"
              )
            ),
            {
              if(
                isnull(
                  ri!levelThreeId
                ),
                {},
                #"SYSTEM_SYSRULES_queryFilter"(
                  field: "levelThreeId",
                  operator: "=",
                  value: ri!levelThreeId
                )
              ),
              if(
                isnull(
                  ri!levelTwoId
                ),
                {},
                #"SYSTEM_SYSRULES_queryFilter"(
                  field: "levelTwoId",
                  operator: "=",
                  value: ri!levelTwoId
                )
              ),
              if(
                isnull(
                  ri!levelOneId
                ),
                {},
                #"SYSTEM_SYSRULES_queryFilter"(
                  field: "levelOneId",
                  operator: "=",
                  value: ri!levelOneId
                )
              ),
              if(
                isnull(
                  ri!type
                ),
                {},
                #"SYSTEM_SYSRULES_queryFilter"(
                  field: "type",
                  operator: "=",
                  value: ri!type
                )
              ),
              if(
                isnull(
                  ri!director
                ),
                {},
                #"SYSTEM_SYSRULES_queryFilter"(
                  field: "director",
                  operator: "=",
                  value: ri!director
                )
              ),
              if(
                isnull(
                  ri!name
                ),
                {},
                #"SYSTEM_SYSRULES_queryFilter"(
                  field: "name",
                  operator: "=",
                  value: ri!name
                )
              ),
              if(
                isnull(
                  ri!code
                ),
                {},
                #"SYSTEM_SYSRULES_queryFilter"(
                  field: "code",
                  operator: "=",
                  value: ri!code
                )
              ),
              if(
                isnull(
                  ri!reviewer
                ),
                {},
                #"SYSTEM_SYSRULES_queryFilter"(
                  field: "reviewerList",
                  operator: "includes",
                  value: ri!reviewer
                )
              ),
              if(
                isnull(
                  ri!degreeName
                ),
                {},
                #"SYSTEM_SYSRULES_queryFilter"(
                  field: "degreeName",
                  operator: "=",
                  value: ri!degreeName
                )
              ),
              if(
                isnull(
                  ri!collegeName
                ),
                {},
                #"SYSTEM_SYSRULES_queryFilter"(
                  field: "collegeName",
                  operator: "=",
                  value: ri!collegeName
                )
              )
            }
          )
        }
      )
    )
  ),
  if(
    ri!returnCdt,
    cast(
      typeof(
        {
          'type!{urn:com:appian:types:UAP}UAP_v_programDegree'()
        }
      ),
      local!queryDatasubset.data
    ),
    local!queryDatasubset
  )
)</definition>
        <namedTypedValue>
            <name>pagingInfo</name>
            <type>
                <name>PagingInfo</name>
                <namespace>http://www.appian.com/ae/types/2009</namespace>
            </type>
        </namedTypedValue>
        <namedTypedValue>
            <name>returnCdt</name>
            <type>
                <name>boolean</name>
                <namespace>http://www.w3.org/2001/XMLSchema</namespace>
            </type>
        </namedTypedValue>
        <namedTypedValue>
            <name>returnAll</name>
            <type>
                <name>boolean</name>
                <namespace>http://www.w3.org/2001/XMLSchema</namespace>
            </type>
        </namedTypedValue>
        <namedTypedValue>
            <name>levelThreeId</name>
            <type>
                <name>int</name>
                <namespace>http://www.w3.org/2001/XMLSchema</namespace>
            </type>
        </namedTypedValue>
        <namedTypedValue>
            <name>levelTwoId</name>
            <type>
                <name>int</name>
                <namespace>http://www.w3.org/2001/XMLSchema</namespace>
            </type>
        </namedTypedValue>
        <namedTypedValue>
            <name>levelOneId</name>
            <type>
                <name>int</name>
                <namespace>http://www.w3.org/2001/XMLSchema</namespace>
            </type>
        </namedTypedValue>
        <namedTypedValue>
            <name>type</name>
            <type>
                <name>string</name>
                <namespace>http://www.w3.org/2001/XMLSchema</namespace>
            </type>
            <value/>
        </namedTypedValue>
        <namedTypedValue>
            <name>director</name>
            <type>
                <name>string</name>
                <namespace>http://www.w3.org/2001/XMLSchema</namespace>
            </type>
            <value/>
        </namedTypedValue>
        <namedTypedValue>
            <name>name</name>
            <type>
                <name>string</name>
                <namespace>http://www.w3.org/2001/XMLSchema</namespace>
            </type>
            <value/>
        </namedTypedValue>
        <namedTypedValue>
            <name>code</name>
            <type>
                <name>string</name>
                <namespace>http://www.w3.org/2001/XMLSchema</namespace>
            </type>
            <value/>
        </namedTypedValue>
        <namedTypedValue>
            <name>reviewer</name>
            <type>
                <name>string</name>
                <namespace>http://www.w3.org/2001/XMLSchema</namespace>
            </type>
            <value/>
        </namedTypedValue>
        <namedTypedValue>
            <name>degreeName</name>
            <type>
                <name>string</name>
                <namespace>http://www.w3.org/2001/XMLSchema</namespace>
            </type>
            <value/>
        </namedTypedValue>
        <namedTypedValue>
            <name>collegeName</name>
            <type>
                <name>string</name>
                <namespace>http://www.w3.org/2001/XMLSchema</namespace>
            </type>
            <value/>
        </namedTypedValue>
        <preferredEditor>legacy</preferredEditor>
        <offlineEnabled>false</offlineEnabled>
    </rule>
    <roleMap public="true">
        <role inherit="true" allowForAll="false" name="readers">
            <users/>
            <groups/>
        </role>
        <role inherit="true" allowForAll="false" name="authors">
            <users/>
            <groups/>
        </role>
        <role inherit="true" allowForAll="false" name="administrators">
            <users/>
            <groups/>
        </role>
        <role inherit="false" allowForAll="false" name="denyReaders">
            <users/>
            <groups/>
        </role>
        <role inherit="false" allowForAll="false" name="denyAuthors">
            <users/>
            <groups/>
        </role>
        <role inherit="false" allowForAll="false" name="denyAdministrators">
            <users/>
            <groups/>
        </role>
    </roleMap>
</contentHaul>
