<?xml version="1.0" encoding="UTF-8" standalone="yes"?>
<contentHaul xmlns:a="http://www.appian.com/ae/types/2009">
    <rule>
        <name>UAP_formatInfoForUnsuccessfulPostsTask</name>
        <uuid>_a-0000df0b-4b17-8000-9ba2-011c48011c48_247149</uuid>
        <description>Rule that creates the section layout for unsuccessful posts to display as a task to the GAC</description>
        <parentUuid>_a-0000deb5-0bcc-8000-9ba2-011c48011c48_218267</parentUuid>
        <visibility>
            <advertise>false</advertise>
            <hierarchy>true</hierarchy>
            <indexable>true</indexable>
            <quota>false</quota>
            <searchable>true</searchable>
            <system>false</system>
            <unlogged>false</unlogged>
        </visibility>
        <definition>
{#"SYSTEM_SYSRULES_textField"(
  label: "UNumber:",
  labelPosition: "ADJACENT",
  value: ri!falseList,
  readonly: true
),
#"SYSTEM_SYSRULES_textField"(
  label: "Term",
  labelPosition: "ADJACENT",
  value: index(
    #"SYSTEM_SYSRULES_fromJson"(
      ri!requestBody
    ).term,
    wherecontains(
      ri!falseList,
      touniformstring(
        #"SYSTEM_SYSRULES_fromJson"(
          ri!requestBody
        ).uNumber
      )
    ),
    {}
  ),
  readOnly: true
),
#"SYSTEM_SYSRULES_textField"(
  label: "Application Number",
  labelPosition: "ADJACENT",
  value: index(
    #"SYSTEM_SYSRULES_fromJson"(
      ri!requestBody
    ).applicationNumber,
    wherecontains(
      ri!falseList,
      touniformstring(
        #"SYSTEM_SYSRULES_fromJson"(
          ri!requestBody
        ).uNumber
      )
    ),
    {}
  ),
  readOnly: true
),
#"SYSTEM_SYSRULES_textField"(
  label: "Decision Code",
  labelPosition: "ADJACENT",
  value: index(
    #"SYSTEM_SYSRULES_fromJson"(
      ri!requestBody
    ).decisionCode,
    wherecontains(
      ri!falseList,
      touniformstring(
        #"SYSTEM_SYSRULES_fromJson"(
          ri!requestBody
        ).uNumber
      )
    ),
    {}
  ),
  readOnly: true
),
#"SYSTEM_SYSRULES_textField"(
  label: "Messages",
  labelPosition: "ADJACENT",
  value: index(
    #"SYSTEM_SYSRULES_fromJson"(
      ri!responseBody
    ).messages,
    wherecontains(
      ri!falseList,
      touniformstring(
        #"SYSTEM_SYSRULES_fromJson"(
          ri!requestBody
        ).uNumber
      )
    ),
    {}
  ),
  readOnly: true
),
#"SYSTEM_SYSRULES_textField"(
  readOnly: true,
  value: " "
)}</definition>
        <namedTypedValue>
            <name>falseList</name>
            <type>
                <name>string</name>
                <namespace>http://www.w3.org/2001/XMLSchema</namespace>
            </type>
            <value/>
        </namedTypedValue>
        <namedTypedValue>
            <name>requestBody</name>
            <type>
                <name>string</name>
                <namespace>http://www.w3.org/2001/XMLSchema</namespace>
            </type>
            <value/>
        </namedTypedValue>
        <namedTypedValue>
            <name>responseBody</name>
            <type>
                <name>string</name>
                <namespace>http://www.w3.org/2001/XMLSchema</namespace>
            </type>
            <value/>
        </namedTypedValue>
        <preferredEditor>legacy</preferredEditor>
        <offlineEnabled>false</offlineEnabled>
    </rule>
    <roleMap public="true">
        <role inherit="true" allowForAll="false" name="readers">
            <users/>
            <groups/>
        </role>
        <role inherit="true" allowForAll="false" name="authors">
            <users/>
            <groups/>
        </role>
        <role inherit="true" allowForAll="false" name="administrators">
            <users/>
            <groups/>
        </role>
        <role inherit="false" allowForAll="false" name="denyReaders">
            <users/>
            <groups/>
        </role>
        <role inherit="false" allowForAll="false" name="denyAuthors">
            <users/>
            <groups/>
        </role>
        <role inherit="false" allowForAll="false" name="denyAdministrators">
            <users/>
            <groups/>
        </role>
    </roleMap>
</contentHaul>
