<?xml version="1.0" encoding="UTF-8" standalone="yes"?>
<contentHaul xmlns:a="http://www.appian.com/ae/types/2009">
    <rule>
        <name>UAP_generateAppXtenderIndexFile</name>
        <uuid>_a-0000decc-9caf-8000-9ba2-011c48011c48_227146</uuid>
        <description>Given the document and other metadata needed for Admissions docuemnts, generate the list of indices needed for the AppXtender Index File</description>
        <parentUuid>_a-0000deb5-0bcc-8000-9ba2-011c48011c48_218267</parentUuid>
        <visibility>
            <advertise>false</advertise>
            <hierarchy>true</hierarchy>
            <indexable>true</indexable>
            <quota>false</quota>
            <searchable>true</searchable>
            <system>false</system>
            <unlogged>false</unlogged>
        </visibility>
        <definition>/*
Index Layout Construction
Field1) UID
Field2) DOCUMENT TYPE
Field3) LAST NAME
Field4) TERM CODE
Field5) APPLICATION NUMBER SET TO 0
Field6) REQUIREMENT DOCUMENT TYPE
Field7) DOCUMENT_NAME_HERE
Field8) DESTINATION LOCATION
U99770829|TRANSCRIPT|TRAINOR|201708|0|SPUR|DOCUMENT_NAME_HERE|@@C:\test.txt
*/
    apply(
      #"_a-0000decc-9caf-8000-9ba2-011c48011c48_227545"(
        uNumber: index(ri!axIndexList[1],"field1",null),
        lastName: index(ri!axIndexList[1],"field3",null),
        termCode: index(ri!axIndexList[1],"field4",null),
        admissionsRequirement: _,
        filename: _,
        documentType: _
      ),
      merge(
        index(
          ri!axIndexList,
          "field6",
          {}
        ),
        index(
          ri!axIndexList,
          "field7",
          {}
        ),
        index(
          ri!axIndexList,
          "field2",
          {}
        )
      )
    )
  </definition>
        <namedTypedValue>
            <name>axIndexList</name>
            <type>
                <name>AX_appXtenderIndex?list</name>
                <namespace>urn:com:appian:types:AX</namespace>
            </type>
        </namedTypedValue>
        <preferredEditor>legacy</preferredEditor>
        <offlineEnabled>false</offlineEnabled>
    </rule>
    <roleMap public="true">
        <role inherit="true" allowForAll="false" name="readers">
            <users/>
            <groups/>
        </role>
        <role inherit="true" allowForAll="false" name="authors">
            <users/>
            <groups/>
        </role>
        <role inherit="true" allowForAll="false" name="administrators">
            <users/>
            <groups/>
        </role>
        <role inherit="false" allowForAll="false" name="denyReaders">
            <users/>
            <groups/>
        </role>
        <role inherit="false" allowForAll="false" name="denyAuthors">
            <users/>
            <groups/>
        </role>
        <role inherit="false" allowForAll="false" name="denyAdministrators">
            <users/>
            <groups/>
        </role>
    </roleMap>
</contentHaul>
