<?xml version="1.0" encoding="UTF-8" standalone="yes"?>
<contentHaul xmlns:a="http://www.appian.com/ae/types/2009">
    <rule>
        <name>UAP_generateTerm</name>
        <uuid>_a-0000df16-9c51-8000-9ba2-011c48011c48_252590</uuid>
        <description>Generates a term based on the start term and the index of the term being generated</description>
        <parentUuid>_a-0000deb5-0bcc-8000-9ba2-011c48011c48_218267</parentUuid>
        <visibility>
            <advertise>false</advertise>
            <hierarchy>true</hierarchy>
            <indexable>true</indexable>
            <quota>false</quota>
            <searchable>true</searchable>
            <system>false</system>
            <unlogged>false</unlogged>
        </visibility>
        <definition>with
(

  /*Year*/
  local!termYear:
  ri!startTermYear
  +
  rounddown
  (
    (
      (
        ri!index - 1
        +
        if
        (
          exact(ri!startTermMonth, "01"),
          0,
          if
          (
            exact(ri!startTermMonth, "05"),
            1,
            2
          )
        )
      )
      /
      3
    ),
    0
  ),
  
  /*Month*/
  local!termMonth:
  if
  (
    exact(ri!startTermMonth, "01"),
    {
      if
      (
        mod(ri!index, 3) = 1,
        /*same*/
        "01",
        if
        (
          mod(ri!index, 3) = 2,
          /*add one term*/
          "05",
          
          /*add two terms*/
          "08"
        )
      )
    },
    if
    (
      exact(ri!startTermMonth, "05"),
      {
        if
        (
          mod(ri!index, 3) = 1,
          /*same*/
          "05",
          if
          (
            mod(ri!index, 3) = 2,
            /*add one term*/
            "08",
            
            /*add two terms*/
            "01"
          )
        )
      },
      {
        if
        (
          mod(ri!index, 3) = 1,
          /*same*/
          "08",
          if
          (
            mod(ri!index, 3) = 2,
            /*add one term*/
            "01",
            
            /*add two terms*/
            "05"
          )
        )
      }
    )
  ),
  
  local!termYear&amp;local!termMonth
  
)</definition>
        <namedTypedValue>
            <name>startTermMonth</name>
            <type>
                <name>string</name>
                <namespace>http://www.w3.org/2001/XMLSchema</namespace>
            </type>
            <value/>
        </namedTypedValue>
        <namedTypedValue>
            <name>startTermYear</name>
            <type>
                <name>string</name>
                <namespace>http://www.w3.org/2001/XMLSchema</namespace>
            </type>
            <value/>
        </namedTypedValue>
        <namedTypedValue>
            <name>index</name>
            <type>
                <name>int</name>
                <namespace>http://www.w3.org/2001/XMLSchema</namespace>
            </type>
        </namedTypedValue>
        <preferredEditor>legacy</preferredEditor>
        <offlineEnabled>false</offlineEnabled>
    </rule>
    <roleMap public="true">
        <role inherit="true" allowForAll="false" name="readers">
            <users/>
            <groups/>
        </role>
        <role inherit="true" allowForAll="false" name="authors">
            <users/>
            <groups/>
        </role>
        <role inherit="true" allowForAll="false" name="administrators">
            <users/>
            <groups/>
        </role>
        <role inherit="false" allowForAll="false" name="denyReaders">
            <users/>
            <groups/>
        </role>
        <role inherit="false" allowForAll="false" name="denyAuthors">
            <users/>
            <groups/>
        </role>
        <role inherit="false" allowForAll="false" name="denyAdministrators">
            <users/>
            <groups/>
        </role>
    </roleMap>
</contentHaul>
