<?xml version="1.0" encoding="UTF-8" standalone="yes"?>
<contentHaul xmlns:a="http://www.appian.com/ae/types/2009">
    <rule>
        <name>UAP_pg_milestoneDuration</name>
        <uuid>_a-0000def2-cb5b-8000-9ba2-011c48011c48_238753</uuid>
        <description>Paging grid to display information on milestone duration</description>
        <parentUuid>_a-0000deb5-0bcc-8000-9ba2-011c48011c48_218266</parentUuid>
        <visibility>
            <advertise>false</advertise>
            <hierarchy>true</hierarchy>
            <indexable>true</indexable>
            <quota>false</quota>
            <searchable>true</searchable>
            <system>false</system>
            <unlogged>false</unlogged>
        </visibility>
        <definition>load(
  local!majorFilter,
  local!collegeFilter,
  local!concentrationFilter,
  local!degreeFilter,
  local!pagingInfo: #"SYSTEM_SYSRULES_pagingInfo"(
    startIndex: 1,
    batchSize: -1,
    sort: #"SYSTEM_SYSRULES_sortInfo"(
      field: "term",
      ascending: true
    )
  ),
  local!termFilter,
  local!datasubset: #"_a-0000def2-cb5b-8000-9ba2-011c48011c48_237984"(
    returnAll: true,
    pagingInfo: local!pagingInfo
  ),
  #"SYSTEM_SYSRULES_gridField"(
    totalCount: local!datasubset.totalCount,
    value: local!pagingInfo,
    saveInto: {
      local!pagingInfo,
      a!save(
        local!datasubset,
        #"_a-0000def2-cb5b-8000-9ba2-011c48011c48_237984"(
          collegeCode: local!collegeFilter,
          majorCode: local!majorFilter,
          concentrationCode: local!concentrationFilter,
          degreeCode: local!degreeFilter,
          pagingInfo: local!pagingInfo,
          returnAll: true
        )
      )
    },
    columns: {
      #"SYSTEM_SYSRULES_gridTextColumn"(
        label: "College",
        field: "collegeDisplayName",
        data: index(
          local!datasubset.data,
          "collegeDisplayName",
          {}
        )
      ),
      #"SYSTEM_SYSRULES_gridTextColumn"(
        label: "Major",
        field: "majorName",
        data: index(
          local!datasubset.data,
          "majorName",
          {}
        )
      ),
      #"SYSTEM_SYSRULES_gridTextColumn"(
        label: "Concentration",
        field: "concentrationName",
        data: index(
          local!datasubset.data,
          "concentrationName",
          {}
        )
      ),
      #"SYSTEM_SYSRULES_gridTextColumn"(
        label: "Degree",
        field: "degreeName",
        data: index(
          local!datasubset.data,
          "degreeName",
          {}
        )
      ),
      #"SYSTEM_SYSRULES_gridTextColumn"(
        label: "Term",
        field: "term",
        data: apply(
          #"_a-0000def2-cb5b-8000-9ba2-011c48011c48_238367"(
            _
          ),
          index(
            local!datasubset.data,
            "term",
            {}
          )
        )
      ),
      #"SYSTEM_SYSRULES_gridTextColumn"(
        label: "Degree",
        field: "degreeName",
        data: index(
          local!datasubset.data,
          "degreeName",
          {}
        )
      ),
    }
  )
)</definition>
        <metadataExpr></metadataExpr>
        <preferredEditor>interface</preferredEditor>
        <offlineEnabled>false</offlineEnabled>
    </rule>
    <roleMap public="true">
        <role inherit="true" allowForAll="false" name="readers">
            <users/>
            <groups/>
        </role>
        <role inherit="true" allowForAll="false" name="authors">
            <users/>
            <groups/>
        </role>
        <role inherit="true" allowForAll="false" name="administrators">
            <users/>
            <groups/>
        </role>
        <role inherit="false" allowForAll="false" name="denyReaders">
            <users/>
            <groups/>
        </role>
        <role inherit="false" allowForAll="false" name="denyAuthors">
            <users/>
            <groups/>
        </role>
        <role inherit="false" allowForAll="false" name="denyAdministrators">
            <users/>
            <groups/>
        </role>
    </roleMap>
</contentHaul>
