<?xml version="1.0" encoding="UTF-8" standalone="yes"?>
<contentHaul xmlns:a="http://www.appian.com/ae/types/2009">
    <rule>
        <name>UAP_f_viewApplicantDocuments</name>
        <uuid>_a-0000df16-9c51-8000-9ba2-011c48011c48_252562</uuid>
        <description>interface to download the merged PDF and the "Other" zip file</description>
        <parentUuid>_a-0000deb5-0bcc-8000-9ba2-011c48011c48_218266</parentUuid>
        <visibility>
            <advertise>false</advertise>
            <hierarchy>true</hierarchy>
            <indexable>true</indexable>
            <quota>false</quota>
            <searchable>true</searchable>
            <system>false</system>
            <unlogged>false</unlogged>
        </visibility>
        <definition>load
(
  local!pagingInfo:
  #"SYSTEM_SYSRULES_pagingInfo"
  (
    startIndex: 1,
    batchSize: 100,
    sort:
    #"SYSTEM_SYSRULES_sortInfo"
    (
      field: "modifiedDate",
      ascending: true
    )
  ),
  #"SYSTEM_SYSRULES_formLayout_v1"(
    label: "Download Merged Documents for " &amp; ri!graduateApplication.firstName &amp; " " &amp; ri!graduateApplication.lastName &amp; " (" &amp; ri!graduateApplication.uNumber&amp;")",
    instructions: "All documents that were able to merge will be in a consolidated PDF that you can download below. If any documents were unable to merge, they are available to download as a zip file. Download all documents, and then click Done. Once you click Done, you will not be able to view this PDF again without downloading it first. Make sure to download the file locally before clicking Done.",
    contents: {
      
      #"_a-0000dee0-8e2c-8000-9ba2-011c48011c48_232802"(
        datasubset: ri!metaDataDS,
        pagingInfo: local!pagingInfo,
        
        /*Stubbed as of 7/11/17*/
        uNumber: #"_a-0000df16-9c51-8000-9ba2-011c48011c48_253050"(graduateApplication: ri!graduateApplication)
      ),
      
      #"_a-0000df16-9c51-8000-9ba2-011c48011c48_253069"
      (
        mergedDocument: ri!mergedDocument, 
        otherZip: ri!otherZip
      )
    },
    buttons: #"SYSTEM_SYSRULES_ButtonLayout"(
      primaryButtons: #"SYSTEM_SYSRULES_ButtonWidgetSubmit"(
        label: "Done"
      )
    )
  )
)</definition>
        <namedTypedValue>
            <name>graduateApplication</name>
            <type>
                <name>UAP_v_graduateApplication</name>
                <namespace>urn:com:appian:types:UAP</namespace>
            </type>
        </namedTypedValue>
        <namedTypedValue>
            <name>mergedDocument</name>
            <type>
                <name>CollaborationDocument</name>
                <namespace>http://www.appian.com/ae/types/2009</namespace>
            </type>
        </namedTypedValue>
        <namedTypedValue>
            <name>metaDataDS</name>
            <type>
                <name>DataSubset</name>
                <namespace>http://www.appian.com/ae/types/2009</namespace>
            </type>
        </namedTypedValue>
        <namedTypedValue>
            <name>otherZip</name>
            <type>
                <name>CollaborationDocument</name>
                <namespace>http://www.appian.com/ae/types/2009</namespace>
            </type>
        </namedTypedValue>
        <metadataExpr></metadataExpr>
        <preferredEditor>interface</preferredEditor>
        <offlineEnabled>false</offlineEnabled>
    </rule>
    <roleMap public="true">
        <role inherit="true" allowForAll="false" name="readers">
            <users/>
            <groups/>
        </role>
        <role inherit="true" allowForAll="false" name="authors">
            <users/>
            <groups/>
        </role>
        <role inherit="true" allowForAll="false" name="administrators">
            <users>
                <userUuid>U03434620</userUuid>
            </users>
            <groups/>
        </role>
        <role inherit="false" allowForAll="false" name="denyReaders">
            <users/>
            <groups/>
        </role>
        <role inherit="false" allowForAll="false" name="denyAuthors">
            <users/>
            <groups/>
        </role>
        <role inherit="false" allowForAll="false" name="denyAdministrators">
            <users/>
            <groups/>
        </role>
    </roleMap>
    <typedValue>
        <type>
            <name>RuleTestConfig?list</name>
            <namespace>http://www.appian.com/ae/types/2009</namespace>
        </type>
        <value>
            <el>
                <a:name/>
                <a:ruleInputTestConfigs>
                    <a:value xmlns:xsi="http://www.w3.org/2001/XMLSchema-instance" xsi:type="a:Expression">#"_a-0000deb5-0bcc-8000-9ba2-011c48011c48_219299"
(
applicationId: 1234,
returnCdt: true
)</a:value>
                    <a:nameRef>graduateApplication</a:nameRef>
                    <a:id/>
                </a:ruleInputTestConfigs>
                <a:ruleInputTestConfigs>
                    <a:value xmlns:xsi="http://www.w3.org/2001/XMLSchema-instance" xsi:type="a:CollaborationDocument">_a-0000d298-d4ea-8000-2561-680000680000_2767</a:value>
                    <a:nameRef>mergedDocument</a:nameRef>
                    <a:id/>
                </a:ruleInputTestConfigs>
                <a:ruleInputTestConfigs>
                    <a:value xmlns:xsi="http://www.w3.org/2001/XMLSchema-instance" xsi:type="a:Expression">todatasubset(
  #"_a-0000def2-cb5b-8000-9ba2-011c48011c48_236848"( 
    uNumber: "U99770829",
    pagingInfo: #"SYSTEM_SYSRULES_pagingInfo"(
      startIndex: 1,
      batchSize: 100,
      sort: #"SYSTEM_SYSRULES_sortInfo"(
        field: "documentType",
        ascending: true
      )
    )
  ),
  #"SYSTEM_SYSRULES_pagingInfo"(
    startIndex: 1,
    batchSize: 10,
    sort: #"SYSTEM_SYSRULES_sortInfo"(
      field: "documentType",
      ascending: true
    )
  )
)</a:value>
                    <a:nameRef>metaDataDS</a:nameRef>
                    <a:id/>
                </a:ruleInputTestConfigs>
                <a:ruleInputTestConfigs>
                    <a:value xmlns:xsi="http://www.w3.org/2001/XMLSchema-instance" xsi:type="a:CollaborationDocument">_a-0000d298-d4ea-8000-2561-680000680000_2767</a:value>
                    <a:nameRef>otherZip</a:nameRef>
                    <a:id/>
                </a:ruleInputTestConfigs>
                <a:assertions xmlns:xsi="http://www.w3.org/2001/XMLSchema-instance" xsi:nil="true"/>
            </el>
        </value>
    </typedValue>
</contentHaul>
