<?xml version="1.0" encoding="UTF-8" standalone="yes"?>
<contentHaul xmlns:a="http://www.appian.com/ae/types/2009">
    <rule>
        <name>UAP_getImmediateFollowingTerm</name>
        <uuid>_a-0000df16-9c51-8000-9ba2-011c48011c48_252396</uuid>
        <description>Given a specific term, return the next immediate term</description>
        <parentUuid>_a-0000deb5-0bcc-8000-9ba2-011c48011c48_218267</parentUuid>
        <visibility>
            <advertise>false</advertise>
            <hierarchy>true</hierarchy>
            <indexable>true</indexable>
            <quota>false</quota>
            <searchable>true</searchable>
            <system>false</system>
            <unlogged>false</unlogged>
        </visibility>
        <definition>with(
  local!today: #"_a-0000df16-9c51-8000-9ba2-011c48011c48_252365"(inputTerm: ri!term),
  
  /*Return the year*/
  local!year:
  if
  (
    month(local!today) &gt;= 8,
    
    /*If the month is past april, use the next year*/
    year(local!today) + 1,
    
    year(local!today)
  ),
  
  /*Get the month of the next term*/
  local!month:
  if
  (
    /*If it's past april, go on to next year*/
    month(local!today) &gt;= 8,
    1,
    
    if
    (
      month(local!today) &gt;= 5,
      8,
      5
    )
  ),
  local!year&amp;"0"&amp;local!month
)</definition>
        <namedTypedValue>
            <name>term</name>
            <type>
                <name>string</name>
                <namespace>http://www.w3.org/2001/XMLSchema</namespace>
            </type>
            <value/>
        </namedTypedValue>
        <preferredEditor>legacy</preferredEditor>
        <offlineEnabled>false</offlineEnabled>
    </rule>
    <roleMap public="true">
        <role inherit="true" allowForAll="false" name="readers">
            <users/>
            <groups/>
        </role>
        <role inherit="true" allowForAll="false" name="authors">
            <users/>
            <groups/>
        </role>
        <role inherit="true" allowForAll="false" name="administrators">
            <users/>
            <groups/>
        </role>
        <role inherit="false" allowForAll="false" name="denyReaders">
            <users/>
            <groups/>
        </role>
        <role inherit="false" allowForAll="false" name="denyAuthors">
            <users/>
            <groups/>
        </role>
        <role inherit="false" allowForAll="false" name="denyAdministrators">
            <users/>
            <groups/>
        </role>
    </roleMap>
</contentHaul>
