<?xml version="1.0" encoding="UTF-8" standalone="yes"?>
<contentHaul xmlns:a="http://www.appian.com/ae/types/2009">
    <rule>
        <name>UAP_formatTermForReading</name>
        <uuid>_a-0000def2-cb5b-8000-9ba2-011c48011c48_238367</uuid>
        <description>Formats the term from banner in a way such that it can be read by the user (e.g. Fall 2016)</description>
        <parentUuid>_a-0000deb5-0bcc-8000-9ba2-011c48011c48_218267</parentUuid>
        <visibility>
            <advertise>false</advertise>
            <hierarchy>true</hierarchy>
            <indexable>true</indexable>
            <quota>false</quota>
            <searchable>true</searchable>
            <system>false</system>
            <unlogged>false</unlogged>
        </visibility>
        <definition>with&#xD;
(&#xD;
  local!month: right(ri!inputTerm, 2),&#xD;
  &#xD;
  local!year: left(ri!inputTerm, 4),&#xD;
  &#xD;
  /*month code*/&#xD;
  if&#xD;
  (&#xD;
    #"_a-0000d62a-67b3-8000-da6f-010000010000_950"(ri!inputTerm),&#xD;
    null,&#xD;
    if&#xD;
    (&#xD;
      local!month = "01",&#xD;
      #"_a-0000def2-cb5b-8000-9ba2-011c48011c48_238321",&#xD;
      if&#xD;
      (&#xD;
        local!month = "05",&#xD;
        #"_a-0000def2-cb5b-8000-9ba2-011c48011c48_238322",&#xD;
        #"_a-0000def2-cb5b-8000-9ba2-011c48011c48_238323"&#xD;
      )&#xD;
    )&#xD;
    &amp;&#xD;
    " "&#xD;
    &amp;&#xD;
    local!year&#xD;
  )&#xD;
)</definition>
        <namedTypedValue>
            <name>inputTerm</name>
            <type>
                <name>string</name>
                <namespace>http://www.w3.org/2001/XMLSchema</namespace>
            </type>
            <value/>
        </namedTypedValue>
        <preferredEditor>legacy</preferredEditor>
        <offlineEnabled>false</offlineEnabled>
    </rule>
    <roleMap public="true">
        <role inherit="true" allowForAll="false" name="readers">
            <users/>
            <groups/>
        </role>
        <role inherit="true" allowForAll="false" name="authors">
            <users/>
            <groups/>
        </role>
        <role inherit="true" allowForAll="false" name="administrators">
            <users/>
            <groups/>
        </role>
        <role inherit="false" allowForAll="false" name="denyReaders">
            <users/>
            <groups/>
        </role>
        <role inherit="false" allowForAll="false" name="denyAuthors">
            <users/>
            <groups/>
        </role>
        <role inherit="false" allowForAll="false" name="denyAdministrators">
            <users/>
            <groups/>
        </role>
    </roleMap>
</contentHaul>
