<?xml version="1.0" encoding="UTF-8" standalone="yes"?>
<contentHaul xmlns:a="http://www.appian.com/ae/types/2009">
    <rule>
        <name>UAP_updateGraduateApplication</name>
        <uuid>_a-0000defe-bf54-8000-9ba2-011c48011c48_243298</uuid>
        <description>update the graduate application CDT with a type constructor</description>
        <parentUuid>_a-0000deb5-0bcc-8000-9ba2-011c48011c48_218267</parentUuid>
        <visibility>
            <advertise>false</advertise>
            <hierarchy>true</hierarchy>
            <indexable>true</indexable>
            <quota>false</quota>
            <searchable>true</searchable>
            <system>false</system>
            <unlogged>false</unlogged>
        </visibility>
        <definition>'type!{urn:com:appian:types:UAP}UAP_graduateApplication'(
  applicationId: ri!graduateApplication.applicationId,
  referenceNumber: ri!graduateApplication.referenceNumber,
  term: ri!graduateApplication.term,
  studentType: ri!graduateApplication.studentType,
  uNumber: ri!graduateApplication.uNumber,
  firstName: ri!graduateApplication.firstName,
  middleName: ri!graduateApplication.middleName,
  lastName: ri!graduateApplication.lastName,
  address1: ri!graduateApplication.address1,
  address2: ri!graduateApplication.address2,
  city: ri!graduateApplication.city,
  state: ri!graduateApplication.state,
  country: ri!graduateApplication.country,
  zip: ri!graduateApplication.zip,
  phoneNumber: ri!graduateApplication.phoneNumber,
  email: ri!graduateApplication.email,
  appSubmittedOn: ri!graduateApplication.appSubmittedOn,
  campus: ri!graduateApplication.campus,
  college: ri!graduateApplication.college,
  school: ri!graduateApplication.school,
  department: ri!graduateApplication.department,
  degree: ri!graduateApplication.degree,
  gpa: ri!graduateApplication.gpa,
  isInternational: ri!graduateApplication.isInternational,
  majorCode: ri!graduateApplication.majorCode,
  isFeePaid: ri!graduateApplication.isFeePaid,
  hasTranscript: ri!graduateApplication.hasTranscript,
  hasTestScores: ri!graduateApplication.hasTestScores,
  hasResume: ri!graduateApplication.hasResume,
  hasStatementOfPurpose: ri!graduateApplication.hasStatementOfPurpose,
  hasRecLetter1: ri!graduateApplication.hasRecLetter1,
  hasRecLetter2: ri!graduateApplication.hasRecLetter2,
  hasRecLetter3: ri!graduateApplication.hasRecLetter3,
  hasSupplemental: ri!graduateApplication.hasSupplemental,
  hasOfficialTranscript: ri!graduateApplication.hasOfficialTranscript,
  hasOfficialTestScores: ri!graduateApplication.hasOfficialTestScores,
  concentrationCode: ri!graduateApplication.concentrationCode,
  applicationNumber: ri!graduateApplication.applicationNumber,
  isEnglishProficient: ri!graduateApplication.isEnglishProficient,
  isEnglishProficientOn: ri!graduateApplication.isEnglishProficientOn,
  isEnglishProficientBy: ri!graduateApplication.isEnglishProficientBy,
  isClearedForConduct: ri!graduateApplication.isClearedForConduct,
  isClearedForConductOn: ri!graduateApplication.isClearedForConductOn,
  isClearedForConductBy: ri!graduateApplication.isClearedForConductBy,
  applicationDecision: if(
    ri!isGAC,
    ri!decision,
    ri!graduateApplication.applicationDecision
  ),
  applicationDecisionDate: if(
    ri!isGAC,
    now(),
    ri!graduateApplication.applicationDecisionDate
  ),
  isRG: ri!graduateApplication.isRG,
  citizenshipCode: ri!graduateApplication.citizenshipCode,
  isRgOn: ri!graduateApplication.isRgOn,
  transferGpa: ri!graduateApplication.transferGpa,
  overallGpa: ri!graduateApplication.overallGpa,
  newTermApplicationId: ri!graduateApplication.newTermApplicationId,
  originalTerm: ri!graduateApplication.originalTerm
)</definition>
        <namedTypedValue>
            <name>graduateApplication</name>
            <type>
                <name>UAP_graduateApplication</name>
                <namespace>urn:com:appian:types:UAP</namespace>
            </type>
        </namedTypedValue>
        <namedTypedValue>
            <name>isGAC</name>
            <type>
                <name>boolean</name>
                <namespace>http://www.w3.org/2001/XMLSchema</namespace>
            </type>
        </namedTypedValue>
        <namedTypedValue>
            <name>decision</name>
            <type>
                <name>string</name>
                <namespace>http://www.w3.org/2001/XMLSchema</namespace>
            </type>
            <value/>
        </namedTypedValue>
        <preferredEditor>legacy</preferredEditor>
        <offlineEnabled>false</offlineEnabled>
    </rule>
    <roleMap public="true">
        <role inherit="true" allowForAll="false" name="readers">
            <users/>
            <groups/>
        </role>
        <role inherit="true" allowForAll="false" name="authors">
            <users/>
            <groups/>
        </role>
        <role inherit="true" allowForAll="false" name="administrators">
            <users/>
            <groups/>
        </role>
        <role inherit="false" allowForAll="false" name="denyReaders">
            <users/>
            <groups/>
        </role>
        <role inherit="false" allowForAll="false" name="denyAuthors">
            <users/>
            <groups/>
        </role>
        <role inherit="false" allowForAll="false" name="denyAdministrators">
            <users/>
            <groups/>
        </role>
    </roleMap>
</contentHaul>
