<?xml version="1.0" encoding="UTF-8" standalone="yes"?>
<contentHaul xmlns:a="http://www.appian.com/ae/types/2009">
    <rule>
        <name>UAP_f_application</name>
        <uuid>_a-0000deb5-0bcc-8000-9ba2-011c48011c48_219805</uuid>
        <description>This form allows the user to update the application record</description>
        <parentUuid>_a-0000deb5-0bcc-8000-9ba2-011c48011c48_218266</parentUuid>
        <visibility>
            <advertise>false</advertise>
            <hierarchy>true</hierarchy>
            <indexable>true</indexable>
            <quota>false</quota>
            <searchable>true</searchable>
            <system>false</system>
            <unlogged>false</unlogged>
        </visibility>
        <definition>load(
  local!loggedInUser: loggedInUser(),
  local!modifyValue: #"_a-0000defe-bf54-8000-9ba2-011c48011c48_242441",
  /*Only directors and designees can update program/term*/
  local!canModifyApplication: isusermemberofgroups(
    local!loggedInUser,
    tointeger(
      {
        #"_a-0000deb5-0bcc-8000-9ba2-011c48011c48_219197",
        #"_a-0000deb5-0bcc-8000-9ba2-011c48011c48_219367"
      }
    )
  ),
  local!referenceList: #"_a-0000deb5-0bcc-8000-9ba2-011c48011c48_219272"(
    refType: {
      #"_a-0000dec3-7017-8000-9ba2-011c48011c48_224619",
      #"_a-0000decc-9caf-8000-9ba2-011c48011c48_225896"
    },
    returnAll: true,
    returnCdt: true,
    pagingInfo: #"SYSTEM_SYSRULES_pagingInfo"(
      startIndex: 1,
      batchSize: - 1,
      sort: #"SYSTEM_SYSRULES_sortInfo"(
        field: "displayOrder",
        ascending: true
      )
    )
  ),
  local!statusList: #"_a-0000deb5-0bcc-8000-9ba2-011c48011c48_219282"(
    referenceList: local!referenceList,
    refType: #"_a-0000decc-9caf-8000-9ba2-011c48011c48_225896"
  ),
  local!requirementList: #"_a-0000deb5-0bcc-8000-9ba2-011c48011c48_219282"(
    referenceList: local!referenceList,
    refType: #"_a-0000dec3-7017-8000-9ba2-011c48011c48_224619"
  ),
  local!requirementIndices: {
    /*Transcript - GAC*/
    isusermemberofgroups(
      local!loggedInUser,
      tointeger(
        {
          #"_a-0000deb5-0bcc-8000-9ba2-011c48011c48_220117",
          #"_a-0000deb5-0bcc-8000-9ba2-011c48011c48_219197",
          #"_a-0000deb5-0bcc-8000-9ba2-011c48011c48_219367"
        }
      )
    ),
    /*GPA*/
    /*isusermemberofgroups(*/
    /*local!loggedInUser,*/
    /*tointeger(*/
    /*{*/
    /*cons!UAP_GRP_GRADUATE_ADMISSIONS_COORDINATOR,*/
    /*cons!UAP_GRP_PROGRAM_DIRECTORS,*/
    /*cons!UAP_GRP_COLLEGE_DESIGNEES*/
    /*}*/
    /*)*/
    /*),*/
    /*Test Scores - GAC, Program Director, Designee*/
    isusermemberofgroups(
      local!loggedInUser,
      tointeger(
        {
          #"_a-0000deb5-0bcc-8000-9ba2-011c48011c48_220117",
          #"_a-0000deb5-0bcc-8000-9ba2-011c48011c48_219197",
          #"_a-0000deb5-0bcc-8000-9ba2-011c48011c48_219367"
        }
      )
    ),
    /*Resume - GAC, Program Director, Designee*/
    isusermemberofgroups(
      local!loggedInUser,
      tointeger(
        {
          #"_a-0000deb5-0bcc-8000-9ba2-011c48011c48_220117",
          #"_a-0000deb5-0bcc-8000-9ba2-011c48011c48_219197",
          #"_a-0000deb5-0bcc-8000-9ba2-011c48011c48_219367"
        }
      )
    ),
    /*Statement of Purpose - GAC, Program Director, Designee*/
    isusermemberofgroups(
      local!loggedInUser,
      tointeger(
        {
          #"_a-0000deb5-0bcc-8000-9ba2-011c48011c48_220117",
          #"_a-0000deb5-0bcc-8000-9ba2-011c48011c48_219197",
          #"_a-0000deb5-0bcc-8000-9ba2-011c48011c48_219367"
        }
      )
    ),
    /*LoR 1 - GAC, Program Director, Designee*/
    isusermemberofgroups(
      local!loggedInUser,
      tointeger(
        {
          #"_a-0000deb5-0bcc-8000-9ba2-011c48011c48_220117",
          #"_a-0000deb5-0bcc-8000-9ba2-011c48011c48_219197",
          #"_a-0000deb5-0bcc-8000-9ba2-011c48011c48_219367"
        }
      )
    ),
    /*LoR 2 - GAC, Program Director, Designee*/
    isusermemberofgroups(
      local!loggedInUser,
      tointeger(
        {
          #"_a-0000deb5-0bcc-8000-9ba2-011c48011c48_220117",
          #"_a-0000deb5-0bcc-8000-9ba2-011c48011c48_219197",
          #"_a-0000deb5-0bcc-8000-9ba2-011c48011c48_219367"
        }
      )
    ),
    /*LoR 3 - GAC, Program Director, Designee*/
    isusermemberofgroups(
      local!loggedInUser,
      tointeger(
        {
          #"_a-0000deb5-0bcc-8000-9ba2-011c48011c48_220117",
          #"_a-0000deb5-0bcc-8000-9ba2-011c48011c48_219197",
          #"_a-0000deb5-0bcc-8000-9ba2-011c48011c48_219367"
        }
      )
    ),
    /*Supplemental***********************************************Who can verify this?*/
    isusermemberofgroups(
      local!loggedInUser,
      tointeger(
        {
          #"_a-0000deb5-0bcc-8000-9ba2-011c48011c48_220117",
          #"_a-0000deb5-0bcc-8000-9ba2-011c48011c48_219197",
          #"_a-0000deb5-0bcc-8000-9ba2-011c48011c48_219367"
        }
      )
    ),
    /*English Proficiency - GAC*/
    /*isusermemberofgroups(local!loggedInUser, tointeger({cons!UAP_GRP_GRADUATE_ADMISSIONS_COORDINATOR})),*/
    false,
    /*Conduct Clearance - GAC*/
    /*isusermemberofgroups(local!loggedInUser, tointeger({cons!UAP_GRP_GRADUATE_ADMISSIONS_COORDINATOR}))*/
    false,
    
  },
  local!choiceLabels: index(
    local!requirementList.displayValue,
    where(
      local!requirementIndices
    )
  ),
  local!choiceValues: index(
    tointeger(
      local!requirementList.code
    ),
    where(
      local!requirementIndices
    )
  ),
  local!gradAppOnLoad: #"_a-0000deb5-0bcc-8000-9ba2-011c48011c48_219299"(
    applicationId: ri!gradAppDetail.applicationId,
    returnCdt: true
  ),
  local!gradApp: local!gradAppOnLoad,
  local!transcriptProvided: not(
    or(
      #"_a-0000d62a-67b3-8000-da6f-010000010000_950"(
        local!gradApp.transcript
      ),
      local!gradApp.transcript = 0
    )
  ),
  local!gpaProvided: not(
    or(
      #"_a-0000d62a-67b3-8000-da6f-010000010000_950"(
        local!gradApp.gpaVerification
      ),
      local!gradApp.gpaVerification = 0
    )
  ),
  local!testScoresProvided: not(
    or(
      #"_a-0000d62a-67b3-8000-da6f-010000010000_950"(
        local!gradApp.testScores
      ),
      local!gradApp.testScores = 0
    )
  ),
  local!resumeProvided: not(
    or(
      #"_a-0000d62a-67b3-8000-da6f-010000010000_950"(
        local!gradApp.resume
      ),
      local!gradApp.resume = 0
    )
  ),
  local!statementOfPurposeProvided: not(
    or(
      #"_a-0000d62a-67b3-8000-da6f-010000010000_950"(
        local!gradApp.statementOfPurpose
      ),
      local!gradApp.statementOfPurpose = 0
    )
  ),
  local!recLetterOneProvided: not(
    or(
      #"_a-0000d62a-67b3-8000-da6f-010000010000_950"(
        local!gradApp.recLetter1
      ),
      local!gradApp.recLetter1 = 0
    )
  ),
  local!recLetterTwoProvided: not(
    or(
      #"_a-0000d62a-67b3-8000-da6f-010000010000_950"(
        local!gradApp.recLetter2
      ),
      local!gradApp.recLetter2 = 0
    )
  ),
  local!recLetterThreeProvided: not(
    or(
      #"_a-0000d62a-67b3-8000-da6f-010000010000_950"(
        local!gradApp.recLetter3
      ),
      local!gradApp.recLetter3 = 0
    )
  ),
  local!supplementalProvided: not(
    or(
      #"_a-0000d62a-67b3-8000-da6f-010000010000_950"(
        local!gradApp.supplemental
      ),
      local!gradApp.supplemental = 0
    )
  ),
  local!englishProvided: index(
    local!gradApp.isEnglishProficient,
    1,
    null
  ),
  local!conductProvided: index(
    local!gradApp.isClearedForConduct,
    1,
    null
  ),
  local!verifiedList: intersection(
    tointeger(
      where(
        {
          ri!gradAppDetail.verifiedTranscript,
          ri!gradAppDetail.verifiedTestScores,
          ri!gradAppDetail.verifiedResume,
          ri!gradAppDetail.verifiedStatementOfPurpose,
          ri!gradAppDetail.verifiedRecLetter1,
          ri!gradAppDetail.verifiedRecLetter2,
          ri!gradAppDetail.verifiedRecLetter3,
          ri!gradAppDetail.verifiedSupplemental/*ri!gradAppDetail.isEnglishProficient,*/
          /*ri!gradAppDetail.isClearedForConduct */
          
        }
      )
    ),
    where(
      local!requirementIndices
    )
  ),
  local!level3: #"_a-0000deb5-0bcc-8000-9ba2-011c48011c48_218352"(
    id: local!gradApp.levelThreeId,
    pagingInfo: #"SYSTEM_SYSRULES_pagingInfo"(
      1,
      1
    ),
    returnCdt: true
  ),
  local!showAll: false,
  local!testScore,
  /*Get eligible terms*/
  local!termList: if(
    #"_a-0000d62a-67b3-8000-da6f-010000010000_951"(
      local!gradApp.originalTerm
    ),
    #"2b764373-c393-4f24-a4ef-ef26707530ec"(
      inputTerm: local!gradApp.term
    ),
    #"2b764373-c393-4f24-a4ef-ef26707530ec"(
      inputTerm: local!gradApp.originalTerm
    )
  ),
  /*apply*/
  /*(*/
  /*rule!UAP_formatTermForFilter(_),*/
  /*rule!UAP_returnFutureTerms()*/
  /*),*/
  /*  */
  local!collegeList,
  local!levelOneId,
  local!majorList,
  local!levelTwoId,
  local!majorListName,
  local!majorDisplayList,
  local!majorValueList,
  local!concentration,
  local!concentrationDropdown,
  local!concentrationListName,
  local!degreeList,
  /*User to limit queries on modify radiobutton*/
  local!collegeListInitial,
  local!levelOneIdInitial,
  local!majorListInitial,
  local!levelTwoIdInitial,
  local!majorListNameInitial,
  local!majorDisplayListInitial,
  local!majorValueListInitial,
  local!concentrationInitial,
  local!concentrationDropdownInitial,
  local!concentrationListNameInitial,
  local!degreeListInitial,
  #"SYSTEM_SYSRULES_formLayout"(
    label: ri!formLabel,
    instructions: #"_a-0000decc-9caf-8000-9ba2-011c48011c48_224946",
    firstColumnContents: {
      #"_a-0000def2-cb5b-8000-9ba2-011c48011c48_238879"(
        graduateApplication: local!gradApp,
        testScore: local!testScore
      ),
      #"SYSTEM_SYSRULES_sectionLayout"(
        firstColumnContents: {
          #"SYSTEM_SYSRULES_textField"(
            label: "Applicant",
            labelPosition: "ADJACENT",
            readOnly: true,
            value: index(
              local!gradApp,
              "firstName",
              null
            ) &amp; " " &amp; index(
              local!gradApp,
              "lastName",
              null
            )
          ),
          
          #"_a-0000defe-bf54-8000-9ba2-011c48011c48_242496"(
            termList: local!termList,
            gradApp: local!gradApp,
            modifyValue: local!modifyValue
          ),
          #"_a-0000defe-bf54-8000-9ba2-011c48011c48_242535"(
            gradApp: local!gradApp,
            modifyValue: local!modifyValue,
            collegeList: local!collegeList,
            levelOneId: local!levelOneId,
            majorList: local!majorList,
            levelTwoId: local!levelTwoId,
            majorListName: local!majorListName,
            majorDisplayList: local!majorDisplayList,
            majorValueList: local!majorValueList,
            concentration: local!concentration,
            concentrationDropdown: local!concentrationDropdown,
            concentrationListName: local!concentrationListName,
            degreeList: local!degreeList
          ),
          if(
            local!canModifyApplication,
            /*Only Directors and Designees can modify program/term*/
            #"SYSTEM_SYSRULES_radioButtonField"(
              label: "Modify",
              labelPosition: "ADJACENT",
              choiceLayout: "COMPACT",
              choiceLabels: {
                #"_a-0000defe-bf54-8000-9ba2-011c48011c48_242441",
                #"_a-0000defe-bf54-8000-9ba2-011c48011c48_242442",
                #"_a-0000defe-bf54-8000-9ba2-011c48011c48_242443"
              },
              choiceValues: {
                #"_a-0000defe-bf54-8000-9ba2-011c48011c48_242441",
                #"_a-0000defe-bf54-8000-9ba2-011c48011c48_242442",
                #"_a-0000defe-bf54-8000-9ba2-011c48011c48_242443"
              },
              value: local!modifyValue,
              saveInto: {
                local!modifyValue,
                a!save(
                  local!gradApp.college,
                  local!gradAppOnLoad.college
                ),
                a!save(
                  local!gradApp.majorCode,
                  local!gradAppOnLoad.majorCode
                ),
                a!save(
                  local!gradApp.concentrationCode,
                  local!gradAppOnLoad.concentrationCode
                ),
                a!save(
                  local!gradApp.degree,
                  local!gradAppOnLoad.degree
                ),
                a!save(
                  local!gradApp.term,
                  local!gradAppOnLoad.term
                ),
                
                if(
                  isnull(
                    local!degreeListInitial
                  ),
                  {
                    /*Get colleges*/
                    a!save(
                      local!collegeList,
                      #"_a-0000deb5-0bcc-8000-9ba2-011c48011c48_218345"(
                        returnCDT: true,
                        returnAll: true,
                        pagingInfo: #"SYSTEM_SYSRULES_pagingInfo"(
                          1,
                          100
                        )
                      )
                    ),
                    /*Save level1 id*/
                    a!save(
                      local!levelOneId,
                      displayValue(
                        local!gradApp.college,
                        local!collegeList.name,
                        local!collegeList.id,
                        null
                      )
                    ),
                    /*Get the level2 values*/
                    a!save(
                      local!majorList,
                      #"_a-0000deb5-0bcc-8000-9ba2-011c48011c48_218348"(
                        returnCDT: true,
                        returnAll: true,
                        pagingInfo: #"SYSTEM_SYSRULES_pagingInfo"(
                          startIndex: 1,
                          batchSize: 2000,
                          sort: #"SYSTEM_SYSRULES_sortInfo"(
                            field: "name",
                            ascending: true
                          )
                        )
                      )
                    ),
                    /*Concat name and code to make unique*/
                    a!save(
                      local!majorListName,
                      apply(
                        concat(
                          _,
                          "-",
                          _
                        ),
                        merge(
                          local!majorList.name,
                          local!majorList.code
                        )
                      )
                    ),
                    /*Get subset of major display names w/ correct level1 id*/
                    a!save(
                      local!majorDisplayList,
                      index(
                        local!majorListName,
                        where(
                          local!majorList.levelOneId = local!levelOneId
                        )
                      )
                    ),
                    /*Get subset of level2s w/ correct level1 id*/
                    a!save(
                      local!majorValueList,
                      index(
                        local!majorList,
                        where(
                          local!majorList.levelOneId = local!levelOneId
                        )
                      )
                    ),
                    /*Save the level2 id*/
                    if(
                      #"_a-0000d62a-67b3-8000-da6f-010000010000_950"(
                        local!gradApp.concentrationCode
                      ),
                      a!save(
                        local!levelTwoId,
                        index(
                          local!majorValueList.id,
                          intersection(
                            where(
                              local!majorValueList.levelOneId = local!levelOneId
                            ),
                            where(
                              local!gradApp.majorCode = local!majorValueList.code
                            ),
                            where(
                              apply(
                                fn!isnull(
                                  _
                                ),
                                local!majorValueList.concentrationCode
                              )
                            )
                          ),
                          null
                        )
                      ),
                      a!save(
                        local!levelTwoId,
                        index(
                          local!majorValueList.id,
                          intersection(
                            where(
                              apply(
                                fn!exact(
                                  local!levelOneId,
                                  _
                                ),
                                local!majorValueList.levelOneId
                              )
                            ),
                            where(
                              local!gradApp.majorCode = local!majorValueList.code
                            ),
                            where(
                              local!gradApp.concentrationCode = local!majorValueList.concentrationCode
                            )
                          ),
                          null
                        )
                      )
                    ),
                    /*Narrow concentration down to those that match selected major &amp; sort*/
                    a!save(
                      local!concentration,
                      todatasubset(
                        arrayToPage: index(
                          local!majorList,
                          intersection(
                            where(
                              local!majorList.levelOneId = local!levelOneId
                            ),
                            where(
                              local!gradApp.majorCode = local!majorList.code
                            )
                          )
                        ),
                        pagingConfiguration: #"SYSTEM_SYSRULES_pagingInfo"(
                          startIndex: 1,
                          batchSize: - 1,
                          sort: #"SYSTEM_SYSRULES_sortInfo"(
                            field: "concentration",
                            ascending: true
                          )
                        )
                      ).data
                    ),
                    /*If all concentration values are null, insert {None}*/
                    a!save(
                      local!concentrationDropdown,
                      if(
                        #"_a-0000d62a-67b3-8000-da6f-010000010000_950"(
                          local!gradApp.concentrationCode
                        ),
                        #"_a-0000dee0-8e2c-8000-9ba2-011c48011c48_232694",
                        local!gradApp.concentrationCode
                      )
                    ),
                    /*Concat name and code to make unique*/
                    a!save(
                      local!concentrationListName,
                      if(
                        or(
                          #"_a-0000d62a-67b3-8000-da6f-010000010000_951"(
                            local!concentration
                          ),
                          #"_a-0000d62a-67b3-8000-da6f-010000010000_951"(
                            local!concentration.concentrationCode
                          )
                        ),
                        {
                          #"_a-0000dee0-8e2c-8000-9ba2-011c48011c48_232694"
                        },
                        apply(
                          concat(
                            _,
                            "-",
                            _
                          ),
                          merge(
                            updateArray(
                              local!concentration.concentration,
                              where(
                                apply(
                                  fn!isnull,
                                  local!concentration.concentrationCode
                                )
                              ),
                              #"_a-0000dee0-8e2c-8000-9ba2-011c48011c48_232694"
                            ),
                            updateArray(
                              local!concentration.concentrationCode,
                              where(
                                apply(
                                  fn!isnull,
                                  local!concentration.concentrationCode
                                )
                              ),
                              #"_a-0000dee0-8e2c-8000-9ba2-011c48011c48_232694"
                            )
                          )
                        )
                      )
                    ),
                    /*Query for the level 3 values that match the level2 id*/
                    a!save(
                      local!degreeList,
                      #"_a-0000deb5-0bcc-8000-9ba2-011c48011c48_218352"(
                        returnCdt: true,
                        returnAll: true,
                        pagingInfo: #"SYSTEM_SYSRULES_pagingInfo"(
                          startIndex: 1,
                          batchSize: 2000,
                          sort: #"SYSTEM_SYSRULES_sortInfo"(
                            field: "typeName",
                            ascending: true
                          )
                        ),
                        levelTwoId: local!levelTwoId
                      )
                    ),
                    /*Save the values calculated above so you won't need to query on radioButton field again'*/
                    a!save(
                      local!collegeListInitial,
                      local!collegeList
                    ),
                    a!save(
                      local!levelOneIdInitial,
                      local!levelOneId
                    ),
                    a!save(
                      local!majorListInitial,
                      local!majorList
                    ),
                    a!save(
                      local!levelTwoIdInitial,
                      local!levelTwoId
                    ),
                    a!save(
                      local!majorListNameInitial,
                      local!majorListName
                    ),
                    a!save(
                      local!majorDisplayListInitial,
                      local!majorDisplayList
                    ),
                    a!save(
                      local!majorValueListInitial,
                      local!majorValueList
                    ),
                    a!save(
                      local!concentrationInitial,
                      local!concentration
                    ),
                    a!save(
                      local!concentrationDropdownInitial,
                      local!concentrationDropdown
                    ),
                    a!save(
                      local!concentrationListNameInitial,
                      local!concentrationListName
                    ),
                    a!save(
                      local!degreeListInitial,
                      local!degreeList
                    )
                  },
                  {}
                ),
                
                
                
                if(
                  local!modifyValue = #"_a-0000defe-bf54-8000-9ba2-011c48011c48_242442",
                  {
                    /*Load the values calculated above*/
                    a!save(
                      local!collegeList,
                      local!collegeListInitial
                    ),
                    a!save(
                      local!levelOneId,
                      local!levelOneIdInitial
                    ),
                    a!save(
                      local!majorList,
                      local!majorListInitial
                    ),
                    a!save(
                      local!levelTwoId,
                      local!levelTwoIdInitial
                    ),
                    a!save(
                      local!majorListName,
                      local!majorListNameInitial
                    ),
                    a!save(
                      local!majorDisplayList,
                      local!majorDisplayListInitial
                    ),
                    a!save(
                      local!majorValueList,
                      local!majorValueListInitial
                    ),
                    a!save(
                      local!concentration,
                      local!concentrationInitial
                    ),
                    a!save(
                      local!concentrationDropdown,
                      local!concentrationDropdownInitial
                    ),
                    a!save(
                      local!concentrationListName,
                      local!concentrationListNameInitial
                    ),
                    a!save(
                      local!degreeList,
                      local!degreeListInitial
                    )
                  },
                  {}
                )
              }
            ),
            {}
          )
        },
        secondColumnContents: {
          #"SYSTEM_SYSRULES_checkboxField"(
            label: "Requirement Verification",
            labelPosition: "ADJACENT",
            choiceLabels: local!choiceLabels,
            choiceValues: local!choiceValues,
            value: local!verifiedList,
            saveInto: {
              local!verifiedList,
              /*Transcript*/
              #"_a-0000dec3-7017-8000-9ba2-011c48011c48_224832"(
                requirementCode: #"_a-0000dec3-7017-8000-9ba2-011c48011c48_223313",
                verifiedBoolean: ri!gradAppDetail.verifiedTranscript,
                verifiedDateTime: ri!gradAppDetail.verifiedTranscriptOn,
                verifiedBy: ri!gradAppDetail.verifiedTranscriptBy,
                viewField: local!gradApp.transcript,
                previouslyProvided: local!transcriptProvided,
                verifiedList: local!verifiedList,
                requirementIndices: local!requirementIndices,
                loggedInUser: local!loggedInUser
              ),
              /*Test Scores*/
              #"_a-0000dec3-7017-8000-9ba2-011c48011c48_224832"(
                requirementCode: #"_a-0000dec3-7017-8000-9ba2-011c48011c48_223315",
                verifiedBoolean: ri!gradAppDetail.verifiedTestScores,
                verifiedDateTime: ri!gradAppDetail.verifiedTestScoresOn,
                verifiedBy: ri!gradAppDetail.verifiedTestScoresBy,
                viewField: local!gradApp.testScores,
                previouslyProvided: local!testScoresProvided,
                verifiedList: local!verifiedList,
                requirementIndices: local!requirementIndices,
                loggedInUser: local!loggedInUser
              ),
              /*Resume*/
              #"_a-0000dec3-7017-8000-9ba2-011c48011c48_224832"(
                requirementCode: #"_a-0000dec3-7017-8000-9ba2-011c48011c48_223319",
                verifiedBoolean: ri!gradAppDetail.verifiedResume,
                verifiedDateTime: ri!gradAppDetail.verifiedResumeOn,
                verifiedBy: ri!gradAppDetail.verifiedResumeBy,
                viewField: local!gradApp.resume,
                previouslyProvided: local!resumeProvided,
                verifiedList: local!verifiedList,
                requirementIndices: local!requirementIndices,
                loggedInUser: local!loggedInUser
              ),
              /*Statement of Purpose*/
              #"_a-0000dec3-7017-8000-9ba2-011c48011c48_224832"(
                requirementCode: #"_a-0000dec3-7017-8000-9ba2-011c48011c48_224630",
                verifiedBoolean: ri!gradAppDetail.verifiedStatementOfPurpose,
                verifiedDateTime: ri!gradAppDetail.verifiedStatementOfPurposeOn,
                verifiedBy: ri!gradAppDetail.verifiedStatementOfPurposeBy,
                viewField: local!gradApp.statementOfPurpose,
                previouslyProvided: local!statementOfPurposeProvided,
                verifiedList: local!verifiedList,
                requirementIndices: local!requirementIndices,
                loggedInUser: local!loggedInUser
              ),
              /*Rec Letter 1*/
              #"_a-0000dec3-7017-8000-9ba2-011c48011c48_224832"(
                requirementCode: #"_a-0000dec3-7017-8000-9ba2-011c48011c48_223327",
                verifiedBoolean: ri!gradAppDetail.verifiedRecLetter1,
                verifiedDateTime: ri!gradAppDetail.verifiedRecLetter1On,
                verifiedBy: ri!gradAppDetail.verifiedRecLetter1By,
                viewField: local!gradApp.recLetter1,
                previouslyProvided: local!recLetterOneProvided,
                verifiedList: local!verifiedList,
                requirementIndices: local!requirementIndices,
                loggedInUser: local!loggedInUser
              ),
              /*Rec Letter 2*/
              #"_a-0000dec3-7017-8000-9ba2-011c48011c48_224832"(
                requirementCode: #"_a-0000dec3-7017-8000-9ba2-011c48011c48_223328",
                verifiedBoolean: ri!gradAppDetail.verifiedRecLetter2,
                verifiedDateTime: ri!gradAppDetail.verifiedRecLetter2On,
                verifiedBy: ri!gradAppDetail.verifiedRecLetter2By,
                viewField: local!gradApp.recLetter2,
                previouslyProvided: local!recLetterTwoProvided,
                verifiedList: local!verifiedList,
                requirementIndices: local!requirementIndices,
                loggedInUser: local!loggedInUser
              ),
              /*Rec Letter 3*/
              #"_a-0000dec3-7017-8000-9ba2-011c48011c48_224832"(
                requirementCode: #"_a-0000dec3-7017-8000-9ba2-011c48011c48_223329",
                verifiedBoolean: ri!gradAppDetail.verifiedRecLetter3,
                verifiedDateTime: ri!gradAppDetail.verifiedRecLetter3On,
                verifiedBy: ri!gradAppDetail.verifiedRecLetter3By,
                viewField: local!gradApp.recLetter3,
                previouslyProvided: local!recLetterThreeProvided,
                verifiedList: local!verifiedList,
                requirementIndices: local!requirementIndices,
                loggedInUser: local!loggedInUser
              ),
              /*Supplemental*/
              #"_a-0000dec3-7017-8000-9ba2-011c48011c48_224832"(
                requirementCode: #"_a-0000dec3-7017-8000-9ba2-011c48011c48_223326",
                verifiedBoolean: ri!gradAppDetail.verifiedSupplemental,
                verifiedDateTime: ri!gradAppDetail.verifiedSupplementalOn,
                verifiedBy: ri!gradAppDetail.verifiedSupplementalBy,
                viewField: local!gradApp.supplemental,
                previouslyProvided: local!supplementalProvided,
                verifiedList: local!verifiedList,
                requirementIndices: local!requirementIndices,
                loggedInUser: local!loggedInUser
              ),
              /*English Proficiency verification*/
              if(
                contains(
                  where(
                    local!requirementIndices
                  ),
                  #"_a-0000dec3-7017-8000-9ba2-011c48011c48_224106"
                ),
                if(
                  contains(
                    tointeger(
                      local!verifiedList
                    ),
                    #"_a-0000dec3-7017-8000-9ba2-011c48011c48_224106"
                  ),
                  /*English Proficiency checked*/
                  {
                    a!save(
                      ri!gradAppDetail.isEnglishProficient,
                      true
                    ),
                    a!save(
                      ri!gradAppDetail.isEnglishProficientOn,
                      now()
                    ),
                    a!save(
                      ri!gradAppDetail.isEnglishProficientBy,
                      local!loggedInUser
                    ),
                    a!save(
                      local!gradApp.isEnglishProficient,
                      true
                    )
                  },
                  /*English Proficiency not checked*/
                  {
                    a!save(
                      {
                        ri!gradAppDetail.isEnglishProficient,
                        ri!gradAppDetail.isEnglishProficientBy,
                        ri!gradAppDetail.isEnglishProficientOn
                      },
                      null
                    ),
                    a!save(
                      local!gradApp.isEnglishProficient,
                      false
                    )
                  }
                ),
                {}
              ),
              /*Conduct verification*/
              if(
                contains(
                  where(
                    local!requirementIndices
                  ),
                  #"_a-0000dec3-7017-8000-9ba2-011c48011c48_224814"
                ),
                if(
                  contains(
                    tointeger(
                      local!verifiedList
                    ),
                    #"_a-0000dec3-7017-8000-9ba2-011c48011c48_224814"
                  ),
                  /*Conduct checked*/
                  {
                    a!save(
                      ri!gradAppDetail.isClearedForConduct,
                      true
                    ),
                    a!save(
                      ri!gradAppDetail.isClearedForConductOn,
                      now()
                    ),
                    a!save(
                      ri!gradAppDetail.isClearedForConductBy,
                      local!loggedInUser
                    ),
                    a!save(
                      local!gradApp.isClearedForConduct,
                      true
                    )
                  },
                  /*Conduct not checked*/
                  {
                    a!save(
                      {
                        ri!gradAppDetail.isClearedForConduct,
                        ri!gradAppDetail.isClearedForConductBy,
                        ri!gradAppDetail.isClearedForConductOn
                      },
                      null
                    ),
                    a!save(
                      local!gradApp.isClearedForConduct,
                      false
                    )
                  }
                ),
                {}
              )
            }
          )
        }
      )
    },
    buttons: #"SYSTEM_SYSRULES_ButtonLayout"(
      /*Save Button*/
      primaryButtons: {
        #"SYSTEM_SYSRULES_ButtonWidgetSubmit"(
          label: #"_a-0000dec3-7017-8000-9ba2-011c48011c48_223961",
          /*confirmMessage:"",*/
          style: "NORMAL",
          value: #"_a-0000dec3-7017-8000-9ba2-011c48011c48_223961",
          saveInto: {
            ri!btnValue,
            a!save(
              ri!modifyValue,
              local!modifyValue
            ),
            /*Update term and concentration*/
            if(
              local!modifyValue = #"_a-0000defe-bf54-8000-9ba2-011c48011c48_242443",
              {
                a!save(
                  ri!graduateApplication,
                  #"_a-0000deb5-0bcc-8000-9ba2-011c48011c48_219281"(
                    applicationId: ri!gradAppDetail.applicationId,
                    returnCdt: true
                  )
                ),
                a!save(
                  ri!graduateApplication.term,
                  local!gradApp.term
                )
              },
              if(
                local!modifyValue = #"_a-0000defe-bf54-8000-9ba2-011c48011c48_242442",
                {
                  a!save(
                    ri!graduateApplication,
                    #"_a-0000deb5-0bcc-8000-9ba2-011c48011c48_219281"(
                      applicationId: ri!gradAppDetail.applicationId,
                      returnCdt: true
                    )
                  ),
                  /*a!save*/
                  /*(*/
                  /*ri!graduateApplication.college,*/
                  /*local!gradApp.college*/
                  /*),*/
                  /*a!save*/
                  /*(*/
                  /*ri!graduateApplication.majorCode,*/
                  /*local!gradApp.majorCode*/
                  /*),*/
                  a!save(
                    ri!graduateApplication.degree,
                    local!gradApp.degree
                  ),
                  a!save(
                    ri!graduateApplication.concentrationCode,
                    local!gradApp.concentrationCode
                  )
                },
                {}
              )
            ),
            a!save(
              ri!changesMade,
              #"_a-0000defe-bf54-8000-9ba2-011c48011c48_243846"(
                gradApp: local!gradApp,
                gradAppOnLoad: local!gradAppOnLoad,
                modifyValue: local!modifyValue
              )
            ),
            #"_a-0000deb5-0bcc-8000-9ba2-011c48011c48_220136"(
              auditHistory: ri!auditHistory,
              actionTypeCons: #"_a-0000dec3-7017-8000-9ba2-011c48011c48_223714",
              actionDescriptionConstant: #"_a-0000dec3-7017-8000-9ba2-011c48011c48_223714",
              recordId: ri!gradAppDetail.applicationId,
              recordType: #"_a-0000deb5-0bcc-8000-9ba2-011c48011c48_218652",
              notes: #"b066ff66-4448-4fc0-ac92-cbe5f9428859"(
                gradApp: local!gradApp,
                gradAppOnLoad: local!gradAppOnLoad,
                modifyValue: local!modifyValue
              )
            )
          }
        )
      },
      /*Cancel*/
      secondaryButtons: {
        #"SYSTEM_SYSRULES_ButtonWidgetSubmit"(
          label: #"_a-0000deb5-0bcc-8000-9ba2-011c48011c48_218782",
          style: "NORMAL",
          value: #"_a-0000deb5-0bcc-8000-9ba2-011c48011c48_218782",
          saveInto: ri!btnValue,
          skipValidation: true
        )
      }
    ),
    validations: {}
  )
)</definition>
        <namedTypedValue>
            <name>gradAppDetail</name>
            <type>
                <name>UAP_gradAppDetail</name>
                <namespace>urn:com:appian:types:UAP</namespace>
            </type>
        </namedTypedValue>
        <namedTypedValue>
            <name>formLabel</name>
            <type>
                <name>string</name>
                <namespace>http://www.w3.org/2001/XMLSchema</namespace>
            </type>
            <value/>
        </namedTypedValue>
        <namedTypedValue>
            <name>btnValue</name>
            <type>
                <name>string</name>
                <namespace>http://www.w3.org/2001/XMLSchema</namespace>
            </type>
            <value/>
        </namedTypedValue>
        <namedTypedValue>
            <name>auditHistory</name>
            <type>
                <name>TRV_auditHistory</name>
                <namespace>urn:com:appian:types:TRV</namespace>
            </type>
        </namedTypedValue>
        <namedTypedValue>
            <name>modifyValue</name>
            <type>
                <name>string</name>
                <namespace>http://www.w3.org/2001/XMLSchema</namespace>
            </type>
            <value/>
        </namedTypedValue>
        <namedTypedValue>
            <name>graduateApplication</name>
            <type>
                <name>UAP_graduateApplication</name>
                <namespace>urn:com:appian:types:UAP</namespace>
            </type>
        </namedTypedValue>
        <namedTypedValue>
            <name>changesMade</name>
            <type>
                <name>boolean</name>
                <namespace>http://www.w3.org/2001/XMLSchema</namespace>
            </type>
        </namedTypedValue>
        <metadataExpr></metadataExpr>
        <preferredEditor>interface</preferredEditor>
        <offlineEnabled>false</offlineEnabled>
    </rule>
    <roleMap public="true">
        <role inherit="true" allowForAll="false" name="readers">
            <users/>
            <groups/>
        </role>
        <role inherit="true" allowForAll="false" name="authors">
            <users/>
            <groups/>
        </role>
        <role inherit="true" allowForAll="false" name="administrators">
            <users/>
            <groups/>
        </role>
        <role inherit="false" allowForAll="false" name="denyReaders">
            <users/>
            <groups/>
        </role>
        <role inherit="false" allowForAll="false" name="denyAuthors">
            <users/>
            <groups/>
        </role>
        <role inherit="false" allowForAll="false" name="denyAdministrators">
            <users/>
            <groups/>
        </role>
    </roleMap>
    <typedValue>
        <type>
            <name>RuleTestConfig?list</name>
            <namespace>http://www.appian.com/ae/types/2009</namespace>
        </type>
        <value>
            <el>
                <a:name/>
                <a:ruleInputTestConfigs>
                    <a:value xmlns:xsi="http://www.w3.org/2001/XMLSchema-instance" xsi:type="a:Expression">#"_a-0000dec3-7017-8000-9ba2-011c48011c48_223654"
(
  applicationId: 1,
  returnCdt: true
)</a:value>
                    <a:nameRef>gradAppDetail</a:nameRef>
                    <a:id/>
                </a:ruleInputTestConfigs>
                <a:ruleInputTestConfigs>
                    <a:value xmlns:xsi="http://www.w3.org/2001/XMLSchema-instance" xsi:type="a:Expression">#"_a-0000decc-9caf-8000-9ba2-011c48011c48_224942"</a:value>
                    <a:nameRef>formLabel</a:nameRef>
                    <a:id/>
                </a:ruleInputTestConfigs>
                <a:ruleInputTestConfigs>
                    <a:value xmlns:xsd="http://www.w3.org/2001/XMLSchema" xmlns:xsi="http://www.w3.org/2001/XMLSchema-instance" xsi:type="xsd:string"/>
                    <a:nameRef>btnValue</a:nameRef>
                    <a:id/>
                </a:ruleInputTestConfigs>
                <a:ruleInputTestConfigs>
                    <a:value xmlns:xsi="http://www.w3.org/2001/XMLSchema-instance" xsi:type="a:Expression">#"_a-0000deb5-0bcc-8000-9ba2-011c48011c48_218639"
(
  applicationId: 1,
  recordType: #"_a-0000deb5-0bcc-8000-9ba2-011c48011c48_218652",
  returnCdt: true
)</a:value>
                    <a:nameRef>auditHistory</a:nameRef>
                    <a:id/>
                </a:ruleInputTestConfigs>
                <a:ruleInputTestConfigs>
                    <a:value xmlns:xsi="http://www.w3.org/2001/XMLSchema-instance" xsi:type="a:Expression">#"_a-0000defe-bf54-8000-9ba2-011c48011c48_242441"</a:value>
                    <a:nameRef>modifyValue</a:nameRef>
                    <a:id/>
                </a:ruleInputTestConfigs>
                <a:ruleInputTestConfigs>
                    <a:value xmlns:n1="urn:com:appian:types:UAP" xmlns:xsi="http://www.w3.org/2001/XMLSchema-instance" xsi:nil="true" xsi:type="n1:UAP_graduateApplication"/>
                    <a:nameRef>graduateApplication</a:nameRef>
                    <a:id/>
                </a:ruleInputTestConfigs>
                <a:ruleInputTestConfigs>
                    <a:value xmlns:xsd="http://www.w3.org/2001/XMLSchema" xmlns:xsi="http://www.w3.org/2001/XMLSchema-instance" xsi:nil="true" xsi:type="xsd:boolean"/>
                    <a:nameRef>changesMade</a:nameRef>
                    <a:id/>
                </a:ruleInputTestConfigs>
                <a:assertions xmlns:xsi="http://www.w3.org/2001/XMLSchema-instance" xsi:nil="true"/>
            </el>
        </value>
    </typedValue>
</contentHaul>
