<?xml version="1.0" encoding="UTF-8" standalone="yes"?>
<contentHaul xmlns:a="http://www.appian.com/ae/types/2009">
    <rule>
        <name>UAP_s_auditHistory</name>
        <uuid>_a-0000deb5-0bcc-8000-9ba2-011c48011c48_218628</uuid>
        <description>contains the audit history for a graduation application</description>
        <parentUuid>_a-0000deb5-0bcc-8000-9ba2-011c48011c48_218266</parentUuid>
        <visibility>
            <advertise>false</advertise>
            <hierarchy>true</hierarchy>
            <indexable>true</indexable>
            <quota>false</quota>
            <searchable>true</searchable>
            <system>false</system>
            <unlogged>false</unlogged>
        </visibility>
        <definition>= /*Get audit history info */
load(
  local!actionFilter,
  local!nameFilter,
  local!pagingInfo: #"SYSTEM_SYSRULES_pagingInfo"(
    startIndex: 1,
    batchSize: 5,
    sort: #"SYSTEM_SYSRULES_sortInfo"(
      field: "eventTimestamp",
      ascending: false
    )
  ),
  local!auditDatasubset: #"_a-0000deb5-0bcc-8000-9ba2-011c48011c48_218639"(
    pagingInfo: local!pagingInfo,
    recordType: #"_a-0000deb5-0bcc-8000-9ba2-011c48011c48_218652",
    recordId: ri!recordId,
    initiatorName: local!nameFilter,
    actionType: local!actionFilter
  ),
  {
    #"SYSTEM_SYSRULES_sectionLayout"(
      label: "History",
      isCollapsible: true,
      firstColumnContents: {
        #"SYSTEM_SYSRULES_dropdownField"(
          label: "Action",
          choiceLabels: {
            #"_a-0000dec3-7017-8000-9ba2-011c48011c48_223714",
            #"_a-0000dec3-7017-8000-9ba2-011c48011c48_223249",
            #"_a-0000dec3-7017-8000-9ba2-011c48011c48_223518",
            #"_a-0000dec3-7017-8000-9ba2-011c48011c48_223717"
          },
          choiceValues: {
            #"_a-0000dec3-7017-8000-9ba2-011c48011c48_223714",
            #"_a-0000dec3-7017-8000-9ba2-011c48011c48_223249",
            #"_a-0000dec3-7017-8000-9ba2-011c48011c48_223518",
            #"_a-0000dec3-7017-8000-9ba2-011c48011c48_223717"
          },
          placeholderLabel: #"_a-0000deb5-0bcc-8000-9ba2-011c48011c48_219354",
          labelPosition: "ADJACENT",
          value: local!actionFilter,
          saveInto: local!actionFilter
        )/*a!textField(value: local!auditDatasubset,readOnly: true)*/
        
      },
      secondColumnContents: {
        #"SYSTEM_SYSRULES_pickerFieldUsers"(
          label: "User",
          labelPosition: "ADJACENT",
          maxSelections: 1,
          value: local!nameFilter,
          saveInto: local!nameFilter
        ),
        #"SYSTEM_SYSRULES_richTextDisplayField"(
          labelPosition: "COLLAPSED",
          align: "RIGHT",
          value: {
            #"SYSTEM_SYSRULES_richTextItem"(
              text: "Clear Filters",
              style: "UNDERLINE",
              link: #"SYSTEM_SYSRULES_dynamicLink"(
                saveInto: {
                  a!save(
                    local!actionFilter,
                    null
                  ),
                  a!save(
                    local!nameFilter,
                    null
                  ),
                  a!save(
                    local!auditDataSubset.startIndex,
                    1
                  ),
                  a!save(
                    local!auditDataSubset,
                    local!auditDatasubset: #"_a-0000deb5-0bcc-8000-9ba2-011c48011c48_218639"(
                      pagingInfo: local!pagingInfo,
                      recordType: #"_a-0000deb5-0bcc-8000-9ba2-011c48011c48_218652",
                      recordId: ri!recordId,
                      initiatorName: local!nameFilter,
                      actionType: local!actionFilter
                    )
                  )
                }
              )
            ),
            #"SYSTEM_SYSRULES_richTextItem"(
              text: "   "
            ),
            #"SYSTEM_SYSRULES_richTextItem"(
              text: "Apply Filters",
              style: "UNDERLINE",
              link: #"SYSTEM_SYSRULES_dynamicLink"(
                saveInto: {
                  a!save(
                    local!auditDatasubset,
                    local!auditDatasubset: #"_a-0000deb5-0bcc-8000-9ba2-011c48011c48_218639"(
                      pagingInfo: local!pagingInfo,
                      recordType: #"_a-0000deb5-0bcc-8000-9ba2-011c48011c48_218652",
                      recordId: ri!recordId,
                      initiatorName: local!nameFilter,
                      actionType: local!actionFilter
                    )
                  )
                }
              )
            )
          }
        )
      }
    ),
    /*Grid for comment history*/
    #"SYSTEM_SYSRULES_gridField"(
      columns: {
        #"SYSTEM_SYSRULES_gridTextColumn"(
          label: "User",
          field: "initiatorName",
          data: apply(
            #"_a-0000d690-12fb-8000-0f1a-010000010000_1352"(
              user: _
            ),
            index(
              local!auditDataSubset.data,
              "initiatorName",
              {}
            )
          )
        ),
        #"SYSTEM_SYSRULES_gridTextColumn"(
          label: "Action",
          field: "actionDescription",
          data: index(
            local!auditDataSubset.data,
            "actionDescription",
            {}
          )
        ),
        #"SYSTEM_SYSRULES_gridTextColumn"(
          label: "Comment",
          field: "notes",
          data: index(
            local!auditDataSubset.data,
            "notes",
            {}
          )
        ),
                #"SYSTEM_SYSRULES_gridTextColumn"(
          label: "Timestamp",
          field: "eventTimestamp",
          data: index(
            local!auditDataSubset.data,
            "eventTimestamp",
            {}
          )
        )
      },
      totalCount: local!auditDataSubset.totalCount,
      value: local!pagingInfo,
      saveInto: {
        /*save into pagingInfo -&gt; disable sort for initiatorName. (will sort by uNum)*/
        a!save(
          local!pagingInfo,
          if(
            save!value.sort.field = "initiatorName",
            local!pagingInfo,
            save!value
          )
        ),
        a!save(
          local!auditDatasubset,
          local!auditDatasubset: #"_a-0000deb5-0bcc-8000-9ba2-011c48011c48_218639"(
            pagingInfo: local!pagingInfo,
            recordType: #"_a-0000deb5-0bcc-8000-9ba2-011c48011c48_218652",
            recordId: ri!recordId,
            initiatorName: local!nameFilter,
            actionType: local!actionFilter
          )
        )
      },
      emptyGridMessage: "Grid empty, no audit history available"
    )
  }
)</definition>
        <namedTypedValue>
            <name>actionFilter</name>
            <type>
                <name>string</name>
                <namespace>http://www.w3.org/2001/XMLSchema</namespace>
            </type>
            <value/>
        </namedTypedValue>
        <namedTypedValue>
            <name>nameFilter</name>
            <type>
                <name>User</name>
                <namespace>http://www.appian.com/ae/types/2009</namespace>
            </type>
        </namedTypedValue>
        <namedTypedValue>
            <name>recordId</name>
            <type>
                <name>int</name>
                <namespace>http://www.w3.org/2001/XMLSchema</namespace>
            </type>
        </namedTypedValue>
        <metadataExpr></metadataExpr>
        <preferredEditor>interface</preferredEditor>
        <offlineEnabled>false</offlineEnabled>
    </rule>
    <roleMap public="true">
        <role inherit="true" allowForAll="false" name="readers">
            <users/>
            <groups/>
        </role>
        <role inherit="true" allowForAll="false" name="authors">
            <users/>
            <groups/>
        </role>
        <role inherit="true" allowForAll="false" name="administrators">
            <users/>
            <groups/>
        </role>
        <role inherit="false" allowForAll="false" name="denyReaders">
            <users/>
            <groups/>
        </role>
        <role inherit="false" allowForAll="false" name="denyAuthors">
            <users/>
            <groups/>
        </role>
        <role inherit="false" allowForAll="false" name="denyAdministrators">
            <users/>
            <groups/>
        </role>
    </roleMap>
    <typedValue>
        <type>
            <name>RuleTestConfig?list</name>
            <namespace>http://www.appian.com/ae/types/2009</namespace>
        </type>
        <value>
            <el>
                <a:name/>
                <a:ruleInputTestConfigs>
                    <a:value xmlns:xsd="http://www.w3.org/2001/XMLSchema" xmlns:xsi="http://www.w3.org/2001/XMLSchema-instance" xsi:type="xsd:string"/>
                    <a:nameRef>actionFilter</a:nameRef>
                    <a:id/>
                </a:ruleInputTestConfigs>
                <a:ruleInputTestConfigs>
                    <a:value xmlns:xsi="http://www.w3.org/2001/XMLSchema-instance" xsi:nil="true" xsi:type="a:User"/>
                    <a:nameRef>nameFilter</a:nameRef>
                    <a:id/>
                </a:ruleInputTestConfigs>
                <a:ruleInputTestConfigs>
                    <a:value xmlns:xsd="http://www.w3.org/2001/XMLSchema" xmlns:xsi="http://www.w3.org/2001/XMLSchema-instance" xsi:nil="true" xsi:type="xsd:int"/>
                    <a:nameRef>recordId</a:nameRef>
                    <a:id/>
                </a:ruleInputTestConfigs>
                <a:assertions xmlns:xsi="http://www.w3.org/2001/XMLSchema-instance" xsi:nil="true"/>
            </el>
        </value>
    </typedValue>
</contentHaul>
