<?xml version="1.0" encoding="UTF-8" standalone="yes"?>
<contentHaul xmlns:a="http://www.appian.com/ae/types/2009">
    <rule>
        <name>UAP_parsepriorInstitution</name>
        <uuid>_a-0000def2-cb5b-8000-9ba2-011c48011c48_237546</uuid>
        <description>Given the WS response, return the data in UAP_priorInstitutions format</description>
        <parentUuid>_a-0000deb5-0bcc-8000-9ba2-011c48011c48_218267</parentUuid>
        <visibility>
            <advertise>false</advertise>
            <hierarchy>true</hierarchy>
            <indexable>true</indexable>
            <quota>false</quota>
            <searchable>true</searchable>
            <system>false</system>
            <unlogged>false</unlogged>
        </visibility>
        <definition>load(
  local!data: #"SYSTEM_SYSRULES_fromJson"(
    ri!responseBody
  ).data.priorInstitutions,
  local!priorInstitutions: cast(
    typeof(
     { 'type!{urn:com:appian:types:UAP}UAP_priorInstitutions'()
  }
    ),
    local!data
  ),
  #"SYSTEM_SYSRULES_applyComponents"(
  #"_a-0000def2-cb5b-8000-9ba2-011c48011c48_237220"(
  institutionCode:_,
  institutionDescription:_,
  degreeType:_,
  transferGpa:_,
 transferHours:_,
  attendedFrom:_,
  attendedTo:_,
  degreeDate:_,
  uNumber:ri!uNumber,
  primaryIndicator:_,
  isOfficialTranscript:_
   ),
   merge(
     index(local!priorInstitutions,"institutionCode",{}),
     index(local!priorInstitutions,"institutionDescription",{}),
     index(local!priorInstitutions,"degreeType",{}),
     index(local!priorInstitutions,"transferGpa",{}),
     index(local!priorInstitutions,"transferHours",{}),
     index(local!priorInstitutions,"attendedFrom",{}),
     index(local!priorInstitutions,"attendedTo",{}),
     index(local!priorInstitutions,"degreeDate",{}),
     index(local!priorInstitutions,"primaryIndicator",{}),
     index(local!priorInstitutions,"isOfficialTranscript",{})

   )
  ) 
  )</definition>
        <namedTypedValue>
            <name>responseBody</name>
            <type>
                <name>string</name>
                <namespace>http://www.w3.org/2001/XMLSchema</namespace>
            </type>
            <value/>
        </namedTypedValue>
        <namedTypedValue>
            <name>uNumber</name>
            <type>
                <name>string</name>
                <namespace>http://www.w3.org/2001/XMLSchema</namespace>
            </type>
            <value/>
        </namedTypedValue>
        <namedTypedValue>
            <name>applicationId</name>
            <type>
                <name>int</name>
                <namespace>http://www.w3.org/2001/XMLSchema</namespace>
            </type>
        </namedTypedValue>
        <preferredEditor>legacy</preferredEditor>
        <offlineEnabled>false</offlineEnabled>
    </rule>
    <roleMap public="true">
        <role inherit="true" allowForAll="false" name="readers">
            <users/>
            <groups/>
        </role>
        <role inherit="true" allowForAll="false" name="authors">
            <users/>
            <groups/>
        </role>
        <role inherit="true" allowForAll="false" name="administrators">
            <users/>
            <groups/>
        </role>
        <role inherit="false" allowForAll="false" name="denyReaders">
            <users/>
            <groups/>
        </role>
        <role inherit="false" allowForAll="false" name="denyAuthors">
            <users/>
            <groups/>
        </role>
        <role inherit="false" allowForAll="false" name="denyAdministrators">
            <users/>
            <groups/>
        </role>
    </roleMap>
</contentHaul>
