<?xml version="1.0" encoding="UTF-8" standalone="yes"?>
<contentHaul xmlns:a="http://www.appian.com/ae/types/2009">
    <rule>
        <name>UAP_pg_decisionCodePostFalseResponses</name>
        <uuid>_a-0000df0b-4b17-8000-9ba2-011c48011c48_247389</uuid>
        <description>Paging grid for false responses from decision code posts to the WS</description>
        <parentUuid>_a-0000deb5-0bcc-8000-9ba2-011c48011c48_218266</parentUuid>
        <visibility>
            <advertise>false</advertise>
            <hierarchy>true</hierarchy>
            <indexable>true</indexable>
            <quota>false</quota>
            <searchable>true</searchable>
            <system>false</system>
            <unlogged>false</unlogged>
        </visibility>
        <definition>#"SYSTEM_SYSRULES_gridField"(
  value: ri!pagingInfo,
  totalCount: ri!datasubset.totalCount,
  columns: {
    #"SYSTEM_SYSRULES_gridTextColumn"(
      label: "Applicant",
      field: "applicant",
      data:
        index(
          ri!datasubset.data,
          "applicant",
          {}
        ),
        links: 
          apply(
            #"SYSTEM_SYSRULES_recordLink"(
              recordType: #"_a-0000decc-9caf-8000-9ba2-011c48011c48_225409",
              identifier: _
            ),
            index(ri!datasubset.data,"applicationId",{})
          )
    ),
    #"SYSTEM_SYSRULES_gridTextColumn"(
      label: "UNumber",
      field: "uNumber",
      data: index(
        ri!datasubset.data,
        "uNumber",
        {}
      )
    ),
    #"SYSTEM_SYSRULES_gridTextColumn"(
      label: "Term",
      field: "term",
      data: apply(
        #"_a-0000def2-cb5b-8000-9ba2-011c48011c48_238367"(
          inputTerm: _
        ),
        index(
          ri!datasubset.data,
          "term",
          {}
        )
      )
    ),
    #"SYSTEM_SYSRULES_gridTextColumn"(
      label: "Application Number",
      field: "applicationNumber",
      data: index(
        ri!datasubset.data,
        "applicationNumber",
        {}
      )
    ),
    #"SYSTEM_SYSRULES_gridTextColumn"(
      label: "Decision Code",
      field: "decisionCode",
      data: index(
        ri!datasubset.data,
        "decisionCode",
        {}
      )
    ),
    #"SYSTEM_SYSRULES_gridTextColumn"(
      label: "Messages",
      field: "messages",
      data: index(
        ri!datasubset.data,
        "messages",
        {}
      )
    )
  }
)</definition>
        <namedTypedValue>
            <name>datasubset</name>
            <type>
                <name>DataSubset</name>
                <namespace>http://www.appian.com/ae/types/2009</namespace>
            </type>
        </namedTypedValue>
        <namedTypedValue>
            <name>pagingInfo</name>
            <type>
                <name>PagingInfo</name>
                <namespace>http://www.appian.com/ae/types/2009</namespace>
            </type>
        </namedTypedValue>
        <metadataExpr></metadataExpr>
        <preferredEditor>interface</preferredEditor>
        <offlineEnabled>false</offlineEnabled>
    </rule>
    <roleMap public="true">
        <role inherit="true" allowForAll="false" name="readers">
            <users/>
            <groups/>
        </role>
        <role inherit="true" allowForAll="false" name="authors">
            <users/>
            <groups/>
        </role>
        <role inherit="true" allowForAll="false" name="administrators">
            <users>
                <userUuid>U06271388</userUuid>
            </users>
            <groups/>
        </role>
        <role inherit="false" allowForAll="false" name="denyReaders">
            <users/>
            <groups/>
        </role>
        <role inherit="false" allowForAll="false" name="denyAuthors">
            <users/>
            <groups/>
        </role>
        <role inherit="false" allowForAll="false" name="denyAdministrators">
            <users/>
            <groups/>
        </role>
    </roleMap>
</contentHaul>
