<?xml version="1.0" encoding="UTF-8" standalone="yes"?>
<contentHaul xmlns:a="http://www.appian.com/ae/types/2009">
    <rule>
        <name>UAP_f_uploadDocument</name>
        <uuid>_a-0000decc-9caf-8000-9ba2-011c48011c48_227745</uuid>
        <description>Upload documents to AppXtender</description>
        <parentUuid>_a-0000deb5-0bcc-8000-9ba2-011c48011c48_218266</parentUuid>
        <visibility>
            <advertise>false</advertise>
            <hierarchy>true</hierarchy>
            <indexable>true</indexable>
            <quota>false</quota>
            <searchable>true</searchable>
            <system>false</system>
            <unlogged>false</unlogged>
        </visibility>
        <definition>load(
  local!files: {},
  
  #"SYSTEM_SYSRULES_formLayout"(
    label: "Upload Documents",
    instructions: "Please select the document(s) you wish to upload. In the next step, you will be asked to classify the document(s).",
    firstColumnContents: {
      #"SYSTEM_SYSRULES_applyComponents"(
        function: #"_a-0000decc-9caf-8000-9ba2-011c48011c48_227340"(
          label: "Files to Upload",
          files: local!files,
          target: #"_a-0000decc-9caf-8000-9ba2-011c48011c48_227750",
          index: _
        ),
        array: 1 + fn!enumerate(
          1 + length(
            local!files
          )
        )
      )
    },
    buttons: {
      #"SYSTEM_SYSRULES_ButtonLayout"(
        primaryButtons: {
          #"SYSTEM_SYSRULES_ButtonWidgetSubmit"(
            label: "Next",
            value: local!files,
            saveInto: ri!files
          )
        },
        secondaryButtons: {
          #"SYSTEM_SYSRULES_ButtonWidgetSubmit"(
            label: "Cancel",
            value: #"_a-0000deb5-0bcc-8000-9ba2-011c48011c48_218782",
            saveInto: ri!btnValue
          )
        }
      )
    }
  )

)</definition>
        <namedTypedValue>
            <name>files</name>
            <type>
                <name>CollaborationDocument?list</name>
                <namespace>http://www.appian.com/ae/types/2009</namespace>
            </type>
        </namedTypedValue>
        <namedTypedValue>
            <name>btnValue</name>
            <type>
                <name>string</name>
                <namespace>http://www.w3.org/2001/XMLSchema</namespace>
            </type>
            <value/>
        </namedTypedValue>
        <metadataExpr></metadataExpr>
        <preferredEditor>interface</preferredEditor>
        <offlineEnabled>false</offlineEnabled>
    </rule>
    <roleMap public="true">
        <role inherit="true" allowForAll="false" name="readers">
            <users/>
            <groups/>
        </role>
        <role inherit="true" allowForAll="false" name="authors">
            <users/>
            <groups/>
        </role>
        <role inherit="true" allowForAll="false" name="administrators">
            <users/>
            <groups/>
        </role>
        <role inherit="false" allowForAll="false" name="denyReaders">
            <users/>
            <groups/>
        </role>
        <role inherit="false" allowForAll="false" name="denyAuthors">
            <users/>
            <groups/>
        </role>
        <role inherit="false" allowForAll="false" name="denyAdministrators">
            <users/>
            <groups/>
        </role>
    </roleMap>
</contentHaul>
