<?xml version="1.0" encoding="UTF-8" standalone="yes"?>
<contentHaul xmlns:a="http://www.appian.com/ae/types/2009">
    <rule>
        <name>UAP_v_getFacultyReviewerHelper</name>
        <uuid>_a-0000decc-9caf-8000-9ba2-011c48011c48_226622</uuid>
        <description>A helper query for UAP_v_getFacultyReviewer, which uses encapsulation to make the code more readable and helps translate the dropdown filter values into their associated queryFilters</description>
        <parentUuid>_a-0000deb5-0bcc-8000-9ba2-011c48011c48_218267</parentUuid>
        <visibility>
            <advertise>false</advertise>
            <hierarchy>true</hierarchy>
            <indexable>true</indexable>
            <quota>false</quota>
            <searchable>true</searchable>
            <system>false</system>
            <unlogged>false</unlogged>
        </visibility>
        <definition>#"_a-0000decc-9caf-8000-9ba2-011c48011c48_226356"&#xD;
(&#xD;
  returnAll: ri!returnAll,&#xD;
  pagingInfo: ri!pagingInfo,&#xD;
  level3IdList: ri!level3IdList,&#xD;
  applicationStatus: ri!applicationStatusFilter,&#xD;
  applicationId: ri!applicationId,&#xD;
  seeReviews:&#xD;
  if&#xD;
  (&#xD;
    /*See Reviews only relevant for Needs Review and Reviews closed*/&#xD;
    or&#xD;
    (&#xD;
      #"_a-0000d62a-67b3-8000-da6f-010000010000_950"(ri!reviewStatusFilter),&#xD;
      ri!reviewStatusFilter = #"_a-0000decc-9caf-8000-9ba2-011c48011c48_226568"&#xD;
    ),&#xD;
    null,&#xD;
    &#xD;
    if&#xD;
    (&#xD;
      /*"Needs Review" means you can't see reviews (seeReviews = false)*/&#xD;
      ri!reviewStatusFilter = #"_a-0000decc-9caf-8000-9ba2-011c48011c48_226570",&#xD;
      false,&#xD;
      &#xD;
      /*"Reviews Closed" means you can see reviews*/&#xD;
      true&#xD;
    )&#xD;
  ),&#xD;
  &#xD;
  reviewedBy:&#xD;
  if&#xD;
  (&#xD;
    /*If status = "Reviewed", reviewedBy = logged in user*/&#xD;
    and&#xD;
    (&#xD;
      not(#"_a-0000d62a-67b3-8000-da6f-010000010000_950"(ri!reviewStatusFilter)),&#xD;
      ri!reviewStatusFilter = #"_a-0000decc-9caf-8000-9ba2-011c48011c48_226568"&#xD;
    ),&#xD;
    ri!loggedInUser,&#xD;
    null&#xD;
  ),&#xD;
  &#xD;
  notReviewedBy:&#xD;
  if&#xD;
  (&#xD;
    /*If status = "Reviewed" or there's no filter, notReviewedBy = null*/&#xD;
    or&#xD;
    (&#xD;
      #"_a-0000d62a-67b3-8000-da6f-010000010000_950"(ri!reviewStatusFilter),&#xD;
      ri!reviewStatusFilter = #"_a-0000decc-9caf-8000-9ba2-011c48011c48_226568"&#xD;
    ),&#xD;
    null,&#xD;
    &#xD;
    /*If status = Needs Review or status = Reviews Closed, notReviewedBy= loggedInUser*/&#xD;
    ri!loggedInUser&#xD;
  )&#xD;
)</definition>
        <namedTypedValue>
            <name>pagingInfo</name>
            <type>
                <name>PagingInfo</name>
                <namespace>http://www.appian.com/ae/types/2009</namespace>
            </type>
        </namedTypedValue>
        <namedTypedValue>
            <name>level3IdList</name>
            <type>
                <name>Integer?list</name>
                <namespace>http://www.appian.com/ae/types/2009</namespace>
            </type>
        </namedTypedValue>
        <namedTypedValue>
            <name>applicationStatusFilter</name>
            <type>
                <name>string</name>
                <namespace>http://www.w3.org/2001/XMLSchema</namespace>
            </type>
            <value/>
        </namedTypedValue>
        <namedTypedValue>
            <name>reviewStatusFilter</name>
            <type>
                <name>int</name>
                <namespace>http://www.w3.org/2001/XMLSchema</namespace>
            </type>
        </namedTypedValue>
        <namedTypedValue>
            <name>loggedInUser</name>
            <type>
                <name>string</name>
                <namespace>http://www.w3.org/2001/XMLSchema</namespace>
            </type>
            <value/>
        </namedTypedValue>
        <namedTypedValue>
            <name>returnAll</name>
            <type>
                <name>boolean</name>
                <namespace>http://www.w3.org/2001/XMLSchema</namespace>
            </type>
        </namedTypedValue>
        <namedTypedValue>
            <name>applicationId</name>
            <type>
                <name>int</name>
                <namespace>http://www.w3.org/2001/XMLSchema</namespace>
            </type>
        </namedTypedValue>
        <preferredEditor>legacy</preferredEditor>
        <offlineEnabled>false</offlineEnabled>
    </rule>
    <roleMap public="true">
        <role inherit="true" allowForAll="false" name="readers">
            <users/>
            <groups/>
        </role>
        <role inherit="true" allowForAll="false" name="authors">
            <users/>
            <groups/>
        </role>
        <role inherit="true" allowForAll="false" name="administrators">
            <users/>
            <groups/>
        </role>
        <role inherit="false" allowForAll="false" name="denyReaders">
            <users/>
            <groups/>
        </role>
        <role inherit="false" allowForAll="false" name="denyAuthors">
            <users/>
            <groups/>
        </role>
        <role inherit="false" allowForAll="false" name="denyAdministrators">
            <users/>
            <groups/>
        </role>
    </roleMap>
</contentHaul>
