<?xml version="1.0" encoding="UTF-8" standalone="yes"?>
<contentHaul xmlns:a="http://www.appian.com/ae/types/2009">
    <rule>
        <name>UAP_pg_taskReportGrid</name>
        <uuid>_a-0000defe-bf54-8000-9ba2-011c48011c48_242778</uuid>
        <description>Task report grid for GAC to display on their dashboard	</description>
        <parentUuid>_a-0000deb5-0bcc-8000-9ba2-011c48011c48_218267</parentUuid>
        <visibility>
            <advertise>false</advertise>
            <hierarchy>true</hierarchy>
            <indexable>true</indexable>
            <quota>false</quota>
            <searchable>true</searchable>
            <system>false</system>
            <unlogged>false</unlogged>
        </visibility>
        <definition>load(
  local!pagingInfo: #"SYSTEM_SYSRULES_pagingInfo"(startIndex: 1, batchSize: 5, sort: #"SYSTEM_SYSRULES_sortInfo"(field: "c3")),
with(
  local!report: a!queryProcessAnalytics(
    report: #"_a-0000defe-bf54-8000-9ba2-011c48011c48_242564",
    query: #"SYSTEM_SYSRULES_query"(pagingInfo: local!pagingInfo)
  ),
  if(local!report.totalCount=0,
    #"_a-0000defe-bf54-8000-9ba2-011c48011c48_242790"(
      message: "You have no Graduate Admission Tasks to do."
    ),
    {
  #"SYSTEM_SYSRULES_gridField"(
      label: "My Graduate Admission Tasks",
      /*instructions: local!report.description,*/
      totalCount: local!report.totalCount,
      /*columns: {*/
      /*  a!gridTextColumn(*/
      /*    label: local!report.columnConfigs[1].label,*/
      /*    field: local!report.columnConfigs[1].field,*/
      /*    data: index(local!report.data, "c0", {})*/
      /*  ),*/
      /*  a!gridTextColumn(*/
      /*    label: local!report.columnConfigs[2].label,*/
      /*    field: local!report.columnConfigs[2].field,*/
      /*    data: index(local!report.data, "c1", {})*/
      /*  ),*/
      /*  a!gridTextColumn(*/
      /*    label: local!report.columnConfigs[3].label,*/
      /*    field: local!report.columnConfigs[3].field,*/
      /*    data: index(local!report.data, "c3", {})*/
      /*  )*/
      /*  },*/
        /* )*/
        /*},*/
        /*value: local!pagingInfo,*/
        /*saveInto: local!pagingInfo*/
        /*)*/
          /*a!gridField(*/
          /*  label: "My Tasks",*/
          /*  totalCount: local!report.totalCount,*/
            columns: {
              apply(
                #"_a-0000defe-bf54-8000-9ba2-011c48011c48_242803"(
                  columnConfig: _,
                  data: local!report.data
                ),
                local!report.columnConfigs
              )
            },
            value: local!pagingInfo,
            saveInto: local!pagingInfo
               )
    }
         )
         )
 )
     </definition>
        <metadataExpr></metadataExpr>
        <preferredEditor>interface</preferredEditor>
        <offlineEnabled>false</offlineEnabled>
    </rule>
    <roleMap public="true">
        <role inherit="true" allowForAll="false" name="readers">
            <users/>
            <groups/>
        </role>
        <role inherit="true" allowForAll="false" name="authors">
            <users/>
            <groups/>
        </role>
        <role inherit="true" allowForAll="false" name="administrators">
            <users>
                <userUuid>U72655597</userUuid>
            </users>
            <groups/>
        </role>
        <role inherit="false" allowForAll="false" name="denyReaders">
            <users/>
            <groups/>
        </role>
        <role inherit="false" allowForAll="false" name="denyAuthors">
            <users/>
            <groups/>
        </role>
        <role inherit="false" allowForAll="false" name="denyAdministrators">
            <users/>
            <groups/>
        </role>
    </roleMap>
</contentHaul>
