<?xml version="1.0" encoding="UTF-8" standalone="yes"?>
<contentHaul xmlns:a="http://www.appian.com/ae/types/2009">
    <rule>
        <name>UAP_filterReferenceListByRefType</name>
        <uuid>_a-0000deb5-0bcc-8000-9ba2-011c48011c48_219282</uuid>
        <description>Gets all values from a list of HRO_references with the specified refType</description>
        <parentUuid>_a-0000deb5-0bcc-8000-9ba2-011c48011c48_218267</parentUuid>
        <visibility>
            <advertise>false</advertise>
            <hierarchy>true</hierarchy>
            <indexable>true</indexable>
            <quota>false</quota>
            <searchable>true</searchable>
            <system>false</system>
            <unlogged>false</unlogged>
        </visibility>
        <definition>with
(
  local!byRefType:
  if
  (
    #"_a-0000d62a-67b3-8000-da6f-010000010000_951"(ri!referenceList),
    {},
    index
    (
      ri!referenceList,
      wherecontains(ri!refType, ri!referenceList.refType),
      {}
    )
  ),
  
  if
  (
    #"_a-0000d62a-67b3-8000-da6f-010000010000_950"(ri!subType),
    local!byRefType,
    index
    (
      local!byRefType,
      wherecontains(ri!subType, local!byRefType.subType),
      {}
    )
  )
)</definition>
        <namedTypedValue>
            <name>referenceList</name>
            <type>
                <name>UAP_reference?list</name>
                <namespace>urn:com:appian:types:UAP</namespace>
            </type>
        </namedTypedValue>
        <namedTypedValue>
            <name>refType</name>
            <type>
                <name>string</name>
                <namespace>http://www.w3.org/2001/XMLSchema</namespace>
            </type>
            <value/>
        </namedTypedValue>
        <namedTypedValue>
            <name>subType</name>
            <type>
                <name>int</name>
                <namespace>http://www.w3.org/2001/XMLSchema</namespace>
            </type>
        </namedTypedValue>
        <preferredEditor>legacy</preferredEditor>
        <offlineEnabled>false</offlineEnabled>
    </rule>
    <roleMap public="true">
        <role inherit="true" allowForAll="false" name="readers">
            <users/>
            <groups/>
        </role>
        <role inherit="true" allowForAll="false" name="authors">
            <users/>
            <groups/>
        </role>
        <role inherit="true" allowForAll="false" name="administrators">
            <users/>
            <groups/>
        </role>
        <role inherit="false" allowForAll="false" name="denyReaders">
            <users/>
            <groups/>
        </role>
        <role inherit="false" allowForAll="false" name="denyAuthors">
            <users/>
            <groups/>
        </role>
        <role inherit="false" allowForAll="false" name="denyAdministrators">
            <users/>
            <groups/>
        </role>
    </roleMap>
</contentHaul>
