<?xml version="1.0" encoding="UTF-8" standalone="yes"?>
<contentHaul xmlns:a="http://www.appian.com/ae/types/2009">
    <rule>
        <name>UAP_r_mainDashboard</name>
        <uuid>_a-0000def2-cb5b-8000-9ba2-011c48011c48_237292</uuid>
        <description>Main dashboard to house all dashboards and reports</description>
        <parentUuid>_a-0000deb5-0bcc-8000-9ba2-011c48011c48_218266</parentUuid>
        <visibility>
            <advertise>false</advertise>
            <hierarchy>true</hierarchy>
            <indexable>true</indexable>
            <quota>false</quota>
            <searchable>true</searchable>
            <system>false</system>
            <unlogged>false</unlogged>
        </visibility>
        <definition>= load(
  local!loggedInUser: loggedInUser(),
  local!toggle: if(
    or(
      isusermemberofgroup(
        username: local!loggedInUser(),
        groupId: {
          #"_a-0000deb5-0bcc-8000-9ba2-011c48011c48_219197"
        }
      ), 
      isusermemberofgroup(
        username: local!loggedInUser(),
        groupId: {
          #"_a-0000deb5-0bcc-8000-9ba2-011c48011c48_219367"
        }
      )
    ),
    1,
    if(
      isusermemberofgroup(
        username: local!loggedInUser(),
        groupId: #"_a-0000deb5-0bcc-8000-9ba2-011c48011c48_220117"
      ),
      2,
      3
    )
  ),
  #"SYSTEM_SYSRULES_dashboardLayout"(
    firstColumnContents: {
      #"_a-0000def2-cb5b-8000-9ba2-011c48011c48_237338"(
        toggle: local!toggle
      ),
      #"SYSTEM_SYSRULES_textField"(
        readOnly: true
      ),
      choose(
        local!toggle,
        {
          /*1 - Director Dash*/
          if(
            or(
              isusermemberofgroup(
                username: local!loggedInUser(),
                groupId: {
                  #"_a-0000deb5-0bcc-8000-9ba2-011c48011c48_219197"
                }
              ),
              isusermemberofgroup(
                username: local!loggedInUser(),
                groupId: {
                  #"_a-0000deb5-0bcc-8000-9ba2-011c48011c48_219367"
                }
              )
            ),
            #"_a-0000def2-cb5b-8000-9ba2-011c48011c48_237311"(),
            {}
          )
        },
        {
          /*2 - Graduate Coordinator Dashboard*/
          if(
            isusermemberofgroup(
              username: local!loggedInUser(),
              groupId: #"_a-0000deb5-0bcc-8000-9ba2-011c48011c48_220117"
            ),
            #"_a-0000def2-cb5b-8000-9ba2-011c48011c48_237327"(),
            {}
          )
        },
        {
          /*3 - Faculty Reviewer Dashboard*/
          if(
            isusermemberofgroup(
              username: local!loggedInUser(),
              groupId: #"_a-0000deb5-0bcc-8000-9ba2-011c48011c48_219548"
            ),
            #"_a-0000def2-cb5b-8000-9ba2-011c48011c48_237321"(),
            {}
          )
        },
        #"_a-0000dee0-8e2c-8000-9ba2-011c48011c48_232875"(),
        /*rule!USF_c_underConstructionImage()*/
        #"_a-0000def2-cb5b-8000-9ba2-011c48011c48_237615"(),
        #"_a-0000def2-cb5b-8000-9ba2-011c48011c48_239042"()
      )
    }
  )
)</definition>
        <metadataExpr></metadataExpr>
        <preferredEditor>interface</preferredEditor>
        <offlineEnabled>false</offlineEnabled>
    </rule>
    <roleMap public="true">
        <role inherit="true" allowForAll="false" name="readers">
            <users/>
            <groups/>
        </role>
        <role inherit="true" allowForAll="false" name="authors">
            <users/>
            <groups/>
        </role>
        <role inherit="true" allowForAll="false" name="administrators">
            <users/>
            <groups/>
        </role>
        <role inherit="false" allowForAll="false" name="denyReaders">
            <users/>
            <groups/>
        </role>
        <role inherit="false" allowForAll="false" name="denyAuthors">
            <users/>
            <groups/>
        </role>
        <role inherit="false" allowForAll="false" name="denyAdministrators">
            <users/>
            <groups/>
        </role>
    </roleMap>
</contentHaul>
