<?xml version="1.0" encoding="UTF-8" standalone="yes"?>
<contentHaul xmlns:a="http://www.appian.com/ae/types/2009">
    <rule>
        <name>UAP_cancelApplicationTypeConstuctorAuditHistory</name>
        <uuid>_a-0000deef-1613-8000-9ba2-011c48011c48_233619</uuid>
        <description>A type constructor for the audit History for application cancel actions</description>
        <parentUuid>_a-0000deb5-0bcc-8000-9ba2-011c48011c48_218267</parentUuid>
        <visibility>
            <advertise>false</advertise>
            <hierarchy>true</hierarchy>
            <indexable>true</indexable>
            <quota>false</quota>
            <searchable>true</searchable>
            <system>false</system>
            <unlogged>false</unlogged>
        </visibility>
        <definition>'type!{urn:com:appian:types:TRV}TRV_auditHistory'(
  recordId: ri!recordId,
  recordType: #"_a-0000deb5-0bcc-8000-9ba2-011c48011c48_218652",
  initiatorName: loggedinuser(),
  eventTimestamp: now(),
  actionType: #"_a-0000decc-9caf-8000-9ba2-011c48011c48_227002",
  actionDescription: if(
    ri!applicationDecision = #"_a-0000deef-1613-8000-9ba2-011c48011c48_233642",
    #"_a-0000decc-9caf-8000-9ba2-011c48011c48_227005" &amp; ": " &amp; #"_a-0000deef-1613-8000-9ba2-011c48011c48_233633",
    if(
      ri!applicationDecision = #"_a-0000deef-1613-8000-9ba2-011c48011c48_233643",
      #"_a-0000decc-9caf-8000-9ba2-011c48011c48_227005" &amp; ": " &amp; #"_a-0000deef-1613-8000-9ba2-011c48011c48_233634",
      if(
        ri!applicationDecision = #"_a-0000deef-1613-8000-9ba2-011c48011c48_233644",
        #"_a-0000decc-9caf-8000-9ba2-011c48011c48_227005" &amp; ": " &amp; #"_a-0000deef-1613-8000-9ba2-011c48011c48_233638",
        if(
          ri!applicationDecision = #"_a-0000deef-1613-8000-9ba2-011c48011c48_233645",
          #"_a-0000decc-9caf-8000-9ba2-011c48011c48_227005" &amp; ": " &amp; #"_a-0000deef-1613-8000-9ba2-011c48011c48_233639",
          if(
            ri!applicationDecision = #"_a-0000deef-1613-8000-9ba2-011c48011c48_233646",
            #"_a-0000decc-9caf-8000-9ba2-011c48011c48_227005" &amp; ": " &amp; #"_a-0000deef-1613-8000-9ba2-011c48011c48_233640",
            if(
              ri!applicationDecision = #"_a-0000defe-bf54-8000-9ba2-011c48011c48_243181",
              #"_a-0000decc-9caf-8000-9ba2-011c48011c48_227005" &amp; ": " &amp; #"_a-0000defe-bf54-8000-9ba2-011c48011c48_243192",
              if(
                ri!applicationDecision = #"_a-0000defe-bf54-8000-9ba2-011c48011c48_243183",
                #"_a-0000decc-9caf-8000-9ba2-011c48011c48_227005" &amp; ": " &amp; #"_a-0000defe-bf54-8000-9ba2-011c48011c48_243197",
                {}
              )
            )
          )
        )
      )
    )
  ),
  notes: if(
    isnull(
      ri!cancellationComments
    ),
    {},
    ri!cancellationComments
  ),
  isCompleted: 1
)</definition>
        <namedTypedValue>
            <name>recordId</name>
            <type>
                <name>int</name>
                <namespace>http://www.w3.org/2001/XMLSchema</namespace>
            </type>
        </namedTypedValue>
        <namedTypedValue>
            <name>applicationDecision</name>
            <type>
                <name>string</name>
                <namespace>http://www.w3.org/2001/XMLSchema</namespace>
            </type>
            <value/>
        </namedTypedValue>
        <namedTypedValue>
            <name>cancellationComments</name>
            <type>
                <name>string</name>
                <namespace>http://www.w3.org/2001/XMLSchema</namespace>
            </type>
            <value/>
        </namedTypedValue>
        <preferredEditor>legacy</preferredEditor>
        <offlineEnabled>false</offlineEnabled>
    </rule>
    <roleMap public="true">
        <role inherit="true" allowForAll="false" name="readers">
            <users/>
            <groups/>
        </role>
        <role inherit="true" allowForAll="false" name="authors">
            <users/>
            <groups/>
        </role>
        <role inherit="true" allowForAll="false" name="administrators">
            <users/>
            <groups/>
        </role>
        <role inherit="false" allowForAll="false" name="denyReaders">
            <users/>
            <groups/>
        </role>
        <role inherit="false" allowForAll="false" name="denyAuthors">
            <users/>
            <groups/>
        </role>
        <role inherit="false" allowForAll="false" name="denyAdministrators">
            <users/>
            <groups/>
        </role>
    </roleMap>
</contentHaul>
