<?xml version="1.0" encoding="UTF-8" standalone="yes"?>
<contentHaul xmlns:a="http://www.appian.com/ae/types/2009">
    <rule>
        <name>UAP_convertTermToDate</name>
        <uuid>_a-0000df16-9c51-8000-9ba2-011c48011c48_252365</uuid>
        <description>Expression rule that takes a term "Spring 2017" and converts it into a date "1/1/2017"</description>
        <parentUuid>_a-0000deb5-0bcc-8000-9ba2-011c48011c48_218267</parentUuid>
        <visibility>
            <advertise>false</advertise>
            <hierarchy>true</hierarchy>
            <indexable>true</indexable>
            <quota>false</quota>
            <searchable>true</searchable>
            <system>false</system>
            <unlogged>false</unlogged>
        </visibility>
        <definition>with(
  local!splitInputTerm: split(
    #"_a-0000def2-cb5b-8000-9ba2-011c48011c48_238367"(
      ri!inputTerm
    ),
    " "
  ),
  local!semester: index(
    local!splitInputTerm,
    1,
    null
  ),
  local!year: index(
    local!splitInputTerm,
    2,
    null
  ),
  if(
    #"_a-0000d62a-67b3-8000-da6f-010000010000_950"(
      ri!inputTerm
    ),
    null,
    if(
      local!semester = #"_a-0000def2-cb5b-8000-9ba2-011c48011c48_238321",
      todate(
        concat(
          "1/1/",
          local!year
        )
      ),
      if(
        local!semester = #"_a-0000def2-cb5b-8000-9ba2-011c48011c48_238322",
        todate(
          concat(
            "5/1/",
            local!year
          )
        ),
        todate(
          concat(
            "8/1/",
            local!year
          )
        )
      )
    )
  )
)</definition>
        <namedTypedValue>
            <name>inputTerm</name>
            <type>
                <name>string</name>
                <namespace>http://www.w3.org/2001/XMLSchema</namespace>
            </type>
            <value/>
        </namedTypedValue>
        <preferredEditor>legacy</preferredEditor>
        <offlineEnabled>false</offlineEnabled>
    </rule>
    <roleMap public="true">
        <role inherit="true" allowForAll="false" name="readers">
            <users/>
            <groups/>
        </role>
        <role inherit="true" allowForAll="false" name="authors">
            <users/>
            <groups/>
        </role>
        <role inherit="true" allowForAll="false" name="administrators">
            <users/>
            <groups/>
        </role>
        <role inherit="false" allowForAll="false" name="denyReaders">
            <users/>
            <groups/>
        </role>
        <role inherit="false" allowForAll="false" name="denyAuthors">
            <users/>
            <groups/>
        </role>
        <role inherit="false" allowForAll="false" name="denyAdministrators">
            <users/>
            <groups/>
        </role>
    </roleMap>
</contentHaul>
