<?xml version="1.0" encoding="UTF-8" standalone="yes"?>
<contentHaul xmlns:a="http://www.appian.com/ae/types/2009">
    <rule>
        <name>UAP_wereChangesMade</name>
        <uuid>_a-0000defe-bf54-8000-9ba2-011c48011c48_243846</uuid>
        <description>Returns true if there were changes made to term or program</description>
        <parentUuid>_a-0000deb5-0bcc-8000-9ba2-011c48011c48_218267</parentUuid>
        <visibility>
            <advertise>false</advertise>
            <hierarchy>true</hierarchy>
            <indexable>true</indexable>
            <quota>false</quota>
            <searchable>true</searchable>
            <system>false</system>
            <unlogged>false</unlogged>
        </visibility>
        <definition>with
(
  /*String representation of the program on load*/
  local!oldProgram:
  ri!gradAppOnLoad.college
  &amp;"-"&amp;
  ri!gradAppOnLoad.majorCode
  &amp;"-"&amp;
  if
  (
    #"_a-0000d62a-67b3-8000-da6f-010000010000_950"(ri!gradAppOnLoad.concentrationCode),
    "none",
    ri!gradAppOnLoad.concentrationCode
  )
  &amp;"-"&amp;
  ri!gradAppOnLoad.degree,
  
  /*String representation of the program on submit*/
  local!newProgram:
  ri!gradApp.college
  &amp;"-"&amp;
  ri!gradApp.majorCode
  &amp;"-"&amp;
  if
  (
    #"_a-0000d62a-67b3-8000-da6f-010000010000_950"(ri!gradApp.concentrationCode),
    "none",
    ri!gradApp.concentrationCode
  )
  &amp;"-"&amp;
  ri!gradApp.degree,
  
  if
  (
    /*If N/A, false*/
    ri!modifyValue = #"_a-0000defe-bf54-8000-9ba2-011c48011c48_242441",
    false,
    
    if
    (
      /*If program, true if program has changed*/
      ri!modifyValue = #"_a-0000defe-bf54-8000-9ba2-011c48011c48_242442",
      local!oldProgram &lt;&gt; local!newProgram,
      
      /*If term, true if term has changed*/
      ri!gradApp.term &lt;&gt; ri!gradAppOnLoad.term
    )
  )
)</definition>
        <namedTypedValue>
            <name>gradApp</name>
            <type>
                <name>UAP_v_graduateApplication</name>
                <namespace>urn:com:appian:types:UAP</namespace>
            </type>
        </namedTypedValue>
        <namedTypedValue>
            <name>gradAppOnLoad</name>
            <type>
                <name>UAP_v_graduateApplication</name>
                <namespace>urn:com:appian:types:UAP</namespace>
            </type>
        </namedTypedValue>
        <namedTypedValue>
            <name>modifyValue</name>
            <type>
                <name>string</name>
                <namespace>http://www.w3.org/2001/XMLSchema</namespace>
            </type>
            <value/>
        </namedTypedValue>
        <preferredEditor>legacy</preferredEditor>
        <offlineEnabled>false</offlineEnabled>
    </rule>
    <roleMap public="true">
        <role inherit="true" allowForAll="false" name="readers">
            <users/>
            <groups/>
        </role>
        <role inherit="true" allowForAll="false" name="authors">
            <users/>
            <groups/>
        </role>
        <role inherit="true" allowForAll="false" name="administrators">
            <users/>
            <groups/>
        </role>
        <role inherit="false" allowForAll="false" name="denyReaders">
            <users/>
            <groups/>
        </role>
        <role inherit="false" allowForAll="false" name="denyAuthors">
            <users/>
            <groups/>
        </role>
        <role inherit="false" allowForAll="false" name="denyAdministrators">
            <users/>
            <groups/>
        </role>
    </roleMap>
</contentHaul>
