<?xml version="1.0" encoding="UTF-8" standalone="yes"?>
<contentHaul xmlns:a="http://www.appian.com/ae/types/2009">
    <rule>
        <name>UAP_s_review</name>
        <uuid>_a-0000dec3-7017-8000-9ba2-011c48011c48_223542</uuid>
        <description>A section containing the reviews for an application</description>
        <parentUuid>_a-0000deb5-0bcc-8000-9ba2-011c48011c48_218266</parentUuid>
        <visibility>
            <advertise>false</advertise>
            <hierarchy>true</hierarchy>
            <indexable>true</indexable>
            <quota>false</quota>
            <searchable>true</searchable>
            <system>false</system>
            <unlogged>false</unlogged>
        </visibility>
        <definition>load(
  local!reviewList:
  if
  (
    ri!hideReviews,
    index
    (
      ri!reviewDataSubset.data,
      where(apply(fn!exact(ri!loggedInUser,_),index(ri!reviewDataSubset.data,"reviewer",{}))),
      {}
    ),
    ri!reviewDataSubset.data
  ),
  local!reviewDataSubset: todatasubset(
    local!reviewList,
    ri!pagingInfo
  ),
  #"SYSTEM_SYSRULES_sectionLayout"(
    label: if(
      isnull(
        ri!sectionLabel
      ),
      "Reviews",
      ri!sectionLabel
    ),
    isCollapsible: true,
    firstColumnContents: {
      if(
        or(
          #"_a-0000d62a-67b3-8000-da6f-010000010000_950"(
            ri!deptRecommendation
          ),
          ri!hideReviews
        ),
        {},
        #"SYSTEM_SYSRULES_richTextDisplayField"(
          labelPosition: "COLLAPSED",
          value: {
            #"SYSTEM_SYSRULES_richTextItem"(
              text: "Director Recommendation: "
            ),
            if(
              contains(
                {
                  #"_a-0000decc-9caf-8000-9ba2-011c48011c48_225407",
                  #"_a-0000decc-9caf-8000-9ba2-011c48011c48_225410",
                  #"_a-0000decc-9caf-8000-9ba2-011c48011c48_225411"
                },
                ri!deptRecommendation.refId
              ),
              #"SYSTEM_SYSRULES_richTextImage"(
                image: #"SYSTEM_SYSRULES_documentImage"(
                  document: choose(
                    wherecontains(
                      ri!deptRecommendation.refId,
                      {
                        #"_a-0000decc-9caf-8000-9ba2-011c48011c48_225407",
                        #"_a-0000decc-9caf-8000-9ba2-011c48011c48_225410",
                        #"_a-0000decc-9caf-8000-9ba2-011c48011c48_225411"
                      }
                    ),
                    /*Admit*/
                    {
                      #"SYSTEM_SYSRULES_iconIndicator"(
                        "STATUS_OK"
                      )
                    },
                    /*Deny*/
                    {
                      #"SYSTEM_SYSRULES_iconIndicator"(
                        "STATUS_NOTDONE"
                      )
                    },
                    /*Waitlist*/
                    {
                      #"SYSTEM_SYSRULES_iconIndicator"(
                        "STATUS_WARN"
                      )
                    }
                  )
                )
              ),
              {}
            ),
            #"SYSTEM_SYSRULES_richTextItem"(
              text: ri!deptRecommendation.displayValue,
              style: "STRONG"
            )
          }
        )
      ),
      if(
        ri!hideReviews,
        #"SYSTEM_SYSRULES_richTextDisplayField"
        (
          labelPosition: "COLLAPSED",
          value:
          {
            #"SYSTEM_SYSRULES_richTextItem"(
              text: ri!reviewDataSubset.totalCount &amp; "/" &amp; ri!reviewerDataSubset.totalCount,
              style: "STRONG"
            ),
            #"SYSTEM_SYSRULES_richTextItem"(
              text: " Reviews Completed"
            )
          }
        ),
        /*Show a roll-up summary of the reviews*/
        #"SYSTEM_SYSRULES_richTextDisplayField"(
          labelPosition: "COLLAPSED",
          value: if(
            ri!reviewDataSubset.totalCount = 0,
            {
              #"SYSTEM_SYSRULES_richTextItem"(
                text: ri!reviewDataSubset.totalCount &amp; "/" &amp; ri!reviewerDataSubset.totalCount,
                style: "STRONG"
              ),
              #"SYSTEM_SYSRULES_richTextItem"(
                text: " Reviews Completed"
              )
            },
            {
              /*Display scoring differently based on scoring type*/
              choose(
                wherecontains(
                  ri!scoringTypeId,
                  {
                    #"_a-0000dec3-7017-8000-9ba2-011c48011c48_223402",
                    #"_a-0000dec3-7017-8000-9ba2-011c48011c48_223404",
                    #"_a-0000dec3-7017-8000-9ba2-011c48011c48_223405"
                  }
                ),
                /*Admit/Deny*/
                {
                  #"SYSTEM_SYSRULES_richTextItem"(
                    style: "STRONG",
                    text: sum(
                      ri!reviewDataSubset.data.ratingScore
                    )
                  ),
                  #"SYSTEM_SYSRULES_richTextItem"(
                    text: " Approvals and "
                  ),
                  #"SYSTEM_SYSRULES_richTextItem"(
                    style: "STRONG",
                    text: ri!reviewDataSubset.totalCount - sum(
                      ri!reviewDataSubset.data.ratingScore
                    )
                  ),
                  #"SYSTEM_SYSRULES_richTextItem"(
                    text: " Denials by "
                  ),
                  #"SYSTEM_SYSRULES_richTextItem"(
                    text: ri!reviewDataSubset.totalCount &amp; "/" &amp; ri!reviewerDataSubset.totalCount,
                    style: "STRONG"
                  ),
                  #"SYSTEM_SYSRULES_richTextItem"(
                    text: " Possible Reviewers"
                  )
                },
                /*Percentage*/
                {
                  #"SYSTEM_SYSRULES_richTextItem"(
                    style: "STRONG",
                    text: fixed(
                      average(
                        ri!reviewDataSubset.data.ratingScore
                      ),
                      1,
                      true
                    ) &amp; "%"
                  ),
                  #"SYSTEM_SYSRULES_richTextItem"(
                    text: " Average Rating by "
                  ),
                  #"SYSTEM_SYSRULES_richTextItem"(
                    text: ri!reviewDataSubset.totalCount &amp; "/" &amp; ri!reviewerDataSubset.totalCount,
                    style: "STRONG"
                  ),
                  #"SYSTEM_SYSRULES_richTextItem"(
                    text: " Possible Reviewers"
                  )
                },
                /*Likert*/
                {
                  #"SYSTEM_SYSRULES_richTextItem"(
                    style: "STRONG",
                    text: round(
                      average(
                        ri!reviewDataSubset.data.ratingScore
                      ),
                      2
                    ) &amp; "/" &amp; "5"
                  ),
                  #"SYSTEM_SYSRULES_richTextItem"(
                    text: " Average Rating by "
                  ),
                  #"SYSTEM_SYSRULES_richTextItem"(
                    text: ri!reviewDataSubset.totalCount &amp; "/" &amp; ri!reviewerDataSubset.totalCount,
                    style: "STRONG"
                  ),
                  #"SYSTEM_SYSRULES_richTextItem"(
                    text: " Possible Reviewers"
                  )
                }
              )
            }
          )
        )
      ),
      #"SYSTEM_SYSRULES_gridField"(
        totalCount: local!reviewDataSubset.totalCount,
        emptyGridMessage:
        if
        (
          ri!hideReviews,
          "You have not reviewed this application",
          "No reviews found"
        ),
        labelPosition: "COLLAPSED",
        value: ri!pagingInfo,
        saveInto: {
          ri!pagingInfo,
          a!save(
            local!reviewDataSubset,
            todatasubset(
              local!reviewList,
              ri!pagingInfo
            )
          )
        },
        columns: {
          #"SYSTEM_SYSRULES_gridTextColumn"(
            label: "Rating",
            field: "ratingScore",
            data: index(
              index(
                local!reviewDataSubset,
                "data",
                null
              ),
              "ratingScore",
              {}
            )
          ),
          if(
            isusermemberofgroups(
              loggedinuser(),
              {
                #"_a-0000deb5-0bcc-8000-9ba2-011c48011c48_219197",
                #"_a-0000deb5-0bcc-8000-9ba2-011c48011c48_220117",
                #"_a-0000deb5-0bcc-8000-9ba2-011c48011c48_219367"
              }
            ),
            #"SYSTEM_SYSRULES_gridTextColumn"(
              label: "Reviewer",
              field: "reviewer",
              data: apply(
                #"_a-0000d690-12fb-8000-0f1a-010000010000_1352"(
                  _
                ),
                index(
                  index(
                    local!reviewDataSubset,
                    "data",
                    null
                  ),
                  "reviewer",
                  {}
                )
              )
            ),
            {}
          ),
          #"SYSTEM_SYSRULES_gridTextColumn"(
            label: "Comment",
            field: "comment",
            data: index(
              index(
                local!reviewDataSubset,
                "data",
                null
              ),
              "comment",
              {}
            )
          ),
          #"SYSTEM_SYSRULES_gridTextColumn"(
            label: "Timestamp",
            field: "createdOn",
            data: index(
              index(
                local!reviewDataSubset,
                "data",
                null
              ),
              "createdOn",
              {}
            )
          ),
          if(
            ri!showNames,
            #"SYSTEM_SYSRULES_gridTextColumn"(
              label: "Reviewer",
              field: "reviewer",
              data: apply(
                #"_a-0000d690-12fb-8000-0f1a-010000010000_1352",
                index(
                  index(
                    local!reviewDataSubset,
                    "data",
                    null
                  ),
                  "reviewer",
                  {}
                )
              )
            ),
            {}
          )
        }
      )
    }
  )
)</definition>
        <namedTypedValue>
            <name>reviewDataSubset</name>
            <type>
                <name>DataSubset</name>
                <namespace>http://www.appian.com/ae/types/2009</namespace>
            </type>
        </namedTypedValue>
        <namedTypedValue>
            <name>pagingInfo</name>
            <type>
                <name>PagingInfo</name>
                <namespace>http://www.appian.com/ae/types/2009</namespace>
            </type>
        </namedTypedValue>
        <namedTypedValue>
            <name>scoringTypeId</name>
            <type>
                <name>int</name>
                <namespace>http://www.w3.org/2001/XMLSchema</namespace>
            </type>
        </namedTypedValue>
        <namedTypedValue>
            <name>reviewerDataSubset</name>
            <type>
                <name>DataSubset</name>
                <namespace>http://www.appian.com/ae/types/2009</namespace>
            </type>
        </namedTypedValue>
        <namedTypedValue>
            <name>showNames</name>
            <type>
                <name>boolean</name>
                <namespace>http://www.w3.org/2001/XMLSchema</namespace>
            </type>
        </namedTypedValue>
        <namedTypedValue>
            <name>sectionLabel</name>
            <type>
                <name>string</name>
                <namespace>http://www.w3.org/2001/XMLSchema</namespace>
            </type>
            <value/>
        </namedTypedValue>
        <namedTypedValue>
            <name>hideReviews</name>
            <type>
                <name>boolean</name>
                <namespace>http://www.w3.org/2001/XMLSchema</namespace>
            </type>
        </namedTypedValue>
        <namedTypedValue>
            <name>deptRecommendation</name>
            <type>
                <name>UAP_reference</name>
                <namespace>urn:com:appian:types:UAP</namespace>
            </type>
        </namedTypedValue>
        <namedTypedValue>
            <name>loggedInUser</name>
            <type>
                <name>string</name>
                <namespace>http://www.w3.org/2001/XMLSchema</namespace>
            </type>
            <value/>
        </namedTypedValue>
        <metadataExpr></metadataExpr>
        <preferredEditor>interface</preferredEditor>
        <offlineEnabled>false</offlineEnabled>
    </rule>
    <roleMap public="true">
        <role inherit="true" allowForAll="false" name="readers">
            <users/>
            <groups/>
        </role>
        <role inherit="true" allowForAll="false" name="authors">
            <users/>
            <groups/>
        </role>
        <role inherit="true" allowForAll="false" name="administrators">
            <users/>
            <groups/>
        </role>
        <role inherit="false" allowForAll="false" name="denyReaders">
            <users/>
            <groups/>
        </role>
        <role inherit="false" allowForAll="false" name="denyAuthors">
            <users/>
            <groups/>
        </role>
        <role inherit="false" allowForAll="false" name="denyAdministrators">
            <users/>
            <groups/>
        </role>
    </roleMap>
    <typedValue>
        <type>
            <name>RuleTestConfig?list</name>
            <namespace>http://www.appian.com/ae/types/2009</namespace>
        </type>
        <value>
            <el>
                <a:name/>
                <a:ruleInputTestConfigs>
                    <a:value xmlns:xsi="http://www.w3.org/2001/XMLSchema-instance" xsi:type="a:Expression">#"_a-0000dec3-7017-8000-9ba2-011c48011c48_223357"&#xD;
  (&#xD;
    pagingInfo: &#xD;
    #"SYSTEM_SYSRULES_pagingInfo"(&#xD;
    startIndex: 1,&#xD;
    batchSize: 100,&#xD;
    sort:&#xD;
    #"SYSTEM_SYSRULES_sortInfo"&#xD;
    (&#xD;
      field: "createdOn",&#xD;
      ascending: false&#xD;
    )&#xD;
  ),&#xD;
    reviewCycleId: &#xD;
    #"_a-0000dec3-7017-8000-9ba2-011c48011c48_223347"&#xD;
    (&#xD;
      returnCdt: true,&#xD;
      applicationId: 1&#xD;
    ).reviewCycleId&#xD;
  )</a:value>
                    <a:nameRef>reviewDataSubset</a:nameRef>
                    <a:id/>
                </a:ruleInputTestConfigs>
                <a:ruleInputTestConfigs>
                    <a:value xmlns:xsi="http://www.w3.org/2001/XMLSchema-instance" xsi:type="a:Expression">#"SYSTEM_SYSRULES_pagingInfo"(&#xD;
    startIndex: 1,&#xD;
    batchSize: 5,&#xD;
    sort:&#xD;
    #"SYSTEM_SYSRULES_sortInfo"&#xD;
    (&#xD;
      field: "createdOn",&#xD;
      ascending: false&#xD;
    )&#xD;
  )</a:value>
                    <a:nameRef>pagingInfo</a:nameRef>
                    <a:id/>
                </a:ruleInputTestConfigs>
                <a:ruleInputTestConfigs>
                    <a:value xmlns:xsd="http://www.w3.org/2001/XMLSchema" xmlns:xsi="http://www.w3.org/2001/XMLSchema-instance" xsi:type="xsd:int">3</a:value>
                    <a:nameRef>scoringTypeId</a:nameRef>
                    <a:id/>
                </a:ruleInputTestConfigs>
                <a:ruleInputTestConfigs>
                    <a:value xmlns:xsi="http://www.w3.org/2001/XMLSchema-instance" xsi:type="a:Expression">#"_a-0000deb5-0bcc-8000-9ba2-011c48011c48_219583"&#xD;
  (&#xD;
    levelThreeId: 5,&#xD;
    pagingInfo:&#xD;
    #"SYSTEM_SYSRULES_pagingInfo"&#xD;
    (&#xD;
      startIndex: 1,&#xD;
      &#xD;
      /*Pull back all of them. Set to 100 for safeguard*/&#xD;
      batchSize: 100,&#xD;
      sort:&#xD;
      #"SYSTEM_SYSRULES_sortInfo"&#xD;
      (&#xD;
        field: "id",&#xD;
        ascending: true&#xD;
      )&#xD;
    )&#xD;
  )</a:value>
                    <a:nameRef>reviewerDataSubset</a:nameRef>
                    <a:id/>
                </a:ruleInputTestConfigs>
                <a:ruleInputTestConfigs>
                    <a:value xmlns:xsd="http://www.w3.org/2001/XMLSchema" xmlns:xsi="http://www.w3.org/2001/XMLSchema-instance" xsi:nil="true" xsi:type="xsd:boolean"/>
                    <a:nameRef>showNames</a:nameRef>
                    <a:id/>
                </a:ruleInputTestConfigs>
                <a:ruleInputTestConfigs>
                    <a:value xmlns:xsd="http://www.w3.org/2001/XMLSchema" xmlns:xsi="http://www.w3.org/2001/XMLSchema-instance" xsi:type="xsd:string"/>
                    <a:nameRef>sectionLabel</a:nameRef>
                    <a:id/>
                </a:ruleInputTestConfigs>
                <a:ruleInputTestConfigs>
                    <a:value xmlns:xsd="http://www.w3.org/2001/XMLSchema" xmlns:xsi="http://www.w3.org/2001/XMLSchema-instance" xsi:nil="true" xsi:type="xsd:boolean"/>
                    <a:nameRef>hideReviews</a:nameRef>
                    <a:id/>
                </a:ruleInputTestConfigs>
                <a:ruleInputTestConfigs>
                    <a:value xmlns:n1="urn:com:appian:types:UAP" xmlns:xsi="http://www.w3.org/2001/XMLSchema-instance" xsi:nil="true" xsi:type="n1:UAP_reference"/>
                    <a:nameRef>deptRecommendation</a:nameRef>
                    <a:id/>
                </a:ruleInputTestConfigs>
                <a:ruleInputTestConfigs>
                    <a:value xmlns:xsd="http://www.w3.org/2001/XMLSchema" xmlns:xsi="http://www.w3.org/2001/XMLSchema-instance" xsi:type="xsd:string"/>
                    <a:nameRef>loggedInUser</a:nameRef>
                    <a:id/>
                </a:ruleInputTestConfigs>
                <a:assertions xmlns:xsi="http://www.w3.org/2001/XMLSchema-instance" xsi:nil="true"/>
            </el>
        </value>
    </typedValue>
</contentHaul>
