<?xml version="1.0" encoding="UTF-8" standalone="yes"?>
<contentHaul xmlns:a="http://www.appian.com/ae/types/2009">
    <rule>
        <name>UAP_facultyReviewerScore</name>
        <uuid>_a-0000decc-9caf-8000-9ba2-011c48011c48_226494</uuid>
        <description>Gets the score for the logged in faculty reviewer</description>
        <parentUuid>_a-0000deb5-0bcc-8000-9ba2-011c48011c48_218267</parentUuid>
        <visibility>
            <advertise>false</advertise>
            <hierarchy>true</hierarchy>
            <indexable>true</indexable>
            <quota>false</quota>
            <searchable>true</searchable>
            <system>false</system>
            <unlogged>false</unlogged>
        </visibility>
        <definition>with&#xD;
(&#xD;
  local!score:&#xD;
  if&#xD;
  (&#xD;
    or&#xD;
    (&#xD;
      #"_a-0000d62a-67b3-8000-da6f-010000010000_950"(ri!facultyReviewer.reviewCount),&#xD;
      ri!facultyReviewer.reviewCount = 0&#xD;
    ),&#xD;
    &#xD;
    /*No score*/&#xD;
    #"_a-0000decc-9caf-8000-9ba2-011c48011c48_226498",&#xD;
    &#xD;
    #"_a-0000decc-9caf-8000-9ba2-011c48011c48_226500"&#xD;
    (&#xD;
      facultyReviewer: ri!facultyReviewer,&#xD;
      loggedInUser: ri!loggedInUser&#xD;
    )&#xD;
  ),&#xD;
  &#xD;
  if&#xD;
  (&#xD;
    /*If there's no score, handle that*/&#xD;
    or&#xD;
    (&#xD;
      local!score = #"_a-0000decc-9caf-8000-9ba2-011c48011c48_226498",&#xD;
      #"_a-0000d62a-67b3-8000-da6f-010000010000_950"(ri!facultyReviewer.scoringTypeId)&#xD;
    ),&#xD;
    #"_a-0000decc-9caf-8000-9ba2-011c48011c48_226505",&#xD;
    &#xD;
    /*Otherwise display the score based on the scoring type id*/&#xD;
    choose&#xD;
    (&#xD;
      wherecontains&#xD;
      (&#xD;
        ri!facultyReviewer.scoringTypeId,&#xD;
        {&#xD;
          #"_a-0000dec3-7017-8000-9ba2-011c48011c48_223402",&#xD;
          #"_a-0000dec3-7017-8000-9ba2-011c48011c48_223405",&#xD;
          #"_a-0000dec3-7017-8000-9ba2-011c48011c48_223404"&#xD;
        }&#xD;
      ),&#xD;
      &#xD;
      /*Admit/Deny*/&#xD;
      {&#xD;
        if&#xD;
        (&#xD;
          index(local!score,1,null) = 1,&#xD;
          "Admit",&#xD;
          "Deny"&#xD;
        )&#xD;
      },&#xD;
      &#xD;
      /*Likert*/&#xD;
      {&#xD;
        index(local!score,1,null)&amp;" / 5"&#xD;
      },&#xD;
     &#xD;
      /*Percentage*/&#xD;
      {&#xD;
        index(local!score,1,null)&amp;"%"&#xD;
      }&#xD;
    )&#xD;
  )&#xD;
)</definition>
        <namedTypedValue>
            <name>loggedInUser</name>
            <type>
                <name>string</name>
                <namespace>http://www.w3.org/2001/XMLSchema</namespace>
            </type>
            <value/>
        </namedTypedValue>
        <namedTypedValue>
            <name>facultyReviewer</name>
            <type>
                <name>UAP_v_facultyReviewer</name>
                <namespace>urn:com:appian:types:UAP</namespace>
            </type>
        </namedTypedValue>
        <preferredEditor>legacy</preferredEditor>
        <offlineEnabled>false</offlineEnabled>
    </rule>
    <roleMap public="true">
        <role inherit="true" allowForAll="false" name="readers">
            <users/>
            <groups/>
        </role>
        <role inherit="true" allowForAll="false" name="authors">
            <users/>
            <groups/>
        </role>
        <role inherit="true" allowForAll="false" name="administrators">
            <users/>
            <groups/>
        </role>
        <role inherit="false" allowForAll="false" name="denyReaders">
            <users/>
            <groups/>
        </role>
        <role inherit="false" allowForAll="false" name="denyAuthors">
            <users/>
            <groups/>
        </role>
        <role inherit="false" allowForAll="false" name="denyAdministrators">
            <users/>
            <groups/>
        </role>
    </roleMap>
    <typedValue>
        <type>
            <name>RuleTestConfig?list</name>
            <namespace>http://www.appian.com/ae/types/2009</namespace>
        </type>
        <value>
            <el>
                <a:name>Test Case 1</a:name>
                <a:ruleInputTestConfigs>
                    <a:value xmlns:xsd="http://www.w3.org/2001/XMLSchema" xmlns:xsi="http://www.w3.org/2001/XMLSchema-instance" xsi:type="xsd:string">U65196699</a:value>
                    <a:nameRef>loggedInUser</a:nameRef>
                    <a:id>1</a:id>
                </a:ruleInputTestConfigs>
                <a:ruleInputTestConfigs>
                    <a:value xmlns:xsi="http://www.w3.org/2001/XMLSchema-instance" xsi:type="a:Expression">#"_a-0000decc-9caf-8000-9ba2-011c48011c48_226356"&#xD;
  (&#xD;
    reviewedBy: "U65196699",&#xD;
    returnAll: true,&#xD;
    pagingInfo: #"SYSTEM_SYSRULES_pagingInfo"(&#xD;
    startIndex: 1,&#xD;
    batchSize: 10,&#xD;
    sort: #"SYSTEM_SYSRULES_sortInfo"(&#xD;
      field: "applicationId",&#xD;
      ascending: true&#xD;
    )&#xD;
  )&#xD;
  )</a:value>
                    <a:nameRef>facultyReviewer</a:nameRef>
                    <a:id>2</a:id>
                </a:ruleInputTestConfigs>
                <a:assertions xmlns:xsi="http://www.w3.org/2001/XMLSchema-instance" xsi:nil="true"/>
            </el>
        </value>
    </typedValue>
</contentHaul>
