<?xml version="1.0" encoding="UTF-8" standalone="yes"?>
<contentHaul xmlns:a="http://www.appian.com/ae/types/2009">
    <rule>
        <name>UAP_getReviewer</name>
        <uuid>_a-0000deb5-0bcc-8000-9ba2-011c48011c48_219583</uuid>
        <description>Queries the UAP_reviewer table</description>
        <parentUuid>_a-0000deb5-0bcc-8000-9ba2-011c48011c48_218267</parentUuid>
        <visibility>
            <advertise>false</advertise>
            <hierarchy>true</hierarchy>
            <indexable>true</indexable>
            <quota>false</quota>
            <searchable>true</searchable>
            <system>false</system>
            <unlogged>false</unlogged>
        </visibility>
        <definition>with(
  local!queryDatasubset: #"SYSTEM_SYSRULES_queryEntity"(
    entity: #"_a-0000deb5-0bcc-8000-9ba2-011c48011c48_219584",
    query: #"SYSTEM_SYSRULES_query"(
      pagingInfo: if(
        #"_a-0000d62a-67b3-8000-da6f-010000010000_950"(
          ri!pagingInfo
        ),
        #"SYSTEM_SYSRULES_pagingInfo"(
          startIndex: 1,
          batchSize: - 1,
          sort: #"SYSTEM_SYSRULES_sortInfo"(
            field: "id",
            ascending: true
          )
        ),
        ri!pagingInfo
      ),
      logicalExpression: #"SYSTEM_SYSRULES_queryLogicalExpression"(
        operator: "AND",
        filters: {
          if(
            and(
              isnull(
                ri!id
              ),
              isnull(
                ri!levelThreeId
              ),
              isnull(
                ri!name
              ),
              #"_a-0000d62a-67b3-8000-da6f-010000010000_951"(ri!nameList)
            ),
            if(
              ri!returnAll,
              #"SYSTEM_SYSRULES_queryFilter"(
                field: "id",
                operator: "not null"
              ),
              #"SYSTEM_SYSRULES_queryFilter"(
                field: "id",
                operator: "is null"
              )
            ),
            {
              if(
                isnull(
                  ri!id
                ),
                {},
                #"SYSTEM_SYSRULES_queryFilter"(
                  field: "id",
                  operator: "=",
                  value: ri!id
                )
              ),
              if(
                isnull(
                  ri!levelThreeId
                ),
                {},
                #"SYSTEM_SYSRULES_queryFilter"(
                  field: "levelThreeId",
                  operator: "=",
                  value: ri!levelThreeId
                )
              ),
              if(
                isnull(
                  ri!name
                ),
                {},
                #"SYSTEM_SYSRULES_queryFilter"(
                  field: "name",
                  operator: "=",
                  value: ri!name
                )
              ),
              if(
                #"_a-0000d62a-67b3-8000-da6f-010000010000_951"(ri!nameList),
                {},
                #"SYSTEM_SYSRULES_queryFilter"(
                  field: "name",
                  operator: "in",
                  value: ri!nameList
                )
              )
            }
          )
        }
      )
    )
  ),
  if(
    ri!returnCdt,
    cast(
      typeof(
        {
          'type!{urn:com:appian:types:UAP}UAP_reviewer'()
        }
      ),
      local!queryDatasubset.data
    ),
    local!queryDatasubset
  )
)</definition>
        <namedTypedValue>
            <name>pagingInfo</name>
            <type>
                <name>PagingInfo</name>
                <namespace>http://www.appian.com/ae/types/2009</namespace>
            </type>
        </namedTypedValue>
        <namedTypedValue>
            <name>returnCdt</name>
            <type>
                <name>boolean</name>
                <namespace>http://www.w3.org/2001/XMLSchema</namespace>
            </type>
        </namedTypedValue>
        <namedTypedValue>
            <name>returnAll</name>
            <type>
                <name>boolean</name>
                <namespace>http://www.w3.org/2001/XMLSchema</namespace>
            </type>
        </namedTypedValue>
        <namedTypedValue>
            <name>id</name>
            <type>
                <name>int</name>
                <namespace>http://www.w3.org/2001/XMLSchema</namespace>
            </type>
        </namedTypedValue>
        <namedTypedValue>
            <name>levelThreeId</name>
            <type>
                <name>int</name>
                <namespace>http://www.w3.org/2001/XMLSchema</namespace>
            </type>
        </namedTypedValue>
        <namedTypedValue>
            <name>name</name>
            <type>
                <name>string</name>
                <namespace>http://www.w3.org/2001/XMLSchema</namespace>
            </type>
            <value/>
        </namedTypedValue>
        <namedTypedValue>
            <name>nameList</name>
            <type>
                <name>Text?list</name>
                <namespace>http://www.appian.com/ae/types/2009</namespace>
            </type>
        </namedTypedValue>
        <preferredEditor>legacy</preferredEditor>
        <offlineEnabled>false</offlineEnabled>
    </rule>
    <roleMap public="true">
        <role inherit="true" allowForAll="false" name="readers">
            <users/>
            <groups/>
        </role>
        <role inherit="true" allowForAll="false" name="authors">
            <users/>
            <groups/>
        </role>
        <role inherit="true" allowForAll="false" name="administrators">
            <users/>
            <groups/>
        </role>
        <role inherit="false" allowForAll="false" name="denyReaders">
            <users/>
            <groups/>
        </role>
        <role inherit="false" allowForAll="false" name="denyAuthors">
            <users/>
            <groups/>
        </role>
        <role inherit="false" allowForAll="false" name="denyAdministrators">
            <users/>
            <groups/>
        </role>
    </roleMap>
</contentHaul>
