<?xml version="1.0" encoding="UTF-8" standalone="yes"?>
<contentHaul xmlns:a="http://www.appian.com/ae/types/2009">
    <rule>
        <name>UAP_updateGradAppDetail</name>
        <uuid>_a-0000decc-9caf-8000-9ba2-011c48011c48_226754</uuid>
        <description>update the grad app detail CDT with a type constructor</description>
        <parentUuid>_a-0000deb5-0bcc-8000-9ba2-011c48011c48_218267</parentUuid>
        <visibility>
            <advertise>false</advertise>
            <hierarchy>true</hierarchy>
            <indexable>true</indexable>
            <quota>false</quota>
            <searchable>true</searchable>
            <system>false</system>
            <unlogged>false</unlogged>
        </visibility>
        <definition>'type!{urn:com:appian:types:UAP}UAP_gradAppDetail'(
  applicationId: ri!gradAppDetail.applicationId,
  deptRecommendation: if(
    ri!isDirector,
    ri!deptRecRef,
    ri!gradAppDetail.deptRecommendation
  ),
  deptRecommendationBy: if(
    ri!isDirector,
    loggedinuser(),
    ri!gradAppDetail.deptRecommendationBy
  ),
  deptRecommendationOn: if(
    ri!isDirector,
    now(),
    ri!gradAppDetail.deptRecommendationOn
  ),
  milestone: ri!gradAppDetail.milestone,
  status: 
  if
  (
    /*If from Director Dashboard, move status to GAC Decision*/
    ri!isDirector,
    'type!{urn:com:appian:types:UAP}UAP_reference'(refId: #"_a-0000decc-9caf-8000-9ba2-011c48011c48_225886"),
    
    if
    (
      ri!isGAC,
      choose
      (
        wherecontains
        (
          ri!decision,
          {
            #"_a-0000decc-9caf-8000-9ba2-011c48011c48_227396",
            #"_a-0000defe-bf54-8000-9ba2-011c48011c48_243285",
            #"_a-0000decc-9caf-8000-9ba2-011c48011c48_227400",
            #"_a-0000def2-cb5b-8000-9ba2-011c48011c48_237177"
          }
        ),
        'type!{urn:com:appian:types:UAP}UAP_reference'(refId: #"_a-0000decc-9caf-8000-9ba2-011c48011c48_225887"),
        'type!{urn:com:appian:types:UAP}UAP_reference'(refId: #"_a-0000decc-9caf-8000-9ba2-011c48011c48_225888"),
        'type!{urn:com:appian:types:UAP}UAP_reference'(refId: #"_a-0000decc-9caf-8000-9ba2-011c48011c48_225889"),
        'type!{urn:com:appian:types:UAP}UAP_reference'(refId: #"_a-0000def2-cb5b-8000-9ba2-011c48011c48_237191")
      ),
      
      /*If not from GAC or Director, just keep current status value*/
      ri!gradAppDetail.status
    )
  ),
  
  finalDecision: if(
    ri!isGAC,
    ri!deptRecRef,
    ri!gradAppDetail.finalDecision
  ),
  finalDecisionBy: if(
    ri!isGAC,
    loggedinuser(),
    ri!gradAppDetail.finalDecisionBy
  ),
  finalDecisionOn: if(
    ri!isGAC,
    now(),
    ri!gradAppDetail.finalDecisionOn
  ),
  isAdmissionException: ri!gradAppDetail.isAdmissionException,
  exceptionComment: ri!gradAppDetail.exceptionComment,
  outcome: ri!gradAppDetail.outcome,
  initialReviewCompletedOn: ri!gradAppDetail.initialReviewCompletedOn,
  verifiedTranscript: ri!gradAppDetail.verifiedTranscript,
  verifiedTranscriptOn: ri!gradAppDetail.verifiedTranscriptOn,
  verifiedTranscriptBy: ri!gradAppDetail.verifiedTranscriptBy,
  verifiedGpa: ri!gradAppDetail.verifiedGpa,
  verifiedGpaOn: ri!gradAppDetail.verifiedGpaOn,
  verifiedGpaBy: ri!gradAppDetail.verifiedGpaBy,
  verifiedTestScores: ri!gradAppDetail.verifiedTestScores,
  verifiedTestScoresOn: ri!gradAppDetail.verifiedTestScoresOn,
  verifiedTestScoresBy: ri!gradAppDetail.verifiedTestScoresBy,
  verifiedResume: ri!gradAppDetail.verifiedResume,
  verifiedResumeOn: ri!gradAppDetail.verifiedResumeOn,
  verifiedResumeBy: ri!gradAppDetail.verifiedResumeBy,
  verifiedStatementOfPurpose: ri!gradAppDetail.verifiedStatementOfPurpose,
  verifiedStatementOfPurposeOn: ri!gradAppDetail.verifiedStatementOfPurposeOn,
  verifiedStatementOfPurposeBy: ri!gradAppDetail.verifiedStatementOfPurposeBy,
  verifiedRecLetter1: ri!gradAppDetail.verifiedRecLetter1,
  verifiedRecLetter1On: ri!gradAppDetail.verifiedRecLetter1On,
  verifiedRecLetter1By: ri!gradAppDetail.verifiedRecLetter1By,
  verifiedRecLetter2: ri!gradAppDetail.verifiedRecLetter2,
  verifiedRecLetter2On: ri!gradAppDetail.verifiedRecLetter2On,
  verifiedRecLetter2By: ri!gradAppDetail.verifiedRecLetter2By,
  verifiedRecLetter3: ri!gradAppDetail.verifiedRecLetter3,
  verifiedRecLetter3On: ri!gradAppDetail.verifiedRecLetter3On,
  verifiedRecLetter3By: ri!gradAppDetail.verifiedRecLetter3By,
  verifiedSupplemental: ri!gradAppDetail.verifiedSupplemental,
  verifiedSupplementalOn: ri!gradAppDetail.verifiedSupplementalOn,
  verifiedSupplementalBy: ri!gradAppDetail.verifiedSupplementalBy
)</definition>
        <namedTypedValue>
            <name>deptRecRef</name>
            <type>
                <name>UAP_reference</name>
                <namespace>urn:com:appian:types:UAP</namespace>
            </type>
        </namedTypedValue>
        <namedTypedValue>
            <name>gradAppDetail</name>
            <type>
                <name>UAP_gradAppDetail</name>
                <namespace>urn:com:appian:types:UAP</namespace>
            </type>
        </namedTypedValue>
        <namedTypedValue>
            <name>isDirector</name>
            <type>
                <name>boolean</name>
                <namespace>http://www.w3.org/2001/XMLSchema</namespace>
            </type>
        </namedTypedValue>
        <namedTypedValue>
            <name>isGAC</name>
            <type>
                <name>boolean</name>
                <namespace>http://www.w3.org/2001/XMLSchema</namespace>
            </type>
        </namedTypedValue>
        <namedTypedValue>
            <name>decision</name>
            <type>
                <name>string</name>
                <namespace>http://www.w3.org/2001/XMLSchema</namespace>
            </type>
            <value/>
        </namedTypedValue>
        <preferredEditor>legacy</preferredEditor>
        <offlineEnabled>false</offlineEnabled>
    </rule>
    <roleMap public="true">
        <role inherit="true" allowForAll="false" name="readers">
            <users/>
            <groups/>
        </role>
        <role inherit="true" allowForAll="false" name="authors">
            <users/>
            <groups/>
        </role>
        <role inherit="true" allowForAll="false" name="administrators">
            <users/>
            <groups/>
        </role>
        <role inherit="false" allowForAll="false" name="denyReaders">
            <users/>
            <groups/>
        </role>
        <role inherit="false" allowForAll="false" name="denyAuthors">
            <users/>
            <groups/>
        </role>
        <role inherit="false" allowForAll="false" name="denyAdministrators">
            <users/>
            <groups/>
        </role>
    </roleMap>
</contentHaul>
