<?xml version="1.0" encoding="UTF-8" standalone="yes"?>
<contentHaul xmlns:a="http://www.appian.com/ae/types/2009">
    <rule>
        <name>UAP_pg_programDirectors</name>
        <uuid>_a-0000deb5-0bcc-8000-9ba2-011c48011c48_218704</uuid>
        <description>The paging grid that holds the different program directors</description>
        <parentUuid>_a-0000deb5-0bcc-8000-9ba2-011c48011c48_218266</parentUuid>
        <visibility>
            <advertise>false</advertise>
            <hierarchy>true</hierarchy>
            <indexable>true</indexable>
            <quota>false</quota>
            <searchable>true</searchable>
            <system>false</system>
            <unlogged>false</unlogged>
        </visibility>
        <definition>#"SYSTEM_SYSRULES_gridField"
(
  totalCount: ri!datasubset.totalCount,
  value: ri!pagingInfo,
  emptyGridMessage: "No Programs Found",
  columns:
  {
    if
    (
      ri!fromDirectorAction,
      #"SYSTEM_SYSRULES_gridTextColumn"
      (
        label: #"_a-0000deb5-0bcc-8000-9ba2-011c48011c48_218654",
        field: "collegeName",
        data:
        if
        (
          ri!datasubset.totalCount = 0,
          {},
          ri!datasubset.data.collegeName
        )
      ),
      {}
    ),
    #"SYSTEM_SYSRULES_gridTextColumn"
    (
      label: #"_a-0000deb5-0bcc-8000-9ba2-011c48011c48_218816",
      field: "name",
      data:
      if
      (
        ri!datasubset.totalCount = 0,
        {},
        ri!datasubset.data.name
      )
    ),
    #"SYSTEM_SYSRULES_gridTextColumn"
    (
      label: "Concentration",
      field: "concentrationName",
      data:
      if
      (
        ri!datasubset.totalCount = 0,
        {},
        updatearray(
        index(
          ri!datasubset.data,
          "concentrationName",
          null
        ),
        where(
          apply(
            #"_a-0000d62a-67b3-8000-da6f-010000010000_950",
            index(
              ri!datasubset.data,
              "concentrationName",
              null
            )
          )
        ),
        #"_a-0000dee0-8e2c-8000-9ba2-011c48011c48_232694"
      )
      )
    ),
    #"SYSTEM_SYSRULES_gridTextColumn"
    (
      label: #"_a-0000deb5-0bcc-8000-9ba2-011c48011c48_218819",
      field: "degreeName",
      data:
      if
      (
        ri!datasubset.totalCount = 0,
        {},
        ri!datasubset.data.degreeName
      )
    ),
    #"SYSTEM_SYSRULES_gridTextColumn"
    (
      label: "Program Director",
      
      /*Can't sort on this*/
      field: "director",
      data:
      if
      (
        ri!datasubset.totalCount = 0,
        {},
        apply
        (
          #"_a-0000d690-12fb-8000-0f1a-010000010000_1352"
          (
            _
          ),
          ri!datasubset.data.director
        )
      )
    ),
    #"SYSTEM_SYSRULES_gridTextColumn"
    (
      label: "Reviewers",
      
      /*Can't sort on this*/
      field: "director",
      data:
      if
      (
        ri!datasubset.totalCount = 0,
        {},
        apply
        (
          #"_a-0000deb5-0bcc-8000-9ba2-011c48011c48_219907"
          (
            _
          ),
          ri!datasubset.data.reviewerList
        )
      )
    ),
    #"SYSTEM_SYSRULES_gridImageColumn"
    (
      label: "Edit",
      /*Don't sort on this*/
      field: "director",
      size: "ICON",
      data:
      if
      (
        ri!datasubset.totalCount = 0,
        {},
        apply
        (
          #"_a-0000deb5-0bcc-8000-9ba2-011c48011c48_218783"
          (
            programDegree: _,
            editLevelThreeId: ri!editLevelThreeId,
            newDirector: ri!newDirector,
            currentLevel3: ri!currentLevel3,
            reviewersToWrite: ri!reviewersToWrite,
            reviewersToDelete: ri!reviewersToDelete,
            requirementList: ri!requirementList
          ),
          ri!datasubset.data
        )
      )
    )
  },
  saveInto:
  {
    /*save into pagingInfo -&gt; disable sort for director! (will sort by uNum)*/
    a!save
    (
      ri!pagingInfo,
      if
      (
        save!value.sort.field = "director",
        ri!pagingInfo,
        save!value
      )
    ),
    
    /*save into datasubset using the updated pagingInfo*/
    a!save
    (
      ri!datasubset,
      if
      (
        ri!datasubset.totalCount = 0,
        ri!datasubset,
        if
        ( 
          ri!fromDirectorAction,
          
          /*Query for Director Action*/
          #"_a-0000deb5-0bcc-8000-9ba2-011c48011c48_218623"
          (
            pagingInfo: ri!pagingInfo,
            director: ri!loggedInUser,
            name: ri!programNameFilter,
            degreeName: ri!degreeTypeFilter,
            reviewer: ri!reviewerFilter,
            collegeNameFilter: ri!collegeNameFilter
          ),
          
          /*Query for Designee Action*/
          #"_a-0000deb5-0bcc-8000-9ba2-011c48011c48_218623"
          (
            levelOneId: ri!levelOneSelection,
            pagingInfo: ri!pagingInfo,
            director: ri!directorFilter,
            name: ri!programNameFilter,
            type: ri!degreeTypeFilter,
            reviewer: ri!reviewerFilter
          )
        )
      )
      
    )
  }
)</definition>
        <namedTypedValue>
            <name>datasubset</name>
            <type>
                <name>DataSubset</name>
                <namespace>http://www.appian.com/ae/types/2009</namespace>
            </type>
        </namedTypedValue>
        <namedTypedValue>
            <name>pagingInfo</name>
            <type>
                <name>PagingInfo</name>
                <namespace>http://www.appian.com/ae/types/2009</namespace>
            </type>
        </namedTypedValue>
        <namedTypedValue>
            <name>editLevelThreeId</name>
            <type>
                <name>int</name>
                <namespace>http://www.w3.org/2001/XMLSchema</namespace>
            </type>
        </namedTypedValue>
        <namedTypedValue>
            <name>levelOneSelection</name>
            <type>
                <name>int</name>
                <namespace>http://www.w3.org/2001/XMLSchema</namespace>
            </type>
        </namedTypedValue>
        <namedTypedValue>
            <name>newDirector</name>
            <type>
                <name>string</name>
                <namespace>http://www.w3.org/2001/XMLSchema</namespace>
            </type>
            <value/>
        </namedTypedValue>
        <namedTypedValue>
            <name>currentLevel3</name>
            <type>
                <name>UAP_level3</name>
                <namespace>urn:com:appian:types:UAP</namespace>
            </type>
        </namedTypedValue>
        <namedTypedValue>
            <name>directorFilter</name>
            <type>
                <name>string</name>
                <namespace>http://www.w3.org/2001/XMLSchema</namespace>
            </type>
            <value/>
        </namedTypedValue>
        <namedTypedValue>
            <name>programNameFilter</name>
            <type>
                <name>string</name>
                <namespace>http://www.w3.org/2001/XMLSchema</namespace>
            </type>
            <value/>
        </namedTypedValue>
        <namedTypedValue>
            <name>degreeTypeFilter</name>
            <type>
                <name>string</name>
                <namespace>http://www.w3.org/2001/XMLSchema</namespace>
            </type>
            <value/>
        </namedTypedValue>
        <namedTypedValue>
            <name>reviewersToWrite</name>
            <type>
                <name>UAP_reviewer?list</name>
                <namespace>urn:com:appian:types:UAP</namespace>
            </type>
        </namedTypedValue>
        <namedTypedValue>
            <name>reviewersToDelete</name>
            <type>
                <name>UAP_reviewer?list</name>
                <namespace>urn:com:appian:types:UAP</namespace>
            </type>
        </namedTypedValue>
        <namedTypedValue>
            <name>reviewerFilter</name>
            <type>
                <name>string</name>
                <namespace>http://www.w3.org/2001/XMLSchema</namespace>
            </type>
            <value/>
        </namedTypedValue>
        <namedTypedValue>
            <name>requirementList</name>
            <type>
                <name>Integer?list</name>
                <namespace>http://www.appian.com/ae/types/2009</namespace>
            </type>
        </namedTypedValue>
        <namedTypedValue>
            <name>fromDirectorAction</name>
            <type>
                <name>boolean</name>
                <namespace>http://www.w3.org/2001/XMLSchema</namespace>
            </type>
        </namedTypedValue>
        <namedTypedValue>
            <name>loggedInUser</name>
            <type>
                <name>string</name>
                <namespace>http://www.w3.org/2001/XMLSchema</namespace>
            </type>
            <value/>
        </namedTypedValue>
        <namedTypedValue>
            <name>collegeNameFilter</name>
            <type>
                <name>string</name>
                <namespace>http://www.w3.org/2001/XMLSchema</namespace>
            </type>
            <value/>
        </namedTypedValue>
        <metadataExpr></metadataExpr>
        <preferredEditor>interface</preferredEditor>
        <offlineEnabled>false</offlineEnabled>
    </rule>
    <roleMap public="true">
        <role inherit="true" allowForAll="false" name="readers">
            <users/>
            <groups/>
        </role>
        <role inherit="true" allowForAll="false" name="authors">
            <users/>
            <groups/>
        </role>
        <role inherit="true" allowForAll="false" name="administrators">
            <users/>
            <groups/>
        </role>
        <role inherit="false" allowForAll="false" name="denyReaders">
            <users/>
            <groups/>
        </role>
        <role inherit="false" allowForAll="false" name="denyAuthors">
            <users/>
            <groups/>
        </role>
        <role inherit="false" allowForAll="false" name="denyAdministrators">
            <users/>
            <groups/>
        </role>
    </roleMap>
    <typedValue>
        <type>
            <name>RuleTestConfig?list</name>
            <namespace>http://www.appian.com/ae/types/2009</namespace>
        </type>
        <value>
            <el>
                <a:name/>
                <a:ruleInputTestConfigs>
                    <a:value xmlns:xsi="http://www.w3.org/2001/XMLSchema-instance" xsi:type="a:Expression">#"_a-0000deb5-0bcc-8000-9ba2-011c48011c48_218623"&#xD;
    (&#xD;
      levelOneId: 2,&#xD;
      pagingInfo: &#xD;
      #"SYSTEM_SYSRULES_pagingInfo"&#xD;
      (&#xD;
        startIndex:1,&#xD;
        batchSize: -1,&#xD;
        sort:&#xD;
        #"SYSTEM_SYSRULES_sortInfo"&#xD;
        (&#xD;
          field: "name",&#xD;
          ascending: true&#xD;
        )&#xD;
      )&#xD;
    )</a:value>
                    <a:nameRef>datasubset</a:nameRef>
                    <a:id/>
                </a:ruleInputTestConfigs>
                <a:ruleInputTestConfigs>
                    <a:value xmlns:xsi="http://www.w3.org/2001/XMLSchema-instance" xsi:type="a:Expression">#"SYSTEM_SYSRULES_pagingInfo"&#xD;
  (&#xD;
    startIndex:1,&#xD;
    batchSize: -1,&#xD;
    sort:&#xD;
    {&#xD;
      #"SYSTEM_SYSRULES_sortInfo"&#xD;
      (&#xD;
        field: "name",&#xD;
        ascending: true&#xD;
      ),&#xD;
      #"SYSTEM_SYSRULES_sortInfo"&#xD;
      (&#xD;
        field: "type",&#xD;
        ascending: true&#xD;
      )&#xD;
    }&#xD;
  )</a:value>
                    <a:nameRef>pagingInfo</a:nameRef>
                    <a:id/>
                </a:ruleInputTestConfigs>
                <a:ruleInputTestConfigs>
                    <a:value xmlns:xsd="http://www.w3.org/2001/XMLSchema" xmlns:xsi="http://www.w3.org/2001/XMLSchema-instance" xsi:nil="true" xsi:type="xsd:int"/>
                    <a:nameRef>editLevelThreeId</a:nameRef>
                    <a:id/>
                </a:ruleInputTestConfigs>
                <a:ruleInputTestConfigs>
                    <a:value xmlns:xsi="http://www.w3.org/2001/XMLSchema-instance" xsi:type="a:Expression">2</a:value>
                    <a:nameRef>levelOneSelection</a:nameRef>
                    <a:id/>
                </a:ruleInputTestConfigs>
                <a:ruleInputTestConfigs>
                    <a:value xmlns:xsd="http://www.w3.org/2001/XMLSchema" xmlns:xsi="http://www.w3.org/2001/XMLSchema-instance" xsi:type="xsd:string"/>
                    <a:nameRef>newDirector</a:nameRef>
                    <a:id/>
                </a:ruleInputTestConfigs>
                <a:ruleInputTestConfigs>
                    <a:value xmlns:xsi="http://www.w3.org/2001/XMLSchema-instance" xsi:type="a:Expression">#"_a-0000deb5-0bcc-8000-9ba2-011c48011c48_218352"&#xD;
        (&#xD;
          id: 7,&#xD;
          returnCdt: true&#xD;
        )</a:value>
                    <a:nameRef>currentLevel3</a:nameRef>
                    <a:id/>
                </a:ruleInputTestConfigs>
                <a:ruleInputTestConfigs>
                    <a:value xmlns:xsd="http://www.w3.org/2001/XMLSchema" xmlns:xsi="http://www.w3.org/2001/XMLSchema-instance" xsi:type="xsd:string"/>
                    <a:nameRef>directorFilter</a:nameRef>
                    <a:id/>
                </a:ruleInputTestConfigs>
                <a:ruleInputTestConfigs>
                    <a:value xmlns:xsd="http://www.w3.org/2001/XMLSchema" xmlns:xsi="http://www.w3.org/2001/XMLSchema-instance" xsi:type="xsd:string"/>
                    <a:nameRef>programNameFilter</a:nameRef>
                    <a:id/>
                </a:ruleInputTestConfigs>
                <a:ruleInputTestConfigs>
                    <a:value xmlns:xsd="http://www.w3.org/2001/XMLSchema" xmlns:xsi="http://www.w3.org/2001/XMLSchema-instance" xsi:type="xsd:string"/>
                    <a:nameRef>degreeTypeFilter</a:nameRef>
                    <a:id/>
                </a:ruleInputTestConfigs>
                <a:ruleInputTestConfigs>
                    <a:value xmlns:xsi="http://www.w3.org/2001/XMLSchema-instance" xsi:type="a:Expression">null</a:value>
                    <a:nameRef>reviewersToWrite</a:nameRef>
                    <a:id/>
                </a:ruleInputTestConfigs>
                <a:ruleInputTestConfigs>
                    <a:value xmlns:xsi="http://www.w3.org/2001/XMLSchema-instance" xsi:type="a:Expression">null</a:value>
                    <a:nameRef>reviewersToDelete</a:nameRef>
                    <a:id/>
                </a:ruleInputTestConfigs>
                <a:ruleInputTestConfigs>
                    <a:value xmlns:xsd="http://www.w3.org/2001/XMLSchema" xmlns:xsi="http://www.w3.org/2001/XMLSchema-instance" xsi:type="xsd:string"/>
                    <a:nameRef>reviewerFilter</a:nameRef>
                    <a:id/>
                </a:ruleInputTestConfigs>
                <a:ruleInputTestConfigs>
                    <a:nameRef>requirementList</a:nameRef>
                    <a:id/>
                </a:ruleInputTestConfigs>
                <a:ruleInputTestConfigs>
                    <a:value xmlns:xsd="http://www.w3.org/2001/XMLSchema" xmlns:xsi="http://www.w3.org/2001/XMLSchema-instance" xsi:nil="true" xsi:type="xsd:boolean"/>
                    <a:nameRef>fromDirectorAction</a:nameRef>
                    <a:id/>
                </a:ruleInputTestConfigs>
                <a:ruleInputTestConfigs>
                    <a:value xmlns:xsd="http://www.w3.org/2001/XMLSchema" xmlns:xsi="http://www.w3.org/2001/XMLSchema-instance" xsi:type="xsd:string"/>
                    <a:nameRef>loggedInUser</a:nameRef>
                    <a:id/>
                </a:ruleInputTestConfigs>
                <a:ruleInputTestConfigs>
                    <a:value xmlns:xsd="http://www.w3.org/2001/XMLSchema" xmlns:xsi="http://www.w3.org/2001/XMLSchema-instance" xsi:type="xsd:string"/>
                    <a:nameRef>collegeNameFilter</a:nameRef>
                    <a:id/>
                </a:ruleInputTestConfigs>
                <a:assertions xmlns:xsi="http://www.w3.org/2001/XMLSchema-instance" xsi:nil="true"/>
            </el>
        </value>
    </typedValue>
</contentHaul>
