<?xml version="1.0" encoding="UTF-8" standalone="yes"?>
<contentHaul xmlns:a="http://www.appian.com/ae/types/2009">
    <rule>
        <name>UAP_s_filtersDirectorDashboard</name>
        <uuid>_a-0000decc-9caf-8000-9ba2-011c48011c48_225393</uuid>
        <description>Contains the filters for the directors dashboard</description>
        <parentUuid>_a-0000deb5-0bcc-8000-9ba2-011c48011c48_218266</parentUuid>
        <visibility>
            <advertise>false</advertise>
            <hierarchy>true</hierarchy>
            <indexable>true</indexable>
            <quota>false</quota>
            <searchable>true</searchable>
            <system>false</system>
            <unlogged>false</unlogged>
        </visibility>
        <definition>#"SYSTEM_SYSRULES_sectionLayout"(
  firstColumnContents: {
    #"SYSTEM_SYSRULES_textField"(
      label: "Name",
      value: ri!applicantFilterDropdown,
      saveInto: ri!applicantFilterDropdown,
      labelPosition: "ADJACENT",
      placeholder: "Type the applicant's name"
    ),
    #"SYSTEM_SYSRULES_textField"(
      label: "UNumber",
      value: ri!uNumberFilter,
      saveInto: ri!uNumberFilter,
      labelPosition: "ADJACENT",
      placeholder: "Type the applicant's UNumber"
    ),
    #"SYSTEM_SYSRULES_dropdownField"(
      label: "USF GPA",
      placeholderLabel: #"_a-0000deb5-0bcc-8000-9ba2-011c48011c48_219354",
      choiceLabels: {
        "&gt;3.5",
        "3.0-3.5",
        "&lt;3.0"
      },
      choiceValues: {
        "1",
        "2",
        "3"
      },
      value: ri!gpaFilterDropdown,
      saveInto: ri!gpaFilterDropdown,
      labelPosition: "ADJACENT"
    )
    /* a!dropdownField(*/
    /*  label: "Decisioned?",*/
    /*  placeholderLabel: cons!UAP_PH_DROPDOWN_DEFAULT,*/
    /*  choiceLabels: {*/
    /*    ri!reviewStatusList.displayValue*/
    /*  },*/
    /*  choiceValues: {*/
    /*    ri!reviewStatusList.displayValue*/
    /*  },*/
      /*choiceLabels: apply(fn!tointeger, ri!reviewStatusList.refId),*/
    /*  value: ri!decisionFilterDropdown,*/
    /*  saveInto: ri!decisionFilterDropdown,*/
    /*  labelPosition: "ADJACENT",*/
    /*  choiceLayout: "COMPACT"*/
    /*)*/
  },
  secondColumnContents: {
    #"SYSTEM_SYSRULES_dropdownField"(
      label: #"_a-0000dee0-8e2c-8000-9ba2-011c48011c48_232678",
      placeholderLabel: #"_a-0000deb5-0bcc-8000-9ba2-011c48011c48_219354",
      choiceLabels: {
        ri!applicationStatusList.displayValue
      },
      choiceValues: {
        ri!applicationStatusList.displayValue
      },
      value: ri!statusFilterDropdown,
      saveInto: ri!statusFilterDropdown,
      labelPosition: "ADJACENT",
      choiceLayout: "COMPACT"
    ),
    
    #"SYSTEM_SYSRULES_dropdownField"(
      label: "Term",
      placeholderLabel: #"_a-0000deb5-0bcc-8000-9ba2-011c48011c48_219354",
      choiceLabels: {
        ri!termList
      },
      choiceValues: {
        ri!termList
      },
      /*choiceLabels: apply(fn!tointeger, ri!reviewStatusList.refId),*/
      value: ri!termFilterDropdown,
      saveInto: ri!termFilterDropdown,
      labelPosition: "ADJACENT",
      choiceLayout: "COMPACT"
    ),
    #"SYSTEM_SYSRULES_textField"(
      readOnly: true
    ),
    #"SYSTEM_SYSRULES_richTextDisplayField"(
      labelPosition: "COLLAPSED",
      align: "RIGHT",
      value: {
        #"SYSTEM_SYSRULES_richTextItem"(
          text: "Clear Filters",
          style: "UNDERLINE",
          link: #"SYSTEM_SYSRULES_dynamicLink"(
            saveInto: {
              a!save(
                ri!gpaFilterDropdown,
                null
              ),
              a!save(
                ri!decisionFilterDropdown,
                null
              ),
              a!save(
                ri!statusFilterDropdown,
                null
              ),
              a!save(
                ri!applicantFilterDropdown,
                null
              ),
              a!save(
                ri!termFilterDropdown,
                null
              ),
              a!save(
                ri!gpaFilter,
                null
              ),
              a!save(
                ri!decisionFilter,
                null
              ),
              a!save(
                ri!statusFilter,
                null
              ),
              a!save(
                ri!applicantFilter,
                null
              ),
              a!save(
                ri!termFilter,
                null
              ),
              a!save(
                ri!uNumberFilter,
                null
              ),
              a!save(
                ri!gridSelection.pagingInfo.startIndex,
                1
              ),
              a!save(
                ri!datasubset,
                #"_a-0000decc-9caf-8000-9ba2-011c48011c48_225732"(
                  levelThreeId: ri!directorFilter,
                  pagingInfo: ri!gridSelection.pagingInfo
                )
              ),
              a!save
              (
                ri!gridSelection.selected,
                null
              )
            }
          )
        ),
        #"SYSTEM_SYSRULES_richTextItem"(
          text: "   "
        ),
        #"SYSTEM_SYSRULES_richTextItem"(
          text: "Apply Filters",
          style: "UNDERLINE",
          link: #"SYSTEM_SYSRULES_dynamicLink"(
            saveInto: {
              a!save(
                ri!gpaFilter,
                ri!gpaFilterDropdown
              ),
              a!save(
                ri!decisionFilter,
                ri!decisionFilterDropdown
              ),
              a!save(
                ri!statusFilter,
                ri!statusFilterDropdown
              ),
              a!save(
                ri!applicantFilter,
                ri!applicantFilterDropdown
              ),
              a!save(
                ri!termFilter,
                ri!termFilterDropdown
              ),
              a!save(
                ri!gridSelection.pagingInfo.startIndex,
                1
              ),
              a!save(
                ri!datasubset,
                #"_a-0000decc-9caf-8000-9ba2-011c48011c48_225732"(
                  returnAll: true,
                  pagingInfo: ri!gridSelection.pagingInfo,
                  name: ri!applicantFilter,
                  gpa: ri!gpaFilter,
                  deptDecision: ri!decisionFilter,
                  applicationStatus: ri!statusFilter,
                  levelThreeId: ri!directorFilter,
                  term: ri!termFilter,
                  uNumber: ri!uNumberFilter
                )
              ),
              a!save
              (
                ri!gridSelection.selected,
                null
              )
            }
          )
        )
      }
    )
  }
)</definition>
        <namedTypedValue>
            <name>gpaFilterDropdown</name>
            <type>
                <name>string</name>
                <namespace>http://www.w3.org/2001/XMLSchema</namespace>
            </type>
            <value/>
        </namedTypedValue>
        <namedTypedValue>
            <name>decisionFilterDropdown</name>
            <type>
                <name>string</name>
                <namespace>http://www.w3.org/2001/XMLSchema</namespace>
            </type>
            <value/>
        </namedTypedValue>
        <namedTypedValue>
            <name>dataSubset</name>
            <type>
                <name>DataSubset</name>
                <namespace>http://www.appian.com/ae/types/2009</namespace>
            </type>
        </namedTypedValue>
        <namedTypedValue>
            <name>statusFilterDropdown</name>
            <type>
                <name>string</name>
                <namespace>http://www.w3.org/2001/XMLSchema</namespace>
            </type>
            <value/>
        </namedTypedValue>
        <namedTypedValue>
            <name>applicantFilterDropdown</name>
            <type>
                <name>string</name>
                <namespace>http://www.w3.org/2001/XMLSchema</namespace>
            </type>
            <value/>
        </namedTypedValue>
        <namedTypedValue>
            <name>reviewStatusList</name>
            <type>
                <name>UAP_reference?list</name>
                <namespace>urn:com:appian:types:UAP</namespace>
            </type>
        </namedTypedValue>
        <namedTypedValue>
            <name>applicationStatusList</name>
            <type>
                <name>UAP_reference?list</name>
                <namespace>urn:com:appian:types:UAP</namespace>
            </type>
        </namedTypedValue>
        <namedTypedValue>
            <name>gpaFilter</name>
            <type>
                <name>string</name>
                <namespace>http://www.w3.org/2001/XMLSchema</namespace>
            </type>
            <value/>
        </namedTypedValue>
        <namedTypedValue>
            <name>decisionFilter</name>
            <type>
                <name>string</name>
                <namespace>http://www.w3.org/2001/XMLSchema</namespace>
            </type>
            <value/>
        </namedTypedValue>
        <namedTypedValue>
            <name>statusFilter</name>
            <type>
                <name>string</name>
                <namespace>http://www.w3.org/2001/XMLSchema</namespace>
            </type>
            <value/>
        </namedTypedValue>
        <namedTypedValue>
            <name>applicantFilter</name>
            <type>
                <name>string</name>
                <namespace>http://www.w3.org/2001/XMLSchema</namespace>
            </type>
            <value/>
        </namedTypedValue>
        <namedTypedValue>
            <name>gridSelection</name>
            <type>
                <name>GridSelection</name>
                <namespace>http://www.appian.com/ae/types/2009</namespace>
            </type>
        </namedTypedValue>
        <namedTypedValue>
            <name>termFilter</name>
            <type>
                <name>string</name>
                <namespace>http://www.w3.org/2001/XMLSchema</namespace>
            </type>
            <value/>
        </namedTypedValue>
        <namedTypedValue>
            <name>termFilterDropdown</name>
            <type>
                <name>string</name>
                <namespace>http://www.w3.org/2001/XMLSchema</namespace>
            </type>
            <value/>
        </namedTypedValue>
        <namedTypedValue>
            <name>termList</name>
            <type>
                <name>Text?list</name>
                <namespace>http://www.appian.com/ae/types/2009</namespace>
            </type>
        </namedTypedValue>
        <namedTypedValue>
            <name>directorFilter</name>
            <type>
                <name>Integer?list</name>
                <namespace>http://www.appian.com/ae/types/2009</namespace>
            </type>
        </namedTypedValue>
        <namedTypedValue>
            <name>uNumberFilter</name>
            <type>
                <name>string</name>
                <namespace>http://www.w3.org/2001/XMLSchema</namespace>
            </type>
            <value/>
        </namedTypedValue>
        <metadataExpr></metadataExpr>
        <preferredEditor>interface</preferredEditor>
        <offlineEnabled>false</offlineEnabled>
    </rule>
    <roleMap public="true">
        <role inherit="true" allowForAll="false" name="readers">
            <users/>
            <groups/>
        </role>
        <role inherit="true" allowForAll="false" name="authors">
            <users/>
            <groups/>
        </role>
        <role inherit="true" allowForAll="false" name="administrators">
            <users/>
            <groups/>
        </role>
        <role inherit="false" allowForAll="false" name="denyReaders">
            <users/>
            <groups/>
        </role>
        <role inherit="false" allowForAll="false" name="denyAuthors">
            <users/>
            <groups/>
        </role>
        <role inherit="false" allowForAll="false" name="denyAdministrators">
            <users/>
            <groups/>
        </role>
    </roleMap>
    <typedValue>
        <type>
            <name>RuleTestConfig?list</name>
            <namespace>http://www.appian.com/ae/types/2009</namespace>
        </type>
        <value>
            <el>
                <a:name/>
                <a:ruleInputTestConfigs>
                    <a:value xmlns:xsd="http://www.w3.org/2001/XMLSchema" xmlns:xsi="http://www.w3.org/2001/XMLSchema-instance" xsi:type="xsd:string"/>
                    <a:nameRef>gpaFilterDropdown</a:nameRef>
                    <a:id/>
                </a:ruleInputTestConfigs>
                <a:ruleInputTestConfigs>
                    <a:value xmlns:xsd="http://www.w3.org/2001/XMLSchema" xmlns:xsi="http://www.w3.org/2001/XMLSchema-instance" xsi:type="xsd:string"/>
                    <a:nameRef>decisionFilterDropdown</a:nameRef>
                    <a:id/>
                </a:ruleInputTestConfigs>
                <a:ruleInputTestConfigs>
                    <a:value xmlns:xsi="http://www.w3.org/2001/XMLSchema-instance" xsi:nil="true" xsi:type="a:DataSubset"/>
                    <a:nameRef>dataSubset</a:nameRef>
                    <a:id/>
                </a:ruleInputTestConfigs>
                <a:ruleInputTestConfigs>
                    <a:value xmlns:xsd="http://www.w3.org/2001/XMLSchema" xmlns:xsi="http://www.w3.org/2001/XMLSchema-instance" xsi:type="xsd:string"/>
                    <a:nameRef>statusFilterDropdown</a:nameRef>
                    <a:id/>
                </a:ruleInputTestConfigs>
                <a:ruleInputTestConfigs>
                    <a:value xmlns:xsd="http://www.w3.org/2001/XMLSchema" xmlns:xsi="http://www.w3.org/2001/XMLSchema-instance" xsi:type="xsd:string"/>
                    <a:nameRef>applicantFilterDropdown</a:nameRef>
                    <a:id/>
                </a:ruleInputTestConfigs>
                <a:ruleInputTestConfigs>
                    <a:value xmlns:xsi="http://www.w3.org/2001/XMLSchema-instance" xsi:type="a:Expression">#"_a-0000deb5-0bcc-8000-9ba2-011c48011c48_219282"(&#xD;
    referenceList: #"_a-0000deb5-0bcc-8000-9ba2-011c48011c48_219272"(&#xD;
    refType: {&#xD;
      #"_a-0000decc-9caf-8000-9ba2-011c48011c48_226563",&#xD;
      #"_a-0000decc-9caf-8000-9ba2-011c48011c48_225896"&#xD;
    },&#xD;
    returnAll: true,&#xD;
    returnCdt: true,&#xD;
    pagingInfo: #"SYSTEM_SYSRULES_pagingInfo"(&#xD;
      startIndex: 1,&#xD;
      batchSize: - 1,&#xD;
      sort: #"SYSTEM_SYSRULES_sortInfo"(&#xD;
        field: "displayOrder",&#xD;
        ascending: true&#xD;
      )&#xD;
    )&#xD;
  ),&#xD;
    refType: #"_a-0000decc-9caf-8000-9ba2-011c48011c48_226563",&#xD;
    subType: 1&#xD;
  )</a:value>
                    <a:nameRef>reviewStatusList</a:nameRef>
                    <a:id/>
                </a:ruleInputTestConfigs>
                <a:ruleInputTestConfigs>
                    <a:value xmlns:xsi="http://www.w3.org/2001/XMLSchema-instance" xsi:type="a:Expression">  #"_a-0000deb5-0bcc-8000-9ba2-011c48011c48_219282"(&#xD;
    referenceList: #"_a-0000deb5-0bcc-8000-9ba2-011c48011c48_219272"(&#xD;
    refType: {&#xD;
      #"_a-0000decc-9caf-8000-9ba2-011c48011c48_226563",&#xD;
      #"_a-0000decc-9caf-8000-9ba2-011c48011c48_225896"&#xD;
    },&#xD;
    returnAll: true,&#xD;
    returnCdt: true,&#xD;
    pagingInfo: #"SYSTEM_SYSRULES_pagingInfo"(&#xD;
      startIndex: 1,&#xD;
      batchSize: - 1,&#xD;
      sort: #"SYSTEM_SYSRULES_sortInfo"(&#xD;
        field: "displayOrder",&#xD;
        ascending: true&#xD;
      )&#xD;
    )&#xD;
  ),&#xD;
    refType: #"_a-0000decc-9caf-8000-9ba2-011c48011c48_225896"&#xD;
  )</a:value>
                    <a:nameRef>applicationStatusList</a:nameRef>
                    <a:id/>
                </a:ruleInputTestConfigs>
                <a:ruleInputTestConfigs>
                    <a:value xmlns:xsd="http://www.w3.org/2001/XMLSchema" xmlns:xsi="http://www.w3.org/2001/XMLSchema-instance" xsi:type="xsd:string"/>
                    <a:nameRef>gpaFilter</a:nameRef>
                    <a:id/>
                </a:ruleInputTestConfigs>
                <a:ruleInputTestConfigs>
                    <a:value xmlns:xsd="http://www.w3.org/2001/XMLSchema" xmlns:xsi="http://www.w3.org/2001/XMLSchema-instance" xsi:type="xsd:string"/>
                    <a:nameRef>decisionFilter</a:nameRef>
                    <a:id/>
                </a:ruleInputTestConfigs>
                <a:ruleInputTestConfigs>
                    <a:value xmlns:xsd="http://www.w3.org/2001/XMLSchema" xmlns:xsi="http://www.w3.org/2001/XMLSchema-instance" xsi:type="xsd:string"/>
                    <a:nameRef>statusFilter</a:nameRef>
                    <a:id/>
                </a:ruleInputTestConfigs>
                <a:ruleInputTestConfigs>
                    <a:value xmlns:xsd="http://www.w3.org/2001/XMLSchema" xmlns:xsi="http://www.w3.org/2001/XMLSchema-instance" xsi:type="xsd:string"/>
                    <a:nameRef>applicantFilter</a:nameRef>
                    <a:id/>
                </a:ruleInputTestConfigs>
                <a:ruleInputTestConfigs>
                    <a:value xmlns:xsi="http://www.w3.org/2001/XMLSchema-instance" xsi:type="a:Expression">#"SYSTEM_SYSRULES_gridSelection"(&#xD;
    #"SYSTEM_SYSRULES_pagingInfo"(&#xD;
      startIndex: 1,&#xD;
      batchSize: 10,&#xD;
      sort: #"SYSTEM_SYSRULES_sortInfo"(&#xD;
        field: "appSubmittedOn",&#xD;
        ascending: true&#xD;
      )&#xD;
    )&#xD;
  )</a:value>
                    <a:nameRef>gridSelection</a:nameRef>
                    <a:id/>
                </a:ruleInputTestConfigs>
                <a:ruleInputTestConfigs>
                    <a:value xmlns:xsd="http://www.w3.org/2001/XMLSchema" xmlns:xsi="http://www.w3.org/2001/XMLSchema-instance" xsi:type="xsd:string"/>
                    <a:nameRef>termFilter</a:nameRef>
                    <a:id/>
                </a:ruleInputTestConfigs>
                <a:ruleInputTestConfigs>
                    <a:value xmlns:xsd="http://www.w3.org/2001/XMLSchema" xmlns:xsi="http://www.w3.org/2001/XMLSchema-instance" xsi:type="xsd:string"/>
                    <a:nameRef>termFilterDropdown</a:nameRef>
                    <a:id/>
                </a:ruleInputTestConfigs>
                <a:ruleInputTestConfigs>
                    <a:value xmlns:xsi="http://www.w3.org/2001/XMLSchema-instance" xsi:type="a:Expression">#"_a-0000dee0-8e2c-8000-9ba2-011c48011c48_232086"()</a:value>
                    <a:nameRef>termList</a:nameRef>
                    <a:id/>
                </a:ruleInputTestConfigs>
                <a:ruleInputTestConfigs>
                    <a:value xmlns:xsi="http://www.w3.org/2001/XMLSchema-instance" xsi:type="a:Expression">{&#xD;
1; 2; 3; 4; 5; 6; 7; 8; 9; 10; 685}</a:value>
                    <a:nameRef>directorFilter</a:nameRef>
                    <a:id/>
                </a:ruleInputTestConfigs>
                <a:ruleInputTestConfigs>
                    <a:value xmlns:xsd="http://www.w3.org/2001/XMLSchema" xmlns:xsi="http://www.w3.org/2001/XMLSchema-instance" xsi:type="xsd:string"/>
                    <a:nameRef>uNumberFilter</a:nameRef>
                    <a:id/>
                </a:ruleInputTestConfigs>
                <a:assertions xmlns:xsi="http://www.w3.org/2001/XMLSchema-instance" xsi:nil="true"/>
            </el>
        </value>
    </typedValue>
</contentHaul>
