<?xml version="1.0" encoding="UTF-8" standalone="yes"?>
<contentHaul xmlns:a="http://www.appian.com/ae/types/2009">
    <rule>
        <name>UAP_f_webServiceErrorHandling</name>
        <uuid>_a-0000defe-bf54-8000-9ba2-011c48011c48_242230</uuid>
        <description>handle web service errors</description>
        <parentUuid>_a-0000deb5-0bcc-8000-9ba2-011c48011c48_218266</parentUuid>
        <visibility>
            <advertise>false</advertise>
            <hierarchy>true</hierarchy>
            <indexable>true</indexable>
            <quota>false</quota>
            <searchable>true</searchable>
            <system>false</system>
            <unlogged>false</unlogged>
        </visibility>
        <definition>#"SYSTEM_SYSRULES_formLayout"(
  label: "Error With Web Service Call",
  instructions: "There has been an error with the following web service call. Either the status code is 4XX, 5XX, or no status code was returned. Please see the details below. Click '"&amp;#"_a-0000defe-bf54-8000-9ba2-011c48011c48_242244"&amp;"' to call the web service again.",
  firstColumnContents: {
    #"SYSTEM_SYSRULES_sectionLayout"(
      label: "Request",
      firstColumnContents: {
        #"SYSTEM_SYSRULES_textField"(
          label: "EndPoint",
          labelPosition: "ADJACENT",
          value: ri!endpoint,
          saveInto: {},
          refreshAfter: "UNFOCUS",
          readonly: true,
          validations: {}
        ),
        #"SYSTEM_SYSRULES_paragraphField"(
          label: "Headers",
          labelPosition: "ADJACENT",
          value: ri!headers,
          saveInto: {},
          refreshAfter: "UNFOCUS",
          readonly: true,
          height: "MEDIUM",
          validations: {}
        ),
        #"SYSTEM_SYSRULES_paragraphField"(
          label: "Parameters",
          labelPosition: "ADJACENT",
          value: ri!parameters,
          saveInto: {},
          refreshAfter: "UNFOCUS",
          readonly: true,
          height: "MEDIUM",
          validations: {}
        ),
        #"SYSTEM_SYSRULES_paragraphField"(
          label: "Basic Authentication",
          labelPosition: "ADJACENT",
          value: ri!basicAuthentication,
          refreshAfter: "UNFOCUS",
          readonly: true,
          height: "MEDIUM"
        )
      },
      secondColumnContents: {
        #"SYSTEM_SYSRULES_textField"(
          label: "Method",
          labelPosition: "ADJACENT",
          value: ri!method,
          saveInto: {},
          refreshAfter: "UNFOCUS",
          readonly: true,
          validations: {}
        ),
        #"SYSTEM_SYSRULES_paragraphField"(
          label: "Request Body",
          labelPosition: "ADJACENT",
          value: ri!requestBody,
          saveInto: {},
          refreshAfter: "UNFOCUS",
          readonly: true,
          height: "MEDIUM",
          validations: {}
        )
      }
    ),
    #"SYSTEM_SYSRULES_sectionLayout"(
      label: "Response",
      firstColumnContents: {
        #"SYSTEM_SYSRULES_textField"(
          label: "Error Occurred",
          labelPosition: "ADJACENT",
          value: ri!errorOccurred,
          readonly: true
        ),
        #"SYSTEM_SYSRULES_paragraphField"(
          label: "Error Info",
          labelPosition: "ADJACENT",
          value: ri!errorInfo,
          readonly: true,
          height: "MEDIUM"
        ),
        #"SYSTEM_SYSRULES_paragraphField"(
          label: "Response Header Names",
          labelPosition: "ADJACENT",
          value: ri!responseHeaderNames,
          readonly: true,
          height: "MEDIUM"
        ),
        #"SYSTEM_SYSRULES_paragraphField"(
          label: "Response Header Values",
          labelPosition: "ADJACENT",
          value: ri!responseHeaderValues,
          readonly: true,
          height: "MEDIUM"
        )
      },
      secondColumnContents: {
        #"SYSTEM_SYSRULES_integerField"(
          label: "Status Code",
          labelPosition: "ADJACENT",
          value: ri!statusCode,
          readonly: true
        ),
        #"SYSTEM_SYSRULES_paragraphField"(
          label: "Response Body",
          labelPosition: "ADJACENT",
          value: ri!responseBody,
          readonly: true,
          height: "MEDIUM"
        )
      }
    )
    
  },
  buttons: 
    #"SYSTEM_SYSRULES_ButtonLayout"(
      primaryButtons: {
        #"SYSTEM_SYSRULES_ButtonWidgetSubmit"(
          label: "Retry",
          style: "NORMAL",
          value: #"_a-0000defe-bf54-8000-9ba2-011c48011c48_242244",
          saveInto: ri!btnValue
        )
      }
    )
)</definition>
        <namedTypedValue>
            <name>endpoint</name>
            <type>
                <name>string</name>
                <namespace>http://www.w3.org/2001/XMLSchema</namespace>
            </type>
            <value/>
        </namedTypedValue>
        <namedTypedValue>
            <name>method</name>
            <type>
                <name>string</name>
                <namespace>http://www.w3.org/2001/XMLSchema</namespace>
            </type>
            <value/>
        </namedTypedValue>
        <namedTypedValue>
            <name>headers</name>
            <type>
                <name>string</name>
                <namespace>http://www.w3.org/2001/XMLSchema</namespace>
            </type>
            <value/>
        </namedTypedValue>
        <namedTypedValue>
            <name>parameters</name>
            <type>
                <name>string</name>
                <namespace>http://www.w3.org/2001/XMLSchema</namespace>
            </type>
            <value/>
        </namedTypedValue>
        <namedTypedValue>
            <name>requestBody</name>
            <type>
                <name>string</name>
                <namespace>http://www.w3.org/2001/XMLSchema</namespace>
            </type>
            <value/>
        </namedTypedValue>
        <namedTypedValue>
            <name>responseBody</name>
            <type>
                <name>string</name>
                <namespace>http://www.w3.org/2001/XMLSchema</namespace>
            </type>
            <value/>
        </namedTypedValue>
        <namedTypedValue>
            <name>statusCode</name>
            <type>
                <name>int</name>
                <namespace>http://www.w3.org/2001/XMLSchema</namespace>
            </type>
        </namedTypedValue>
        <namedTypedValue>
            <name>btnValue</name>
            <type>
                <name>string</name>
                <namespace>http://www.w3.org/2001/XMLSchema</namespace>
            </type>
            <value/>
        </namedTypedValue>
        <namedTypedValue>
            <name>responseHeaderNames</name>
            <type>
                <name>string</name>
                <namespace>http://www.w3.org/2001/XMLSchema</namespace>
            </type>
            <value/>
        </namedTypedValue>
        <namedTypedValue>
            <name>responseHeaderValues</name>
            <type>
                <name>string</name>
                <namespace>http://www.w3.org/2001/XMLSchema</namespace>
            </type>
            <value/>
        </namedTypedValue>
        <namedTypedValue>
            <name>errorOccurred</name>
            <type>
                <name>string</name>
                <namespace>http://www.w3.org/2001/XMLSchema</namespace>
            </type>
            <value/>
        </namedTypedValue>
        <namedTypedValue>
            <name>errorInfo</name>
            <type>
                <name>string</name>
                <namespace>http://www.w3.org/2001/XMLSchema</namespace>
            </type>
            <value/>
        </namedTypedValue>
        <namedTypedValue>
            <name>basicAuthentication</name>
            <type>
                <name>string</name>
                <namespace>http://www.w3.org/2001/XMLSchema</namespace>
            </type>
            <value/>
        </namedTypedValue>
        <metadataExpr></metadataExpr>
        <preferredEditor>interface</preferredEditor>
        <offlineEnabled>false</offlineEnabled>
    </rule>
    <roleMap public="true">
        <role inherit="true" allowForAll="false" name="readers">
            <users/>
            <groups/>
        </role>
        <role inherit="true" allowForAll="false" name="authors">
            <users/>
            <groups/>
        </role>
        <role inherit="true" allowForAll="false" name="administrators">
            <users>
                <userUuid>U06271388</userUuid>
            </users>
            <groups/>
        </role>
        <role inherit="false" allowForAll="false" name="denyReaders">
            <users/>
            <groups/>
        </role>
        <role inherit="false" allowForAll="false" name="denyAuthors">
            <users/>
            <groups/>
        </role>
        <role inherit="false" allowForAll="false" name="denyAdministrators">
            <users/>
            <groups/>
        </role>
    </roleMap>
</contentHaul>
