<?xml version="1.0" encoding="UTF-8" standalone="yes"?>
<contentHaul xmlns:a="http://www.appian.com/ae/types/2009">
    <rule>
        <name>UAP_pg_appXtenderDoc</name>
        <uuid>_a-0000dee0-8e2c-8000-9ba2-011c48011c48_232802</uuid>
        <description>Paging grid for appXtender documents</description>
        <parentUuid>_a-0000deb5-0bcc-8000-9ba2-011c48011c48_218266</parentUuid>
        <visibility>
            <advertise>false</advertise>
            <hierarchy>true</hierarchy>
            <indexable>true</indexable>
            <quota>false</quota>
            <searchable>true</searchable>
            <system>false</system>
            <unlogged>false</unlogged>
        </visibility>
        <definition>#"SYSTEM_SYSRULES_gridField"(
  label: ri!label,
  value: ri!pagingInfo,
  saveInto: {
    ri!pagingInfo,
    a!save(
      ri!datasubset,
      todatasubset
      (
        #"_a-0000def2-cb5b-8000-9ba2-011c48011c48_236848"(
          uNumber: ri!uNumber,
          pagingInfo: ri!pagingInfo
        )
      )
    )
  },
  totalCount: ri!datasubset.totalCount,
  emptyGridMessage: "No Documents Available",
  columns: {
    #"SYSTEM_SYSRULES_gridTextColumn"(
      label: "Document",
      /*field: "documentType",*/
      data: apply(
        concat(
          _,
          " - ",
          _
        ),
        merge(
          index(
            ri!datasubset.data,
            "documentName",
            {}
          ),
          index(
            ri!datasubset.data,
            "documentType",
            {}
          )
        )
      ),
      links: 
      if
      (
        ri!noLinks,
        null,
        apply(
          #"_a-0000df0b-4b17-8000-9ba2-011c48011c48_248219"(
            uNumber: ri!uNumber,
            axDocId: _
          ),
          index(
            ri!datasubset.data,
            "documentName",
            {}
          )
        )
      )
    ),
    /*a!gridTextColumn(*/
      /*label: "Document Type",*/
      /*field: "documentType",*/
      /*data: index(*/
        /*ri!datasubset.data,*/
        /*"documentType",*/
        /*{}*/
      /*)*/
    /*),*/
    #"SYSTEM_SYSRULES_gridTextColumn"(
      label: "Requirement Type",
      /*field: "admissionsRequirementType",*/
      data: apply(
        #"_a-0000df0b-4b17-8000-9ba2-011c48011c48_247469"(
          _
        ),
        index(
          ri!datasubset.data,
          "admissionsRequirementType",
          {}
        )
      )
    ),
    #"SYSTEM_SYSRULES_gridTextColumn"(
      label: "Modified Date",
      /*field: "modifiedDate",*/
      data: index(
        ri!datasubset.data,
        "modifiedDate",
        {}
      )
    )/*a!gridTextColumn(*/
    /*label: "Application Number",*/
    /*field: "applicationNumber",*/
    /*data: index(*/
    /*ri!datasubset.data,*/
    /*"applicationNumber",*/
    /*{}*/
    /*)*/
    /*)*/
    
  }
)</definition>
        <namedTypedValue>
            <name>datasubset</name>
            <type>
                <name>DataSubset</name>
                <namespace>http://www.appian.com/ae/types/2009</namespace>
            </type>
        </namedTypedValue>
        <namedTypedValue>
            <name>pagingInfo</name>
            <type>
                <name>PagingInfo</name>
                <namespace>http://www.appian.com/ae/types/2009</namespace>
            </type>
        </namedTypedValue>
        <namedTypedValue>
            <name>uNumber</name>
            <type>
                <name>string</name>
                <namespace>http://www.w3.org/2001/XMLSchema</namespace>
            </type>
            <value/>
        </namedTypedValue>
        <namedTypedValue>
            <name>noLinks</name>
            <type>
                <name>boolean</name>
                <namespace>http://www.w3.org/2001/XMLSchema</namespace>
            </type>
        </namedTypedValue>
        <namedTypedValue>
            <name>label</name>
            <type>
                <name>string</name>
                <namespace>http://www.w3.org/2001/XMLSchema</namespace>
            </type>
            <value/>
        </namedTypedValue>
        <metadataExpr></metadataExpr>
        <preferredEditor>interface</preferredEditor>
        <offlineEnabled>false</offlineEnabled>
    </rule>
    <roleMap public="true">
        <role inherit="true" allowForAll="false" name="readers">
            <users/>
            <groups/>
        </role>
        <role inherit="true" allowForAll="false" name="authors">
            <users/>
            <groups/>
        </role>
        <role inherit="true" allowForAll="false" name="administrators">
            <users/>
            <groups/>
        </role>
        <role inherit="false" allowForAll="false" name="denyReaders">
            <users/>
            <groups/>
        </role>
        <role inherit="false" allowForAll="false" name="denyAuthors">
            <users/>
            <groups/>
        </role>
        <role inherit="false" allowForAll="false" name="denyAdministrators">
            <users/>
            <groups/>
        </role>
    </roleMap>
    <typedValue>
        <type>
            <name>RuleTestConfig?list</name>
            <namespace>http://www.appian.com/ae/types/2009</namespace>
        </type>
        <value>
            <el>
                <a:name/>
                <a:ruleInputTestConfigs>
                    <a:value xmlns:xsi="http://www.w3.org/2001/XMLSchema-instance" xsi:type="a:Expression">'type!{http://www.appian.com/ae/types/2009}DataSubset'(
  totalCount: 0
)</a:value>
                    <a:nameRef>datasubset</a:nameRef>
                    <a:id/>
                </a:ruleInputTestConfigs>
                <a:ruleInputTestConfigs>
                    <a:value xmlns:xsi="http://www.w3.org/2001/XMLSchema-instance" xsi:type="a:Expression">#"SYSTEM_SYSRULES_pagingInfo"(1,10)</a:value>
                    <a:nameRef>pagingInfo</a:nameRef>
                    <a:id/>
                </a:ruleInputTestConfigs>
                <a:ruleInputTestConfigs>
                    <a:value xmlns:xsd="http://www.w3.org/2001/XMLSchema" xmlns:xsi="http://www.w3.org/2001/XMLSchema-instance" xsi:type="xsd:string"/>
                    <a:nameRef>uNumber</a:nameRef>
                    <a:id/>
                </a:ruleInputTestConfigs>
                <a:ruleInputTestConfigs>
                    <a:value xmlns:xsd="http://www.w3.org/2001/XMLSchema" xmlns:xsi="http://www.w3.org/2001/XMLSchema-instance" xsi:nil="true" xsi:type="xsd:boolean"/>
                    <a:nameRef>noLinks</a:nameRef>
                    <a:id/>
                </a:ruleInputTestConfigs>
                <a:ruleInputTestConfigs>
                    <a:value xmlns:xsd="http://www.w3.org/2001/XMLSchema" xmlns:xsi="http://www.w3.org/2001/XMLSchema-instance" xsi:type="xsd:string"/>
                    <a:nameRef>label</a:nameRef>
                    <a:id/>
                </a:ruleInputTestConfigs>
                <a:assertions xmlns:xsi="http://www.w3.org/2001/XMLSchema-instance" xsi:nil="true"/>
            </el>
        </value>
    </typedValue>
</contentHaul>
