<?xml version="1.0" encoding="UTF-8" standalone="yes"?>
<contentHaul xmlns:a="http://www.appian.com/ae/types/2009">
    <rule>
        <name>UAP_getReference</name>
        <uuid>_a-0000deb5-0bcc-8000-9ba2-011c48011c48_219272</uuid>
        <description>Retrieves data for the reference</description>
        <parentUuid>_a-0000deb5-0bcc-8000-9ba2-011c48011c48_218267</parentUuid>
        <visibility>
            <advertise>false</advertise>
            <hierarchy>true</hierarchy>
            <indexable>true</indexable>
            <quota>false</quota>
            <searchable>true</searchable>
            <system>false</system>
            <unlogged>false</unlogged>
        </visibility>
        <definition>with(&#xD;
  local!queryDatasubset: #"SYSTEM_SYSRULES_queryEntity"(&#xD;
    entity: #"_a-0000deb5-0bcc-8000-9ba2-011c48011c48_219273",&#xD;
    query: #"SYSTEM_SYSRULES_query"(&#xD;
      selection: &#xD;
        #"SYSTEM_SYSRULES_querySelection"(&#xD;
          columns: {&#xD;
            #"SYSTEM_SYSRULES_queryColumn"(field: "refId"),&#xD;
            #"SYSTEM_SYSRULES_queryColumn"(field: "refType"),&#xD;
            #"SYSTEM_SYSRULES_queryColumn"(field: "subType"),&#xD;
            #"SYSTEM_SYSRULES_queryColumn"(field: "code"),&#xD;
            #"SYSTEM_SYSRULES_queryColumn"(field: "displayValue"),&#xD;
            #"SYSTEM_SYSRULES_queryColumn"(field: "description"),&#xD;
            #"SYSTEM_SYSRULES_queryColumn"(field: "displayOrder"),&#xD;
            #"SYSTEM_SYSRULES_queryColumn"(field: "isActive")&#xD;
            &#xD;
            }&#xD;
        )&#xD;
      ,&#xD;
      pagingInfo: if(&#xD;
        isnull(&#xD;
          ri!pagingInfo&#xD;
        ),&#xD;
        #"SYSTEM_SYSRULES_pagingInfo"(&#xD;
          startIndex: 1,&#xD;
          batchSize: - 1,&#xD;
          sort: #"SYSTEM_SYSRULES_sortInfo"(&#xD;
            field: "displayValue",&#xD;
            ascending: true&#xD;
          )&#xD;
        ),&#xD;
        ri!pagingInfo&#xD;
      ),&#xD;
      logicalExpression: #"SYSTEM_SYSRULES_queryLogicalExpression"(&#xD;
        operator: "AND",&#xD;
        filters: {&#xD;
          #"SYSTEM_SYSRULES_queryFilter"(&#xD;
            field: "isActive",&#xD;
            operator: "=",&#xD;
            value: true&#xD;
          ),&#xD;
          if(&#xD;
            and(&#xD;
              isnull(&#xD;
                ri!refId&#xD;
              ),&#xD;
              isnull(&#xD;
                ri!refType&#xD;
              ),&#xD;
              isnull(&#xD;
                ri!subType&#xD;
              ),&#xD;
              isnull(&#xD;
                ri!code&#xD;
              ),&#xD;
              isnull(&#xD;
                ri!displayValue&#xD;
              ),&#xD;
              #"_a-0000d62a-67b3-8000-da6f-010000010000_951"(&#xD;
                ri!subTypeList&#xD;
              )&#xD;
              &#xD;
            ),&#xD;
            if(&#xD;
              ri!returnAll,&#xD;
              #"SYSTEM_SYSRULES_queryFilter"(&#xD;
                field: "refId",&#xD;
                operator: "not null"&#xD;
              ),&#xD;
              #"SYSTEM_SYSRULES_queryFilter"(&#xD;
                field: "refId",&#xD;
                operator: "is null"&#xD;
              )&#xD;
            ),&#xD;
            {&#xD;
              if(&#xD;
                isnull(&#xD;
                  ri!refId&#xD;
                ),&#xD;
                {},&#xD;
                #"SYSTEM_SYSRULES_queryFilter"(&#xD;
                  field: "refId",&#xD;
                  operator: "in",&#xD;
                  value: ri!refId&#xD;
                )&#xD;
              ),&#xD;
              if(&#xD;
                isnull(&#xD;
                  ri!refType&#xD;
                ),&#xD;
                {},&#xD;
                #"SYSTEM_SYSRULES_queryFilter"(&#xD;
                  field: "refType",&#xD;
                  operator: "in",&#xD;
                  value: ri!refType&#xD;
                )&#xD;
              ),&#xD;
              if(&#xD;
                isnull(&#xD;
                  ri!subType&#xD;
                ),&#xD;
                {},&#xD;
                #"SYSTEM_SYSRULES_queryFilter"(&#xD;
                  field: "subType",&#xD;
                  operator: "=",&#xD;
                  value: ri!subType&#xD;
                )&#xD;
              ),&#xD;
              if(&#xD;
                isnull(&#xD;
                  ri!code&#xD;
                ),&#xD;
                {},&#xD;
                #"SYSTEM_SYSRULES_queryFilter"(&#xD;
                  field: "code",&#xD;
                  operator: "=",&#xD;
                  value: ri!code&#xD;
                )&#xD;
              ),&#xD;
              if(&#xD;
                isnull(&#xD;
                  ri!displayValue&#xD;
                ),&#xD;
                {},&#xD;
                #"SYSTEM_SYSRULES_queryFilter"(&#xD;
                  field: "displayValue",&#xD;
                  operator: "=",&#xD;
                  value: ri!displayValue&#xD;
                )&#xD;
              ),&#xD;
              if(&#xD;
                #"_a-0000d62a-67b3-8000-da6f-010000010000_951"(&#xD;
                  ri!subTypeList&#xD;
                ),&#xD;
                {},&#xD;
                #"SYSTEM_SYSRULES_queryFilter"(&#xD;
                  field: "subType",&#xD;
                  operator: "in",&#xD;
                  value: ri!subTypeList&#xD;
                )&#xD;
              )&#xD;
            }&#xD;
          )&#xD;
        }&#xD;
      )&#xD;
    )&#xD;
  ),&#xD;
  if(&#xD;
    ri!returnCdt,&#xD;
    cast(&#xD;
      typeof(&#xD;
        {&#xD;
          'type!{urn:com:appian:types:UAP}UAP_reference'()&#xD;
        }&#xD;
      ),&#xD;
      local!queryDatasubset.data&#xD;
    ),&#xD;
    local!queryDatasubset&#xD;
  )&#xD;
)</definition>
        <namedTypedValue>
            <name>pagingInfo</name>
            <type>
                <name>PagingInfo</name>
                <namespace>http://www.appian.com/ae/types/2009</namespace>
            </type>
        </namedTypedValue>
        <namedTypedValue>
            <name>returnAll</name>
            <type>
                <name>boolean</name>
                <namespace>http://www.w3.org/2001/XMLSchema</namespace>
            </type>
        </namedTypedValue>
        <namedTypedValue>
            <name>returnCdt</name>
            <type>
                <name>boolean</name>
                <namespace>http://www.w3.org/2001/XMLSchema</namespace>
            </type>
        </namedTypedValue>
        <namedTypedValue>
            <name>refId</name>
            <type>
                <name>Integer?list</name>
                <namespace>http://www.appian.com/ae/types/2009</namespace>
            </type>
        </namedTypedValue>
        <namedTypedValue>
            <name>refType</name>
            <type>
                <name>Text?list</name>
                <namespace>http://www.appian.com/ae/types/2009</namespace>
            </type>
        </namedTypedValue>
        <namedTypedValue>
            <name>subType</name>
            <type>
                <name>int</name>
                <namespace>http://www.w3.org/2001/XMLSchema</namespace>
            </type>
        </namedTypedValue>
        <namedTypedValue>
            <name>code</name>
            <type>
                <name>string</name>
                <namespace>http://www.w3.org/2001/XMLSchema</namespace>
            </type>
            <value/>
        </namedTypedValue>
        <namedTypedValue>
            <name>displayValue</name>
            <type>
                <name>string</name>
                <namespace>http://www.w3.org/2001/XMLSchema</namespace>
            </type>
            <value/>
        </namedTypedValue>
        <namedTypedValue>
            <name>subTypeList</name>
            <type>
                <name>Integer?list</name>
                <namespace>http://www.appian.com/ae/types/2009</namespace>
            </type>
        </namedTypedValue>
        <preferredEditor>legacy</preferredEditor>
        <offlineEnabled>false</offlineEnabled>
    </rule>
    <roleMap public="true">
        <role inherit="true" allowForAll="false" name="readers">
            <users/>
            <groups/>
        </role>
        <role inherit="true" allowForAll="false" name="authors">
            <users/>
            <groups/>
        </role>
        <role inherit="true" allowForAll="false" name="administrators">
            <users/>
            <groups/>
        </role>
        <role inherit="false" allowForAll="false" name="denyReaders">
            <users/>
            <groups/>
        </role>
        <role inherit="false" allowForAll="false" name="denyAuthors">
            <users/>
            <groups/>
        </role>
        <role inherit="false" allowForAll="false" name="denyAdministrators">
            <users/>
            <groups/>
        </role>
    </roleMap>
</contentHaul>
