<?xml version="1.0" encoding="UTF-8" standalone="yes"?>
<contentHaul xmlns:a="http://www.appian.com/ae/types/2009">
    <rule>
        <name>UAP_s_facultyReviewerDashboard</name>
        <uuid>_a-0000def2-cb5b-8000-9ba2-011c48011c48_237321</uuid>
        <description>The Faculty Reviewer Report used in the main dashboard</description>
        <parentUuid>_a-0000deb5-0bcc-8000-9ba2-011c48011c48_218266</parentUuid>
        <visibility>
            <advertise>false</advertise>
            <hierarchy>true</hierarchy>
            <indexable>true</indexable>
            <quota>false</quota>
            <searchable>true</searchable>
            <system>false</system>
            <unlogged>false</unlogged>
        </visibility>
        <definition>load(
  local!loggedInUser: loggedInUser(),
  /*local!loggedInUser: "U65196699",*/
  /*Paging Info for the Query/Grid*/
  local!pagingInfo: #"SYSTEM_SYSRULES_pagingInfo"(
    startIndex: 1,
    batchSize: 10,
    sort: #"SYSTEM_SYSRULES_sortInfo"(
      field: "applicationId",
      ascending: true
    )
  ),
  /*
  Query for the level3 ids for which loggedinuser is a review
  and pass it into the below query to ensure that we only get
  back applications this review should see
  */
  local!reviewerList: #"_a-0000deb5-0bcc-8000-9ba2-011c48011c48_219583"(
    startIndex: 1,
    batchSize: - 1,
    name: local!loggedInUser,
    sort: #"SYSTEM_SYSRULES_sortInfo"(
      field: "levelThreeId",
      ascending: true
    )
  ),
  local!level3IdList: if(
    local!reviewerList.totalCount = 0,
    {},
    local!reviewerList.data.levelThreeId
  ),
  /*The UAP_v_facultyReviewer datasubset*/
  local!facultyReviewerDS: #"_a-0000decc-9caf-8000-9ba2-011c48011c48_226356"(
    pagingInfo: local!pagingInfo,
    level3IdList: local!level3IdList
  ),
  local!referenceList: #"_a-0000deb5-0bcc-8000-9ba2-011c48011c48_219272"(
    refType: {
      #"_a-0000decc-9caf-8000-9ba2-011c48011c48_226563",
      #"_a-0000decc-9caf-8000-9ba2-011c48011c48_225896"
    },
    returnAll: true,
    returnCdt: true,
    pagingInfo: #"SYSTEM_SYSRULES_pagingInfo"(
      startIndex: 1,
      batchSize: - 1,
      sort: #"SYSTEM_SYSRULES_sortInfo"(
        field: "displayOrder",
        ascending: true
      )
    )
  ),
  local!applicationStatusList: #"_a-0000deb5-0bcc-8000-9ba2-011c48011c48_219282"(
    referenceList: local!referenceList,
    refType: #"_a-0000decc-9caf-8000-9ba2-011c48011c48_225896"
  ),
  local!reviewStatusList: #"_a-0000deb5-0bcc-8000-9ba2-011c48011c48_219282"(
    referenceList: local!referenceList,
    refType: #"_a-0000decc-9caf-8000-9ba2-011c48011c48_226563"
  ),
  local!reviewedText: displayValue(
    #"_a-0000decc-9caf-8000-9ba2-011c48011c48_226568",
    local!reviewStatusList.refId,
    local!reviewStatusList.displayValue,
    null
  ),
  local!needsReviewText: displayValue(
    #"_a-0000decc-9caf-8000-9ba2-011c48011c48_226570",
    local!reviewStatusList.refId,
    local!reviewStatusList.displayValue,
    null
  ),
  local!reviewsClosedText: displayValue(
    #"_a-0000decc-9caf-8000-9ba2-011c48011c48_226579",
    local!reviewStatusList.refId,
    local!reviewStatusList.displayValue,
    null
  ),
  /*Populate labels but dont take affect*/
  local!applicationStatusDropdown,
  local!reviewStatusDropdown,
  /*Affect queries, saved into on click of "Apply Filters" or "Clear Filters"*/
  local!applicationStatusFilter,
  local!reviewStatusFilter,
  local!applicantFilter,
  local!applicantFilterDropdown,
  {
    /**Filter Section**/
    #"SYSTEM_SYSRULES_sectionLayout"(
      /*label: "Filters",*/
      isCollapsible: true,
      firstColumnContents: {
        #"SYSTEM_SYSRULES_pickerFieldRecords"(
          label: "Applicant",
          labelPosition: "ADJACENT",
          maxSelections: 1,
          recordType: #"_a-0000decc-9caf-8000-9ba2-011c48011c48_225409",
          placeholder: #"_a-0000decc-9caf-8000-9ba2-011c48011c48_226643",
          value: local!applicantFilterDropdown,
          saveInto: local!applicantFilterDropdown
        ),
        #"SYSTEM_SYSRULES_dropdownField"(
          label: "Reviewed?",
          labelPosition: "ADJACENT",
          placeholderLabel: #"_a-0000deb5-0bcc-8000-9ba2-011c48011c48_219354",
          choiceLabels: local!reviewStatusList.displayValue,
          choiceValues: local!reviewStatusList.refId,
          value: local!reviewStatusDropdown,
          saveInto: local!reviewStatusDropdown
        )
      },
      secondColumnContents: {
        #"SYSTEM_SYSRULES_dropdownField"(
          label: #"_a-0000dee0-8e2c-8000-9ba2-011c48011c48_232678",
          labelPosition: "ADJACENT",
          placeholderLabel: #"_a-0000deb5-0bcc-8000-9ba2-011c48011c48_219354",
          choiceLabels: local!applicationStatusList.displayValue,
          choiceValues: local!applicationStatusList.displayValue,
          value: local!applicationStatusDropdown,
          saveInto: local!applicationStatusDropdown
        ),
        #"SYSTEM_SYSRULES_textField"(
          readOnly: true
        ),
        /*Apply Links*/
        #"SYSTEM_SYSRULES_richTextDisplayField"(
          labelPosition: "COLLAPSED",
          align: "RIGHT",
          value: {
            #"SYSTEM_SYSRULES_richTextItem"(
              text: "Clear Filters",
              style: "UNDERLINE",
              link: #"SYSTEM_SYSRULES_dynamicLink"(
                saveInto: {
                  a!save(
                    local!applicationStatusDropdown,
                    null
                  ),
                  a!save(
                    local!reviewStatusDropdown,
                    null
                  ),
                  a!save(
                    local!applicationStatusFilter,
                    null
                  ),
                  a!save(
                    local!reviewStatusFilter,
                    null
                  ),
                  a!save(
                    local!applicantFilter,
                    null
                  ),
                  a!save(
                    local!applicantFilterDropdown,
                    null
                  ),
                  a!save(
                    local!pagingInfo.startIndex,
                    1
                  ),
                  a!save(
                    local!facultyReviewerDS,
                    #"_a-0000decc-9caf-8000-9ba2-011c48011c48_226622"(
                      applicationId: local!applicantFilter,
                      pagingInfo: local!pagingInfo,
                      level3IdList: local!level3IdList,
                      applicationStatusFilter: local!applicationStatusFilter,
                      reviewStatusFilter: local!reviewStatusFilter,
                      loggedInUser: local!loggedInUser,
                      returnAll: true
                    )
                  )
                }
              )
            ),
            #"SYSTEM_SYSRULES_richTextItem"(
              text: "   "
            ),
            #"SYSTEM_SYSRULES_richTextItem"(
              text: "Apply Filters",
              style: "UNDERLINE",
              link: #"SYSTEM_SYSRULES_dynamicLink"(
                saveInto: {
                  a!save(
                    local!applicationStatusFilter,
                    local!applicationStatusDropdown
                  ),
                  a!save(
                    local!reviewStatusFilter,
                    local!reviewStatusDropdown
                  ),
                  a!save(
                    local!applicantFilter,
                    local!applicantFilterDropdown
                  ),
                  a!save(
                    local!pagingInfo.startIndex,
                    1
                  ),
                  a!save(
                    local!facultyReviewerDS,
                    #"_a-0000decc-9caf-8000-9ba2-011c48011c48_226622"(
                      applicationId: local!applicantFilter,
                      pagingInfo: local!pagingInfo,
                      level3IdList: local!level3IdList,
                      applicationStatusFilter: local!applicationStatusFilter,
                      reviewStatusFilter: local!reviewStatusFilter,
                      loggedInUser: local!loggedInUser,
                      returnAll: true
                    )
                  )
                }
              )
            )
          }
        )
      }
    ),
    /**Grid Section**/
    #"SYSTEM_SYSRULES_sectionLayout"(
      label: "Applications",
      isCollapsible: true,
      firstColumnContents: {
        #"SYSTEM_SYSRULES_gridField"(
          value: local!pagingInfo,
          totalCount: local!facultyReviewerDS.totalCount,
          emptyGridMessage: "No Applications Found",
          columns: {
            /*Applicant Name*/
            #"SYSTEM_SYSRULES_gridTextColumn"(
              label: "Applicant",
              field: "applicationId",
              data: if(
                local!facultyReviewerDS.totalCount = 0,
                {},
                apply(
                  concat(
                    _,
                    _,
                    _
                  ),
                  merge(
                    index(
                      local!facultyReviewerDS.data,
                      "firstName",
                      null
                    ),
                    repeat(
                      count(
                        local!facultyReviewerDS.data
                      ),
                      " "
                    ),
                    index(
                      local!facultyReviewerDS.data,
                      "lastName",
                      null
                    )
                  )
                )
              ),
              links: {
                if(
                  local!facultyReviewerDS.totalCount = 0,
                  {},
                  apply(
                    #"SYSTEM_SYSRULES_recordLink"(
                      recordType: #"_a-0000decc-9caf-8000-9ba2-011c48011c48_225409",
                      identifier: _
                    ),
                    local!facultyReviewerDS.data.applicationId
                  )
                )
              }
            ),
            /*Review Status*/
            #"SYSTEM_SYSRULES_gridImageColumn"(
              label: "Reviewed?",
              field: "reviewCount",
              size: "ICON",
              data: {
                if(
                  local!facultyReviewerDS.totalCount = 0,
                  {},
                  apply(
                    #"_a-0000decc-9caf-8000-9ba2-011c48011c48_226662"(
                      facultyReviewer: _,
                      loggedInUser: local!loggedInUser,
                      reviewedText: local!reviewedText,
                      needsReviewText: local!needsReviewText,
                      reviewsClosedText: local!reviewsClosedText
                    ),
                    local!facultyReviewerDS.data
                  )
                )
              }
            ),
            /*Score Column*/
            #"SYSTEM_SYSRULES_gridTextColumn"(
              label: "My Score",
              field: "scoreList",
              data: {
                if(
                  local!facultyReviewerDS.totalCount = 0,
                  {},
                  apply(
                    #"_a-0000decc-9caf-8000-9ba2-011c48011c48_226494"(
                      loggedInUser: local!loggedInUser,
                      facultyReviewer: _
                    ),
                    local!facultyReviewerDS.data
                  )
                )
              }
            ),
            /* Reviews / Reviewer */
            #"SYSTEM_SYSRULES_gridTextColumn"(
              label: "Reviews",
              field: "reviewCount",
              data: {
                if(
                  local!facultyReviewerDS.totalCount = 0,
                  {},
                  apply(
                    #"_a-0000decc-9caf-8000-9ba2-011c48011c48_226527"(
                      facultyReviewer: _
                    ),
                    local!facultyReviewerDS.data
                  )
                )
              }
            ),
            /* Major */
            #"SYSTEM_SYSRULES_gridTextColumn"(
              label: "Major",
              field: "majorName",
              data: {
                if(
                  local!facultyReviewerDS.totalCount = 0,
                  {},
                  index(
                    local!facultyReviewerDS.data,
                    "majorName",
                    null
                  )
                )
              }
            ),
            /* Concentration */
            #"SYSTEM_SYSRULES_gridTextColumn"(
              label: "Concentration",
              field: "concentrationName",
              data: {
                if(
                  local!facultyReviewerDS.totalCount = 0,
                  {},
                  updatearray(
                    index(
                      local!facultyReviewerDS.data,
                      "concentrationName",
                      null
                    ),
                    where(
                      apply(
                        #"_a-0000d62a-67b3-8000-da6f-010000010000_950",
                        index(
                          local!facultyReviewerDS.data,
                          "concentrationName",
                          null
                        )
                      )
                    ),
                    #"_a-0000dee0-8e2c-8000-9ba2-011c48011c48_232694"
                  )
                )
              }
            ),
            /* Degree */
            #"SYSTEM_SYSRULES_gridTextColumn"(
              label: "Degree",
              field: "degreeName",
              data: {
                if(
                  local!facultyReviewerDS.totalCount = 0,
                  {},
                  index(
                    local!facultyReviewerDS.data,
                    "degreeName",
                    null
                  )
                )
              }
            ),
            /*Application Status*/
            #"SYSTEM_SYSRULES_gridTextColumn"(
              label: #"_a-0000dee0-8e2c-8000-9ba2-011c48011c48_232678",
              field: "applicationStatus",
              data: {
                if(
                  local!facultyReviewerDS.totalCount = 0,
                  {},
                  index(
                    local!facultyReviewerDS.data,
                    "applicationStatus",
                    null
                  )
                )
              }
            )
          },
          saveInto: {
            local!pagingInfo,
            a!save(
              local!facultyReviewerDS,
              #"_a-0000decc-9caf-8000-9ba2-011c48011c48_226622"(
                applicationId: local!applicantFilter,
                pagingInfo: local!pagingInfo,
                level3IdList: local!level3IdList,
                applicationStatusFilter: local!applicationStatusFilter,
                reviewStatusFilter: local!reviewStatusFilter,
                loggedInUser: local!loggedInUser,
                returnAll: true
              )
            )
          }
        )
      }
    )
  }
)</definition>
        <metadataExpr></metadataExpr>
        <preferredEditor>interface</preferredEditor>
        <offlineEnabled>false</offlineEnabled>
    </rule>
    <roleMap public="true">
        <role inherit="true" allowForAll="false" name="readers">
            <users/>
            <groups/>
        </role>
        <role inherit="true" allowForAll="false" name="authors">
            <users/>
            <groups/>
        </role>
        <role inherit="true" allowForAll="false" name="administrators">
            <users>
                <userUuid>U38263239</userUuid>
            </users>
            <groups/>
        </role>
        <role inherit="false" allowForAll="false" name="denyReaders">
            <users/>
            <groups/>
        </role>
        <role inherit="false" allowForAll="false" name="denyAuthors">
            <users/>
            <groups/>
        </role>
        <role inherit="false" allowForAll="false" name="denyAdministrators">
            <users/>
            <groups/>
        </role>
    </roleMap>
</contentHaul>
