<?xml version="1.0" encoding="UTF-8" standalone="yes"?>
<contentHaul xmlns:a="http://www.appian.com/ae/types/2009">
    <rule>
        <name>UAP_saveAppXtenderDocType</name>
        <uuid>_a-0000def2-cb5b-8000-9ba2-011c48011c48_237189</uuid>
        <description>Given the refId of the document type, save out the appropriate document type and admissions requirement type in the UAP_appXtenderDocMetaData auxiliary CDT</description>
        <parentUuid>_a-0000deb5-0bcc-8000-9ba2-011c48011c48_218267</parentUuid>
        <visibility>
            <advertise>false</advertise>
            <hierarchy>true</hierarchy>
            <indexable>true</indexable>
            <quota>false</quota>
            <searchable>true</searchable>
            <system>false</system>
            <unlogged>false</unlogged>
        </visibility>
        <definition>if(
  /*Check if the selected doc type is of "Supplemental Info" doc Type*/
  contains(
    {
      #"_a-0000def2-cb5b-8000-9ba2-011c48011c48_237159",
      #"_a-0000def2-cb5b-8000-9ba2-011c48011c48_237160",
      #"_a-0000def2-cb5b-8000-9ba2-011c48011c48_237161",
      #"_a-0000def2-cb5b-8000-9ba2-011c48011c48_237163",
      #"_a-0000def2-cb5b-8000-9ba2-011c48011c48_237166",
      #"_a-0000def2-cb5b-8000-9ba2-011c48011c48_237170"
    },
    ri!selDocTypeRefId
  ),
  {
    /*Save out Supplemental Info as the docType*/
    a!save(
      ri!docMetaData.documentType,
      index(
        ri!docTypeRefList.code,
        wherecontains(
          #"_a-0000def2-cb5b-8000-9ba2-011c48011c48_237142",
          ri!docTypeRefList.refId
        ),
        null
      )
    ),
    /*Save the appropriate Admission Requirement Type*/
    a!save(
      ri!docMetaData.admissionsRequirementType,
      index(
        ri!docTypeRefList.code,
        wherecontains(
          ri!selDocTypeRefId,
          ri!docTypeRefList.refId
        )
      )
    )
  },
  {
    /*Otherwise, save just the appropriate doc Type*/
    a!save(
      ri!docMetaData.documentType,
      index(
        ri!docTypeRefList.code,
        wherecontains(
          ri!selDocTypeRefId,
          ri!docTypeRefList.refId
        ),
        null
      )
    )
  }
)</definition>
        <namedTypedValue>
            <name>selDocTypeRefId</name>
            <type>
                <name>int</name>
                <namespace>http://www.w3.org/2001/XMLSchema</namespace>
            </type>
        </namedTypedValue>
        <namedTypedValue>
            <name>docMetaData</name>
            <type>
                <name>UAP_appXtenderDocMetaData</name>
                <namespace>urn:com:appian:types:UAP</namespace>
            </type>
        </namedTypedValue>
        <namedTypedValue>
            <name>docTypeRefList</name>
            <type>
                <name>UAP_reference?list</name>
                <namespace>urn:com:appian:types:UAP</namespace>
            </type>
        </namedTypedValue>
        <preferredEditor>legacy</preferredEditor>
        <offlineEnabled>false</offlineEnabled>
    </rule>
    <roleMap public="true">
        <role inherit="true" allowForAll="false" name="readers">
            <users/>
            <groups/>
        </role>
        <role inherit="true" allowForAll="false" name="authors">
            <users/>
            <groups/>
        </role>
        <role inherit="true" allowForAll="false" name="administrators">
            <users>
                <userUuid>U38263239</userUuid>
            </users>
            <groups/>
        </role>
        <role inherit="false" allowForAll="false" name="denyReaders">
            <users/>
            <groups/>
        </role>
        <role inherit="false" allowForAll="false" name="denyAuthors">
            <users/>
            <groups/>
        </role>
        <role inherit="false" allowForAll="false" name="denyAdministrators">
            <users/>
            <groups/>
        </role>
    </roleMap>
</contentHaul>
