<?xml version="1.0" encoding="UTF-8" standalone="yes"?>
<contentHaul xmlns:a="http://www.appian.com/ae/types/2009">
    <rule>
        <name>UAP_pg_priorCollege</name>
        <uuid>_a-0000dee0-8e2c-8000-9ba2-011c48011c48_232907</uuid>
        <description>Paging grid for an applicant's prior colleges</description>
        <parentUuid>_a-0000deb5-0bcc-8000-9ba2-011c48011c48_218266</parentUuid>
        <visibility>
            <advertise>false</advertise>
            <hierarchy>true</hierarchy>
            <indexable>true</indexable>
            <quota>false</quota>
            <searchable>true</searchable>
            <system>false</system>
            <unlogged>false</unlogged>
        </visibility>
        <definition>load(
  local!loggedInUser: loggedInUser(),
  local!prior: #"_a-0000def2-cb5b-8000-9ba2-011c48011c48_237564"(
    uNumber: ri!graduateApplication.uNumber,
    pagingInfo: #"SYSTEM_SYSRULES_pagingInfo"(
      1,
      10
    )
  ),
  local!datasubset: todatasubset(
    local!prior,
    ri!pagingInfo
  ),
  #"SYSTEM_SYSRULES_gridField"(
    columns: {
      #"SYSTEM_SYSRULES_gridTextColumn"(
        label: "FICE Code",
        field: "institutionCode",
        data: index(
          index(
            local!datasubset,
            "data",
            {}
          ),
          "institutionCode",
          {}
        )
      ),
      #"SYSTEM_SYSRULES_gridTextColumn"(
        label: "Institution Name",
        field: "institutionDescription",
        data: index(
          index(
            local!datasubset,
            "data",
            {}
          ),
          "institutionDescription",
          {}
        )
      ),
      #"SYSTEM_SYSRULES_gridTextColumn"(
        label: "Degree",
        field: "degreeType",
        data: index(
          index(
            local!datasubset,
            "data",
            {}
          ),
          "degreeType",
          {}
        )
      ),
      #"SYSTEM_SYSRULES_gridTextColumn"(
        label: "Degree Date",
        field: "degreeDate",
        data: index(
          index(
            local!datasubset,
            "data",
            {}
          ),
          "degreeDate",
          {}
        )
      ),
      #"SYSTEM_SYSRULES_gridImageColumn"(
        label: "Is Official Transcript?",
        field: "isOfficialTranscript",
        data: apply(
          #"_a-0000defe-bf54-8000-9ba2-011c48011c48_243592"(
            isOfficial: _
          ),
          index(
            index(
              local!datasubset,
              "data",
              {}
            ),
            "isOfficialTranscript",
            {}
          )
        ),
        size: "ICON"
      ),
      if(
        isusermemberofgroup(
          local!loggedInUser,
          #"_a-0000deb5-0bcc-8000-9ba2-011c48011c48_220117"
        ),
        #"SYSTEM_SYSRULES_gridTextColumn"(
          label: "Credit Hours",
          field: "transferHours",
          data: index(
            index(
              local!datasubset,
              "data",
              {}
            ),
            "transferHours",
            {}
          )
        ),
        {}
      ),
      #"SYSTEM_SYSRULES_gridTextColumn"(
        label: "Institution GPA",
        field: "transferGpa",
        data: index(
          index(
            local!datasubset,
            "data",
            {}
          ),
          "transferGpa",
          {}
        )
      ),
      #"SYSTEM_SYSRULES_gridTextColumn"(
        label: "Attended From",
        field: "attendedFrom",
        data: index(
          index(
            local!datasubset,
            "data",
            {}
          ),
          "attendedFrom",
          {}
        )
      ),
      #"SYSTEM_SYSRULES_gridTextColumn"(
        label: "Attended To",
        field: "attendedTo",
        data: index(
          index(
            local!datasubset,
            "data",
            {}
          ),
          "attendedTo",
          {}
        )
      ),
      /*a!gridTextColumn(*/
      /*label: "Primary Indicator",*/
      /*field: "primaryIndicator",*/
      /*data: index(*/
      /*index(*/
      /*local!datasubset,*/
      /*"data",*/
      /*{}*/
      /*),*/
      /*"primaryIndicator",*/
      /*{}*/
      /*)*/
      /*),*/
      
    },
    totalCount: index(
      local!datasubset,
      "totalCount",
      0
    ),
    value: ri!pagingInfo,
    saveInto: {
      ri!pagingInfo,
      a!save(
        todatasubset(
          local!datasubset,
          ri!pagingInfo
        )
      )
    }
  )
)</definition>
        <namedTypedValue>
            <name>pagingInfo</name>
            <type>
                <name>PagingInfo</name>
                <namespace>http://www.appian.com/ae/types/2009</namespace>
            </type>
        </namedTypedValue>
        <namedTypedValue>
            <name>graduateApplication</name>
            <type>
                <name>UAP_v_graduateApplication</name>
                <namespace>urn:com:appian:types:UAP</namespace>
            </type>
        </namedTypedValue>
        <metadataExpr></metadataExpr>
        <preferredEditor>interface</preferredEditor>
        <offlineEnabled>false</offlineEnabled>
    </rule>
    <roleMap public="true">
        <role inherit="true" allowForAll="false" name="readers">
            <users/>
            <groups/>
        </role>
        <role inherit="true" allowForAll="false" name="authors">
            <users/>
            <groups/>
        </role>
        <role inherit="true" allowForAll="false" name="administrators">
            <users>
                <userUuid>U38263239</userUuid>
            </users>
            <groups/>
        </role>
        <role inherit="false" allowForAll="false" name="denyReaders">
            <users/>
            <groups/>
        </role>
        <role inherit="false" allowForAll="false" name="denyAuthors">
            <users/>
            <groups/>
        </role>
        <role inherit="false" allowForAll="false" name="denyAdministrators">
            <users/>
            <groups/>
        </role>
    </roleMap>
    <typedValue>
        <type>
            <name>RuleTestConfig?list</name>
            <namespace>http://www.appian.com/ae/types/2009</namespace>
        </type>
        <value>
            <el>
                <a:name/>
                <a:ruleInputTestConfigs>
                    <a:value xmlns:xsi="http://www.w3.org/2001/XMLSchema-instance" xsi:type="a:Expression">#"SYSTEM_SYSRULES_pagingInfo"(1,10)</a:value>
                    <a:nameRef>pagingInfo</a:nameRef>
                    <a:id/>
                </a:ruleInputTestConfigs>
                <a:ruleInputTestConfigs>
                    <a:value xmlns:n1="urn:com:appian:types:UAP" xmlns:xsi="http://www.w3.org/2001/XMLSchema-instance" xsi:nil="true" xsi:type="n1:UAP_v_graduateApplication"/>
                    <a:nameRef>graduateApplication</a:nameRef>
                    <a:id/>
                </a:ruleInputTestConfigs>
                <a:assertions xmlns:xsi="http://www.w3.org/2001/XMLSchema-instance" xsi:nil="true"/>
            </el>
        </value>
    </typedValue>
</contentHaul>
