<?xml version="1.0" encoding="UTF-8" standalone="yes"?>
<contentHaul xmlns:a="http://www.appian.com/ae/types/2009">
    <rule>
        <name>UAP_displayRichTextInformation</name>
        <uuid>_a-0000defe-bf54-8000-9ba2-011c48011c48_243735</uuid>
        <description>displays additional information </description>
        <parentUuid>_a-0000deb5-0bcc-8000-9ba2-011c48011c48_218267</parentUuid>
        <visibility>
            <advertise>false</advertise>
            <hierarchy>true</hierarchy>
            <indexable>true</indexable>
            <quota>false</quota>
            <searchable>true</searchable>
            <system>false</system>
            <unlogged>false</unlogged>
        </visibility>
        <definition>#"SYSTEM_SYSRULES_richTextDisplayField"&#xD;
(&#xD;
  labelPosition: "COLLAPSED",&#xD;
  align: "CENTER",&#xD;
  value:&#xD;
  {&#xD;
    #"SYSTEM_SYSRULES_richTextImage"&#xD;
    (&#xD;
      #"SYSTEM_SYSRULES_documentImage"&#xD;
      (&#xD;
        document:&#xD;
        #"SYSTEM_SYSRULES_iconIndicator"&#xD;
        (&#xD;
          "WAIT_CLOCK"&#xD;
        )&#xD;
      )&#xD;
    ),&#xD;
    #"SYSTEM_SYSRULES_richTextItem"&#xD;
    (&#xD;
      text: &#xD;
      ri!text,&#xD;
      style: "STRONG"&#xD;
    )&#xD;
  }&#xD;
)</definition>
        <namedTypedValue>
            <name>text</name>
            <type>
                <name>string</name>
                <namespace>http://www.w3.org/2001/XMLSchema</namespace>
            </type>
            <value/>
        </namedTypedValue>
        <preferredEditor>legacy</preferredEditor>
        <offlineEnabled>false</offlineEnabled>
    </rule>
    <roleMap public="true">
        <role inherit="true" allowForAll="false" name="readers">
            <users/>
            <groups/>
        </role>
        <role inherit="true" allowForAll="false" name="authors">
            <users/>
            <groups/>
        </role>
        <role inherit="true" allowForAll="false" name="administrators">
            <users/>
            <groups/>
        </role>
        <role inherit="false" allowForAll="false" name="denyReaders">
            <users/>
            <groups/>
        </role>
        <role inherit="false" allowForAll="false" name="denyAuthors">
            <users/>
            <groups/>
        </role>
        <role inherit="false" allowForAll="false" name="denyAdministrators">
            <users/>
            <groups/>
        </role>
    </roleMap>
</contentHaul>
