<?xml version="1.0" encoding="UTF-8" standalone="yes"?>
<contentHaul xmlns:a="http://www.appian.com/ae/types/2009">
    <rule>
        <name>UAP_displayDateMonthYear</name>
        <uuid>_a-0000dee0-8e2c-8000-9ba2-011c48011c48_232092</uuid>
        <description>displays a date in the format MMM-YYYY</description>
        <parentUuid>_a-0000deb5-0bcc-8000-9ba2-011c48011c48_218267</parentUuid>
        <visibility>
            <advertise>false</advertise>
            <hierarchy>true</hierarchy>
            <indexable>true</indexable>
            <quota>false</quota>
            <searchable>true</searchable>
            <system>false</system>
            <unlogged>false</unlogged>
        </visibility>
        <definition>if(
  or(
    text(
      ri!date,
      "MMMM"
    ) = "January",
    text(
      ri!date,
      "MMMM"
    ) = "February",
    text(
      ri!date,
      "MMMM"
    ) = "March",
    text(
      ri!date,
      "MMMM"
    ) = "April"
  ),
  #"_a-0000def2-cb5b-8000-9ba2-011c48011c48_238321",
  if(
    or(
      text(
        ri!date,
        "MMMM"
      ) = "May",
      text(
        ri!date,
        "MMMM"
      ) = "June",
      text(
        ri!date,
        "MMMM"
      ) = "July"
    ),
    #"_a-0000def2-cb5b-8000-9ba2-011c48011c48_238322",
    #"_a-0000def2-cb5b-8000-9ba2-011c48011c48_238323"
  )
)
&amp; " " &amp; year(
  ri!date
)</definition>
        <namedTypedValue>
            <name>date</name>
            <type>
                <name>date</name>
                <namespace>http://www.w3.org/2001/XMLSchema</namespace>
            </type>
        </namedTypedValue>
        <preferredEditor>legacy</preferredEditor>
        <offlineEnabled>false</offlineEnabled>
    </rule>
    <roleMap public="true">
        <role inherit="true" allowForAll="false" name="readers">
            <users/>
            <groups/>
        </role>
        <role inherit="true" allowForAll="false" name="authors">
            <users/>
            <groups/>
        </role>
        <role inherit="true" allowForAll="false" name="administrators">
            <users/>
            <groups/>
        </role>
        <role inherit="false" allowForAll="false" name="denyReaders">
            <users/>
            <groups/>
        </role>
        <role inherit="false" allowForAll="false" name="denyAuthors">
            <users/>
            <groups/>
        </role>
        <role inherit="false" allowForAll="false" name="denyAdministrators">
            <users/>
            <groups/>
        </role>
    </roleMap>
</contentHaul>
