<?xml version="1.0" encoding="UTF-8" standalone="yes"?>
<contentHaul xmlns:a="http://www.appian.com/ae/types/2009">
    <rule>
        <name>UAP_getAuditHistory</name>
        <uuid>_a-0000deb5-0bcc-8000-9ba2-011c48011c48_218639</uuid>
        <description>Get audit history</description>
        <parentUuid>_a-0000deb5-0bcc-8000-9ba2-011c48011c48_218267</parentUuid>
        <visibility>
            <advertise>false</advertise>
            <hierarchy>true</hierarchy>
            <indexable>true</indexable>
            <quota>false</quota>
            <searchable>true</searchable>
            <system>false</system>
            <unlogged>false</unlogged>
        </visibility>
        <definition>with(
  local!queryDatasubset: #"SYSTEM_SYSRULES_queryEntity"(
  entity: #"_a-0000deb5-0bcc-8000-9ba2-011c48011c48_218646",
  query: #"SYSTEM_SYSRULES_query"(
    pagingInfo: if(
      isnull(
        ri!pagingInfo
      ),
      #"SYSTEM_SYSRULES_pagingInfo"(
        startIndex: 1,
        batchSize: - 1,
        sort: #"SYSTEM_SYSRULES_sortInfo"(
          field: "auditHistoryId"
        )
      ),
      ri!pagingInfo
    ),
    logicalExpression: #"SYSTEM_SYSRULES_queryLogicalExpression"(
      operator: "AND",
      filters: {
        if(
          and(
            isnull(
              ri!auditHistoryId
            ),
            isnull(
              ri!recordId
            ),
            isnull(
              ri!recordType
            ),
            isnull(
              ri!actionType
            ),
            isnull(
              ri!initiatorName
            ),
            isnull(
              ri!actionDescription
            )
          ),
          if(
            ri!returnAll,
            #"SYSTEM_SYSRULES_queryFilter"(
              field: "auditHistoryId",
              operator: "not null"
            ),
            #"SYSTEM_SYSRULES_queryFilter"(
              field: "auditHistoryId",
              operator: "is null"
            )
          ),
          {
            if(
              isnull(
                ri!auditHistoryId
              ),
              {},
              #"SYSTEM_SYSRULES_queryFilter"(
                field: "auditHistoryId",
                operator: "in",
                value: ri!auditHistoryId
              )
            ),
            if(
              isnull(
                ri!recordId
              ),
              {},
              #"SYSTEM_SYSRULES_queryFilter"(
                field: "recordId",
                operator: "in",
                value: ri!recordId
              )
            ),
            if(
              isnull(
                ri!recordType
              ),
              {},
              #"SYSTEM_SYSRULES_queryFilter"(
                field: "recordType",
                operator: "=",
                value: ri!recordType
              )
            ),
            if(
              isnull(
                ri!actionType
              ),
              {},
              #"SYSTEM_SYSRULES_queryFilter"(
                field: "actionType",
                operator: "=",
                value: ri!actionType
              )
            ),
            if(
              isnull(
                ri!initiatorName
              ),
              {},
              #"SYSTEM_SYSRULES_queryFilter"(
                field: "initiatorName",
                operator: "=",
                value: ri!initiatorName
              )
            ),
            if(
              isnull(
                ri!actionDescription
              ),
              {},
              #"SYSTEM_SYSRULES_queryFilter"(
                field: "actionDescription",
                operator: "=",
                value: ri!actionDescription
              )
            )
          }
        )
      }
    )
  )
),
  if(
    ri!returnCdt,
    cast(
      typeof(
        {
          'type!{urn:com:appian:types:TRV}TRV_auditHistory'()
        }
      ),
      local!queryDatasubset.data
    ),
    local!queryDatasubset
  )
  )</definition>
        <namedTypedValue>
            <name>auditHistoryId</name>
            <type>
                <name>Integer?list</name>
                <namespace>http://www.appian.com/ae/types/2009</namespace>
            </type>
        </namedTypedValue>
        <namedTypedValue>
            <name>recordId</name>
            <type>
                <name>Integer?list</name>
                <namespace>http://www.appian.com/ae/types/2009</namespace>
            </type>
        </namedTypedValue>
        <namedTypedValue>
            <name>recordType</name>
            <type>
                <name>string</name>
                <namespace>http://www.w3.org/2001/XMLSchema</namespace>
            </type>
            <value/>
        </namedTypedValue>
        <namedTypedValue>
            <name>pagingInfo</name>
            <type>
                <name>PagingInfo</name>
                <namespace>http://www.appian.com/ae/types/2009</namespace>
            </type>
        </namedTypedValue>
        <namedTypedValue>
            <name>returnAll</name>
            <type>
                <name>boolean</name>
                <namespace>http://www.w3.org/2001/XMLSchema</namespace>
            </type>
        </namedTypedValue>
        <namedTypedValue>
            <name>actionType</name>
            <type>
                <name>string</name>
                <namespace>http://www.w3.org/2001/XMLSchema</namespace>
            </type>
            <value/>
        </namedTypedValue>
        <namedTypedValue>
            <name>initiatorName</name>
            <type>
                <name>string</name>
                <namespace>http://www.w3.org/2001/XMLSchema</namespace>
            </type>
            <value/>
        </namedTypedValue>
        <namedTypedValue>
            <name>actionDescription</name>
            <type>
                <name>string</name>
                <namespace>http://www.w3.org/2001/XMLSchema</namespace>
            </type>
            <value/>
        </namedTypedValue>
        <namedTypedValue>
            <name>returnCdt</name>
            <type>
                <name>boolean</name>
                <namespace>http://www.w3.org/2001/XMLSchema</namespace>
            </type>
        </namedTypedValue>
        <preferredEditor>legacy</preferredEditor>
        <offlineEnabled>false</offlineEnabled>
    </rule>
    <roleMap public="true">
        <role inherit="true" allowForAll="false" name="readers">
            <users/>
            <groups/>
        </role>
        <role inherit="true" allowForAll="false" name="authors">
            <users/>
            <groups/>
        </role>
        <role inherit="true" allowForAll="false" name="administrators">
            <users/>
            <groups/>
        </role>
        <role inherit="false" allowForAll="false" name="denyReaders">
            <users/>
            <groups/>
        </role>
        <role inherit="false" allowForAll="false" name="denyAuthors">
            <users/>
            <groups/>
        </role>
        <role inherit="false" allowForAll="false" name="denyAdministrators">
            <users/>
            <groups/>
        </role>
    </roleMap>
</contentHaul>
