<?xml version="1.0" encoding="UTF-8" standalone="yes"?>
<contentHaul xmlns:a="http://www.appian.com/ae/types/2009">
    <rule>
        <name>UAP_stripReviewersNoPk</name>
        <uuid>_a-0000deb5-0bcc-8000-9ba2-011c48011c48_219697</uuid>
        <description>Removes the UAP_reviewer values without an id from an array of UAP_reviewer</description>
        <parentUuid>_a-0000deb5-0bcc-8000-9ba2-011c48011c48_218267</parentUuid>
        <visibility>
            <advertise>false</advertise>
            <hierarchy>true</hierarchy>
            <indexable>true</indexable>
            <quota>false</quota>
            <searchable>true</searchable>
            <system>false</system>
            <unlogged>false</unlogged>
        </visibility>
        <definition>index
(
  ri!reviewerList,
  where
  (
    not(apply(fn!isnull, ri!reviewerList.id))
  ),
  {}
)</definition>
        <namedTypedValue>
            <name>reviewerList</name>
            <type>
                <name>UAP_reviewer?list</name>
                <namespace>urn:com:appian:types:UAP</namespace>
            </type>
        </namedTypedValue>
        <preferredEditor>legacy</preferredEditor>
        <offlineEnabled>false</offlineEnabled>
    </rule>
    <roleMap public="true">
        <role inherit="true" allowForAll="false" name="readers">
            <users/>
            <groups/>
        </role>
        <role inherit="true" allowForAll="false" name="authors">
            <users/>
            <groups/>
        </role>
        <role inherit="true" allowForAll="false" name="administrators">
            <users/>
            <groups/>
        </role>
        <role inherit="false" allowForAll="false" name="denyReaders">
            <users/>
            <groups/>
        </role>
        <role inherit="false" allowForAll="false" name="denyAuthors">
            <users/>
            <groups/>
        </role>
        <role inherit="false" allowForAll="false" name="denyAdministrators">
            <users/>
            <groups/>
        </role>
    </roleMap>
    <typedValue>
        <type>
            <name>RuleTestConfig?list</name>
            <namespace>http://www.appian.com/ae/types/2009</namespace>
        </type>
        <value>
            <el>
                <a:name>Test</a:name>
                <a:ruleInputTestConfigs>
                    <a:value xmlns:xsi="http://www.w3.org/2001/XMLSchema-instance" xsi:type="a:Expression">{'type!{urn:com:appian:types:UAP}UAP_reviewer'(id:2, levelThreeId:7, name:"U65196699"), 'type!{urn:com:appian:types:UAP}UAP_reviewer'(levelThreeId:7, name:"U75253385"), 'type!{urn:com:appian:types:UAP}UAP_reviewer'(id:4, levelThreeId:7, name:"U38263239"), 'type!{urn:com:appian:types:UAP}UAP_reviewer'(levelThreeId:7, name:"U03434620")}</a:value>
                    <a:nameRef>reviewerList</a:nameRef>
                    <a:id>1</a:id>
                </a:ruleInputTestConfigs>
                <a:assertions xmlns:xsi="http://www.w3.org/2001/XMLSchema-instance" xsi:nil="true"/>
            </el>
        </value>
    </typedValue>
</contentHaul>
