<?xml version="1.0" encoding="UTF-8" standalone="yes"?>
<contentHaul xmlns:a="http://www.appian.com/ae/types/2009">
    <rule>
        <name>UAP_v_getMilestoneDurationAggregation</name>
        <uuid>_a-0000def2-cb5b-8000-9ba2-011c48011c48_238358</uuid>
        <description>Retrieves data for the milestone duration view with aggregation</description>
        <parentUuid>_a-0000deb5-0bcc-8000-9ba2-011c48011c48_218267</parentUuid>
        <visibility>
            <advertise>false</advertise>
            <hierarchy>true</hierarchy>
            <indexable>true</indexable>
            <quota>false</quota>
            <searchable>true</searchable>
            <system>false</system>
            <unlogged>false</unlogged>
        </visibility>
        <definition>with(&#xD;
  local!queryDatasubset: #"SYSTEM_SYSRULES_queryEntity"(&#xD;
    entity: #"_a-0000def2-cb5b-8000-9ba2-011c48011c48_237966",&#xD;
    query: #"SYSTEM_SYSRULES_query"(&#xD;
      pagingInfo: if(&#xD;
        #"_a-0000d62a-67b3-8000-da6f-010000010000_950"(&#xD;
          ri!pagingInfo&#xD;
        ),&#xD;
        #"SYSTEM_SYSRULES_pagingInfo"(&#xD;
          startIndex: 1,&#xD;
          batchSize: - 1,&#xD;
          sort:&#xD;
      #"SYSTEM_SYSRULES_sortInfo"(field: "term", ascending: true)&#xD;
        ),&#xD;
        ri!pagingInfo&#xD;
      ),&#xD;
      &#xD;
      &#xD;
      aggregation: #"SYSTEM_SYSRULES_queryAggregation"(&#xD;
        aggregationColumns: {&#xD;
          &#xD;
          #"SYSTEM_SYSRULES_queryAggregationColumn"(&#xD;
            field: "term",&#xD;
            isGrouping: true&#xD;
          ),&#xD;
          #"SYSTEM_SYSRULES_queryAggregationColumn"(&#xD;
            field: "initialReviewDuration",&#xD;
            alias: "initialReviewDurationAverage",&#xD;
            aggregationFunction: "AVG"&#xD;
          ),&#xD;
          #"SYSTEM_SYSRULES_queryAggregationColumn"(&#xD;
            field: "directorReviewDuration",&#xD;
            alias: "directorReviewDurationAverage",&#xD;
            aggregationFunction: "AVG"&#xD;
          ),&#xD;
          #"SYSTEM_SYSRULES_queryAggregationColumn"(&#xD;
            field: "finalReviewDuration",&#xD;
            alias: "finalReviewDurationAverage",&#xD;
            aggregationFunction: "AVG"&#xD;
          ),&#xD;
          #"SYSTEM_SYSRULES_queryAggregationColumn"(&#xD;
            field: "totalDuration",&#xD;
            alias: "totalDurationAverage",&#xD;
            aggregationFunction: "AVG"&#xD;
          )&#xD;
        }&#xD;
      ),&#xD;
      &#xD;
      &#xD;
      logicalExpression: #"SYSTEM_SYSRULES_queryLogicalExpression"(&#xD;
        operator: "AND",&#xD;
        filters: {&#xD;
          if(&#xD;
            and(&#xD;
              isnull(&#xD;
                ri!applicationId&#xD;
              ),&#xD;
              isnull(&#xD;
                ri!appSubmittedOn&#xD;
              ),&#xD;
              isnull(&#xD;
                ri!college&#xD;
              ),&#xD;
              isnull(&#xD;
                ri!degree&#xD;
              ),&#xD;
              isnull(&#xD;
                ri!majorCode&#xD;
              ),&#xD;
              isnull(&#xD;
                ri!concentrationCode&#xD;
              ),&#xD;
              isnull(&#xD;
                ri!initialReviewCompletedOn&#xD;
              ),&#xD;
              isnull(&#xD;
                ri!deptRecommendationOn&#xD;
              ),&#xD;
              isnull(&#xD;
                ri!finalDecisionOn&#xD;
              ),&#xD;
              isnull(&#xD;
                ri!initialReviewDuration&#xD;
              ),&#xD;
              isnull(&#xD;
                ri!directorReviewDuration&#xD;
              ),&#xD;
              isnull(&#xD;
                ri!finalReviewDuration&#xD;
              ),&#xD;
              isnull(&#xD;
                ri!totalDuration&#xD;
              ),&#xD;
              isnull(&#xD;
                ri!degreeName&#xD;
              ),&#xD;
              isnull(&#xD;
                ri!collegeDisplayName&#xD;
              ),&#xD;
              isnull(&#xD;
                ri!concentrationName&#xD;
              ),&#xD;
              isnull(&#xD;
                ri!majorName&#xD;
              ),&#xD;
              isnull(&#xD;
                ri!term&#xD;
              )&#xD;
            ),&#xD;
            if(&#xD;
              ri!returnAll,&#xD;
              #"SYSTEM_SYSRULES_queryFilter"(&#xD;
                field: "applicationId",&#xD;
                operator: "not null"&#xD;
              ),&#xD;
              #"SYSTEM_SYSRULES_queryFilter"(&#xD;
                field: "applicationId",&#xD;
                operator: "is null"&#xD;
              )&#xD;
            ),&#xD;
            {&#xD;
              if(&#xD;
                isnull(&#xD;
                  ri!applicationId&#xD;
                ),&#xD;
                {},&#xD;
                #"SYSTEM_SYSRULES_queryFilter"(&#xD;
                  field: "applicationId",&#xD;
                  operator: "=",&#xD;
                  value: ri!applicationId&#xD;
                )&#xD;
              ),&#xD;
              {&#xD;
                if(&#xD;
                  isnull(&#xD;
                    ri!appSubmittedOn&#xD;
                  ),&#xD;
                  {},&#xD;
                  #"SYSTEM_SYSRULES_queryFilter"(&#xD;
                    field: "appSubmittedOn",&#xD;
                    operator: "=",&#xD;
                    value: ri!appSubmittedOn&#xD;
                  )&#xD;
                ),&#xD;
                if(&#xD;
                  isnull(&#xD;
                    ri!college&#xD;
                  ),&#xD;
                  {},&#xD;
                  #"SYSTEM_SYSRULES_queryFilter"(&#xD;
                    field: "college",&#xD;
                    operator: "=",&#xD;
                    value: ri!college&#xD;
                  )&#xD;
                ),&#xD;
                if(&#xD;
                  isnull(&#xD;
                    ri!degree&#xD;
                  ),&#xD;
                  {},&#xD;
                  #"SYSTEM_SYSRULES_queryFilter"(&#xD;
                    field: "degree",&#xD;
                    operator: "=",&#xD;
                    value: ri!degree&#xD;
                  )&#xD;
                ),&#xD;
                if(&#xD;
                  isnull(&#xD;
                    ri!majorCode&#xD;
                  ),&#xD;
                  {},&#xD;
                  #"SYSTEM_SYSRULES_queryFilter"(&#xD;
                    field: "majorCode",&#xD;
                    operator: "=",&#xD;
                    value: ri!majorCode&#xD;
                  )&#xD;
                ),&#xD;
                if(&#xD;
                  isnull(&#xD;
                    ri!concentrationCode&#xD;
                  ),&#xD;
                  {},&#xD;
                  #"SYSTEM_SYSRULES_queryFilter"(&#xD;
                    field: "concentrationCode",&#xD;
                    operator: "=",&#xD;
                    value: ri!concentrationCode&#xD;
                  )&#xD;
                ),&#xD;
                if(&#xD;
                  isnull(&#xD;
                    ri!initialReviewCompletedOn&#xD;
                  ),&#xD;
                  {},&#xD;
                  #"SYSTEM_SYSRULES_queryFilter"(&#xD;
                    field: "initialReviewCompletedOn",&#xD;
                    operator: "=",&#xD;
                    value: ri!initialReviewCompletedOn&#xD;
                  )&#xD;
                ),&#xD;
                if(&#xD;
                  isnull(&#xD;
                    ri!deptRecommendationOn&#xD;
                  ),&#xD;
                  {},&#xD;
                  #"SYSTEM_SYSRULES_queryFilter"(&#xD;
                    field: "deptRecommendationOn",&#xD;
                    operator: "=",&#xD;
                    value: ri!deptRecommendationOn&#xD;
                  )&#xD;
                ),&#xD;
                if(&#xD;
                  isnull(&#xD;
                    ri!finalDecisionOn&#xD;
                  ),&#xD;
                  {},&#xD;
                  #"SYSTEM_SYSRULES_queryFilter"(&#xD;
                    field: "finalDecisionOn",&#xD;
                    operator: "=",&#xD;
                    value: ri!finalDecisionOn&#xD;
                  )&#xD;
                ),&#xD;
                if(&#xD;
                  isnull(&#xD;
                    ri!initialReviewDuration&#xD;
                  ),&#xD;
                  {},&#xD;
                  #"SYSTEM_SYSRULES_queryFilter"(&#xD;
                    field: "initialReviewDuration",&#xD;
                    operator: "=",&#xD;
                    value: ri!initialReviewDuration&#xD;
                  )&#xD;
                ),&#xD;
                if(&#xD;
                  isnull(&#xD;
                    ri!directorReviewDuration&#xD;
                  ),&#xD;
                  {},&#xD;
                  #"SYSTEM_SYSRULES_queryFilter"(&#xD;
                    field: "directorReviewDuration",&#xD;
                    operator: "=",&#xD;
                    value: ri!directorReviewDuration&#xD;
                  )&#xD;
                ),&#xD;
                if(&#xD;
                  isnull(&#xD;
                    ri!finalReviewDuration&#xD;
                  ),&#xD;
                  {},&#xD;
                  #"SYSTEM_SYSRULES_queryFilter"(&#xD;
                    field: "finalReviewDuration",&#xD;
                    operator: "=",&#xD;
                    value: ri!finalReviewDuration&#xD;
                  )&#xD;
                ),&#xD;
                if(&#xD;
                  isnull(&#xD;
                    ri!totalDuration&#xD;
                  ),&#xD;
                  {},&#xD;
                  #"SYSTEM_SYSRULES_queryFilter"(&#xD;
                    field: "totalDuration",&#xD;
                    operator: "=",&#xD;
                    value: ri!totalDuration&#xD;
                  )&#xD;
                ),&#xD;
                if(&#xD;
                  isnull(&#xD;
                    ri!degreeName&#xD;
                  ),&#xD;
                  {},&#xD;
                  #"SYSTEM_SYSRULES_queryFilter"(&#xD;
                    field: "degreeName",&#xD;
                    operator: "=",&#xD;
                    value: ri!degreeName&#xD;
                  )&#xD;
                ),&#xD;
                if(&#xD;
                  isnull(&#xD;
                    ri!collegeDisplayName&#xD;
                  ),&#xD;
                  {},&#xD;
                  #"SYSTEM_SYSRULES_queryFilter"(&#xD;
                    field: "collegeDisplayName",&#xD;
                    operator: "=",&#xD;
                    value: ri!collegeDisplayName&#xD;
                  )&#xD;
                ),&#xD;
                if(&#xD;
                  isnull(&#xD;
                    ri!concentrationName&#xD;
                  ),&#xD;
                  {},&#xD;
                  #"SYSTEM_SYSRULES_queryFilter"(&#xD;
                    field: "concentrationName",&#xD;
                    operator: "=",&#xD;
                    value: ri!concentrationName&#xD;
                  )&#xD;
                ),&#xD;
                if(&#xD;
                  isnull(&#xD;
                    ri!majorName&#xD;
                  ),&#xD;
                  {},&#xD;
                  #"SYSTEM_SYSRULES_queryFilter"(&#xD;
                    field: "majorName",&#xD;
                    operator: "=",&#xD;
                    value: ri!majorName&#xD;
                  )&#xD;
                ),&#xD;
                if(&#xD;
                  isnull(&#xD;
                    ri!term&#xD;
                  ),&#xD;
                  {},&#xD;
                  #"SYSTEM_SYSRULES_queryFilter"(&#xD;
                    field: "term",&#xD;
                    operator: "=",&#xD;
                    value: #"_a-0000def2-cb5b-8000-9ba2-011c48011c48_238318"(ri!term)&#xD;
                  )&#xD;
                )&#xD;
              },&#xD;
              &#xD;
            }&#xD;
          )&#xD;
        }&#xD;
      )&#xD;
    )&#xD;
  ),&#xD;
  if(&#xD;
    ri!returnCdt,&#xD;
    cast(&#xD;
      typeof(&#xD;
        {&#xD;
          'type!{urn:com:appian:types:UAP}UAP_v_milestoneDuration'()&#xD;
        }&#xD;
      ),&#xD;
      local!queryDatasubset.data&#xD;
    ),&#xD;
    local!queryDatasubset&#xD;
  )&#xD;
)</definition>
        <namedTypedValue>
            <name>pagingInfo</name>
            <type>
                <name>PagingInfo</name>
                <namespace>http://www.appian.com/ae/types/2009</namespace>
            </type>
        </namedTypedValue>
        <namedTypedValue>
            <name>returnCdt</name>
            <type>
                <name>boolean</name>
                <namespace>http://www.w3.org/2001/XMLSchema</namespace>
            </type>
        </namedTypedValue>
        <namedTypedValue>
            <name>applicationId</name>
            <type>
                <name>int</name>
                <namespace>http://www.w3.org/2001/XMLSchema</namespace>
            </type>
        </namedTypedValue>
        <namedTypedValue>
            <name>appSubmittedOn</name>
            <type>
                <name>dateTime</name>
                <namespace>http://www.w3.org/2001/XMLSchema</namespace>
            </type>
        </namedTypedValue>
        <namedTypedValue>
            <name>college</name>
            <type>
                <name>string</name>
                <namespace>http://www.w3.org/2001/XMLSchema</namespace>
            </type>
            <value/>
        </namedTypedValue>
        <namedTypedValue>
            <name>degree</name>
            <type>
                <name>string</name>
                <namespace>http://www.w3.org/2001/XMLSchema</namespace>
            </type>
            <value/>
        </namedTypedValue>
        <namedTypedValue>
            <name>majorCode</name>
            <type>
                <name>string</name>
                <namespace>http://www.w3.org/2001/XMLSchema</namespace>
            </type>
            <value/>
        </namedTypedValue>
        <namedTypedValue>
            <name>concentrationCode</name>
            <type>
                <name>string</name>
                <namespace>http://www.w3.org/2001/XMLSchema</namespace>
            </type>
            <value/>
        </namedTypedValue>
        <namedTypedValue>
            <name>initialReviewCompletedOn</name>
            <type>
                <name>dateTime</name>
                <namespace>http://www.w3.org/2001/XMLSchema</namespace>
            </type>
        </namedTypedValue>
        <namedTypedValue>
            <name>deptRecommendationOn</name>
            <type>
                <name>dateTime</name>
                <namespace>http://www.w3.org/2001/XMLSchema</namespace>
            </type>
        </namedTypedValue>
        <namedTypedValue>
            <name>finalDecisionOn</name>
            <type>
                <name>dateTime</name>
                <namespace>http://www.w3.org/2001/XMLSchema</namespace>
            </type>
        </namedTypedValue>
        <namedTypedValue>
            <name>initialReviewDuration</name>
            <type>
                <name>int</name>
                <namespace>http://www.w3.org/2001/XMLSchema</namespace>
            </type>
        </namedTypedValue>
        <namedTypedValue>
            <name>directorReviewDuration</name>
            <type>
                <name>int</name>
                <namespace>http://www.w3.org/2001/XMLSchema</namespace>
            </type>
        </namedTypedValue>
        <namedTypedValue>
            <name>totalDuration</name>
            <type>
                <name>int</name>
                <namespace>http://www.w3.org/2001/XMLSchema</namespace>
            </type>
        </namedTypedValue>
        <namedTypedValue>
            <name>finalReviewDuration</name>
            <type>
                <name>int</name>
                <namespace>http://www.w3.org/2001/XMLSchema</namespace>
            </type>
        </namedTypedValue>
        <namedTypedValue>
            <name>returnAll</name>
            <type>
                <name>boolean</name>
                <namespace>http://www.w3.org/2001/XMLSchema</namespace>
            </type>
        </namedTypedValue>
        <namedTypedValue>
            <name>degreeName</name>
            <type>
                <name>string</name>
                <namespace>http://www.w3.org/2001/XMLSchema</namespace>
            </type>
            <value/>
        </namedTypedValue>
        <namedTypedValue>
            <name>collegeDisplayName</name>
            <type>
                <name>string</name>
                <namespace>http://www.w3.org/2001/XMLSchema</namespace>
            </type>
            <value/>
        </namedTypedValue>
        <namedTypedValue>
            <name>concentrationName</name>
            <type>
                <name>string</name>
                <namespace>http://www.w3.org/2001/XMLSchema</namespace>
            </type>
            <value/>
        </namedTypedValue>
        <namedTypedValue>
            <name>majorName</name>
            <type>
                <name>string</name>
                <namespace>http://www.w3.org/2001/XMLSchema</namespace>
            </type>
            <value/>
        </namedTypedValue>
        <namedTypedValue>
            <name>term</name>
            <type>
                <name>string</name>
                <namespace>http://www.w3.org/2001/XMLSchema</namespace>
            </type>
            <value/>
        </namedTypedValue>
        <preferredEditor>legacy</preferredEditor>
        <offlineEnabled>false</offlineEnabled>
    </rule>
    <roleMap public="true">
        <role inherit="true" allowForAll="false" name="readers">
            <users/>
            <groups/>
        </role>
        <role inherit="true" allowForAll="false" name="authors">
            <users/>
            <groups/>
        </role>
        <role inherit="true" allowForAll="false" name="administrators">
            <users/>
            <groups/>
        </role>
        <role inherit="false" allowForAll="false" name="denyReaders">
            <users/>
            <groups/>
        </role>
        <role inherit="false" allowForAll="false" name="denyAuthors">
            <users/>
            <groups/>
        </role>
        <role inherit="false" allowForAll="false" name="denyAdministrators">
            <users/>
            <groups/>
        </role>
    </roleMap>
</contentHaul>
