<?xml version="1.0" encoding="UTF-8" standalone="yes"?>
<contentHaul xmlns:a="http://www.appian.com/ae/types/2009">
    <rule>
        <name>UAP_parseTestScore</name>
        <uuid>_a-0000def2-cb5b-8000-9ba2-011c48011c48_237005</uuid>
        <description>Given the WS response, return the data in UAP_testScore format</description>
        <parentUuid>_a-0000deb5-0bcc-8000-9ba2-011c48011c48_218267</parentUuid>
        <visibility>
            <advertise>false</advertise>
            <hierarchy>true</hierarchy>
            <indexable>true</indexable>
            <quota>false</quota>
            <searchable>true</searchable>
            <system>false</system>
            <unlogged>false</unlogged>
        </visibility>
        <definition>load(
  local!data: #"SYSTEM_SYSRULES_fromJson"(
    ri!responseBody
  ).data.tests,
  local!tests: cast(
    typeof(
     { 'type!{urn:com:appian:types:UAP}UAP_testScore'()
  }
    ),
    local!data
  ),
/*local!tests:a!fromJson(local!response.result.body).data.tests,*/
/*  tests[1].testComponent[1],*/
  #"SYSTEM_SYSRULES_applyComponents"(
  #"_a-0000def2-cb5b-8000-9ba2-011c48011c48_236983"(
  Id:_,
  testDate: _,
  testComponent: _,
  testDescription:_,
  testScore: _,
  uNumber: ri!uNumber
   ),
   merge(
     index(local!tests,"id",{}),
     index(local!tests,"testDate",{}),
     index(local!tests,"testComponent",{}),
     index(local!tests,"testDescription",{}),
     index(local!tests,"testScore",{})

   )
  ) 
  
)</definition>
        <namedTypedValue>
            <name>responseBody</name>
            <type>
                <name>string</name>
                <namespace>http://www.w3.org/2001/XMLSchema</namespace>
            </type>
            <value/>
        </namedTypedValue>
        <namedTypedValue>
            <name>uNumber</name>
            <type>
                <name>string</name>
                <namespace>http://www.w3.org/2001/XMLSchema</namespace>
            </type>
            <value/>
        </namedTypedValue>
        <preferredEditor>legacy</preferredEditor>
        <offlineEnabled>false</offlineEnabled>
    </rule>
    <roleMap public="true">
        <role inherit="true" allowForAll="false" name="readers">
            <users/>
            <groups/>
        </role>
        <role inherit="true" allowForAll="false" name="authors">
            <users/>
            <groups/>
        </role>
        <role inherit="true" allowForAll="false" name="administrators">
            <users/>
            <groups/>
        </role>
        <role inherit="false" allowForAll="false" name="denyReaders">
            <users/>
            <groups/>
        </role>
        <role inherit="false" allowForAll="false" name="denyAuthors">
            <users/>
            <groups/>
        </role>
        <role inherit="false" allowForAll="false" name="denyAdministrators">
            <users/>
            <groups/>
        </role>
    </roleMap>
    <typedValue>
        <type>
            <name>RuleTestConfig?list</name>
            <namespace>http://www.appian.com/ae/types/2009</namespace>
        </type>
        <value>
            <el>
                <a:name>Sample Response Body </a:name>
                <a:ruleInputTestConfigs>
                    <a:value xmlns:xsd="http://www.w3.org/2001/XMLSchema" xmlns:xsi="http://www.w3.org/2001/XMLSchema-instance" xsi:type="xsd:string">{ 		"responseCode": 0, 		"responseMessage": "Data retrieved successfully", 		"data": { 			"firstName": "Aala", 			"middleInitial": "Nader", 			"lastName": "Khalid", 			"usfId": "U87306751", 			"tests": [{ 					"testComponent": "AP36", 					"testDescription": "English Language and Comp", 					"testScore": "3", 					"testDate": "2015-05-01T00:00:00", 					"request": null, 					"source": "EDI" 				}, 				{ 					"testComponent": "AP68", 					"testDescription": "Calculus BC", 					"testScore": "3", 					"testDate": "2016-05-01T00:00:00", 					"request": null, 					"source": "EDI" 				}, 				{ 					"testComponent": "AP69", 					"testDescription": "Calculus AB Subscore", 					"testScore": "3", 					"testDate": "2016-05-01T00:00:00", 					"request": null, 					"source": "EDI" 				} 			] 		}, 		"errors": [  		] 	}</a:value>
                    <a:nameRef>responseBody</a:nameRef>
                    <a:id>1</a:id>
                </a:ruleInputTestConfigs>
                <a:ruleInputTestConfigs>
                    <a:value xmlns:xsd="http://www.w3.org/2001/XMLSchema" xmlns:xsi="http://www.w3.org/2001/XMLSchema-instance" xsi:type="xsd:string">U87306751</a:value>
                    <a:nameRef>uNumber</a:nameRef>
                    <a:id>2</a:id>
                </a:ruleInputTestConfigs>
                <a:assertions xmlns:xsi="http://www.w3.org/2001/XMLSchema-instance" xsi:nil="true"/>
            </el>
        </value>
    </typedValue>
</contentHaul>
