<?xml version="1.0" encoding="UTF-8" standalone="yes"?>
<contentHaul xmlns:a="http://www.appian.com/ae/types/2009">
    <rule>
        <name>UAP_s_applicantChecklist</name>
        <uuid>_a-0000def2-cb5b-8000-9ba2-011c48011c48_238879</uuid>
        <description>Checklist grid along with the dynamic sections</description>
        <parentUuid>_a-0000deb5-0bcc-8000-9ba2-011c48011c48_218266</parentUuid>
        <visibility>
            <advertise>false</advertise>
            <hierarchy>true</hierarchy>
            <indexable>true</indexable>
            <quota>false</quota>
            <searchable>true</searchable>
            <system>false</system>
            <unlogged>false</unlogged>
        </visibility>
        <definition>load(
  local!loggedInUser: loggedInUser(),
  local!checklistBtnValue,
  local!testScore,
  local!testScorePagingInfo: #"SYSTEM_SYSRULES_pagingInfo"(
    1,
    5
  ),
  /*test values to use until the WS is working*/
  local!testScoreList,

  local!level3: #"_a-0000deb5-0bcc-8000-9ba2-011c48011c48_218352"(
    id: ri!graduateApplication.levelThreeId,
    pagingInfo: #"SYSTEM_SYSRULES_pagingInfo"(
      1,
      1
    ),
    returnCdt: true
  ),
  local!showAll: false,
  local!showDocSection: false,

  local!priorCollegePagingInfo: #"SYSTEM_SYSRULES_pagingInfo"(
    startIndex: 1,
    batchSize: 10
  ),

  
  


       
        {

          /*Applicant Checklist Section*/
          #"SYSTEM_SYSRULES_sectionLayout"(
            label: "Applicant Checklist",
            isCollapsible: true,
            firstColumnContents: {
              #"_a-0000deb5-0bcc-8000-9ba2-011c48011c48_219875"(
                graduateApplication: ri!graduateApplication,
                checklistBtnValue: local!checklistBtnValue,
                showLinks: false,
                level3: local!level3,
                testScore:local!testScore,
                showAll: local!showAll
              ),
              #"SYSTEM_SYSRULES_richTextDisplayField"(
                labelPosition: "COLLAPSED",
                align: "RIGHT",
                value: {
                  #"SYSTEM_SYSRULES_richTextItem"(
                    text: if(
                      local!showAll,
                      #"_a-0000dee0-8e2c-8000-9ba2-011c48011c48_231869",
                      #"_a-0000dee0-8e2c-8000-9ba2-011c48011c48_231865"
                    ),
                    link: #"SYSTEM_SYSRULES_dynamicLink"(
                      value: not(
                        local!showAll
                      ),
                      saveInto: local!showAll
                    ),
                    style: "UNDERLINE"
                  )
                  /*a!richTextItem(*/
                  /*  text: "       "*/
                  /*),*/
              /*    a!richTextItem(*/
              /*  text: if(*/
              /*    local!showDocSection,*/
              /*    "Hide Documents",*/
              /*    "Show Documents"*/
              /*  ),*/
              /*  link: a!dynamicLink(*/
              /*    value: not(*/
              /*      local!showDocSection*/
              /*    ),*/
              /*    saveInto: local!showDocSection*/
              /*  ),*/
              /*  style: "UNDERLINE"*/
              /*)*/
                }
              )
            }
          ),
          /*Dynamic Drill Downs*/
          if(
            isnull(
              local!checklistBtnValue
            ),
            {},
            choose(
              local!checklistBtnValue,
              /*Transcript*/
              #"SYSTEM_SYSRULES_sectionLayout"(
                label: "Transcript",
                firstColumnContents: {
                  #"SYSTEM_SYSRULES_ButtonLayout"(
                    primaryButtons: #"SYSTEM_SYSRULES_ButtonWidgetSubmit"(
                      label: "Hide",
                      value: null,
                      saveInto: local!checklistBtnValue
                    )
                  )
                }
              ),
              /*2. Transcript*/
              #"SYSTEM_SYSRULES_sectionLayout"(
                label: "Prior College",
                firstColumnContents: {
                  #"_a-0000dee0-8e2c-8000-9ba2-011c48011c48_232907"(
                    pagingInfo: local!priorCollegePagingInfo,
                    graduateApplication: ri!graduateApplication
                  ),
                  #"SYSTEM_SYSRULES_ButtonLayout"(
                    primaryButtons: #"SYSTEM_SYSRULES_ButtonWidgetSubmit"(
                      label: "Hide",
                      value: null,
                      saveInto: local!checklistBtnValue
                    )
                  )
                }
              ),
              /*3.Test Scores*/
              #"_a-0000dee0-8e2c-8000-9ba2-011c48011c48_231317"(
                testScoreList: local!testScoreList,
                pagingInfo: local!testScorePagingInfo,
                checklistButtonValue: local!checklistBtnValue
              ),
              /*4.Resume*/
              #"SYSTEM_SYSRULES_sectionLayout"(
                label: "Resume",
                firstColumnContents: {
                  #"SYSTEM_SYSRULES_ButtonLayout"(
                    primaryButtons: #"SYSTEM_SYSRULES_ButtonWidgetSubmit"(
                      label: "Hide",
                      value: null,
                      saveInto: local!checklistBtnValue
                    )
                  )
                }
              ),
              /*5.Statement of Purpose*/
              #"SYSTEM_SYSRULES_sectionLayout"(
                label: "Statement of Purpose",
                firstColumnContents: {
                  #"SYSTEM_SYSRULES_ButtonLayout"(
                    primaryButtons: #"SYSTEM_SYSRULES_ButtonWidgetSubmit"(
                      label: "Hide",
                      value: null,
                      saveInto: local!checklistBtnValue
                    )
                  )
                }
              ),
              /*6.Rec 1*/
              #"SYSTEM_SYSRULES_sectionLayout"(
                label: "Recommendation Letter 1",
                firstColumnContents: {
                  #"SYSTEM_SYSRULES_ButtonLayout"(
                    primaryButtons: #"SYSTEM_SYSRULES_ButtonWidgetSubmit"(
                      label: "Hide",
                      value: null,
                      saveInto: local!checklistBtnValue
                    )
                  )
                }
              ),
              /*7.Rec 2*/
              #"SYSTEM_SYSRULES_sectionLayout"(
                label: "Recommendation Letter 2",
                firstColumnContents: {
                  #"SYSTEM_SYSRULES_ButtonLayout"(
                    primaryButtons: #"SYSTEM_SYSRULES_ButtonWidgetSubmit"(
                      label: "Hide",
                      value: null,
                      saveInto: local!checklistBtnValue
                    )
                  )
                }
              ),
              /*8.Rec 3*/
              #"SYSTEM_SYSRULES_sectionLayout"(
                label: "Recommendation Letter 3",
                firstColumnContents: {
                  #"SYSTEM_SYSRULES_ButtonLayout"(
                    primaryButtons: #"SYSTEM_SYSRULES_ButtonWidgetSubmit"(
                      label: "Hide",
                      value: null,
                      saveInto: local!checklistBtnValue
                    )
                  )
                }
              ),
              /*9.Supplemental*/
              #"SYSTEM_SYSRULES_sectionLayout"(
                label: "Supplemental",
                firstColumnContents: {
                  #"SYSTEM_SYSRULES_ButtonLayout"(
                    primaryButtons: #"SYSTEM_SYSRULES_ButtonWidgetSubmit"(
                      label: "Hide",
                      value: null,
                      saveInto: local!checklistBtnValue
                    )
                  )
                }
              )
            )
          )
          


          
        }
 
      
    
  
)</definition>
        <namedTypedValue>
            <name>graduateApplication</name>
            <type>
                <name>UAP_v_graduateApplication</name>
                <namespace>urn:com:appian:types:UAP</namespace>
            </type>
        </namedTypedValue>
        <namedTypedValue>
            <name>testScore</name>
            <type>
                <name>UAP_testScore?list</name>
                <namespace>urn:com:appian:types:UAP</namespace>
            </type>
        </namedTypedValue>
        <metadataExpr></metadataExpr>
        <preferredEditor>interface</preferredEditor>
        <offlineEnabled>false</offlineEnabled>
    </rule>
    <roleMap public="true">
        <role inherit="true" allowForAll="false" name="readers">
            <users/>
            <groups/>
        </role>
        <role inherit="true" allowForAll="false" name="authors">
            <users/>
            <groups/>
        </role>
        <role inherit="true" allowForAll="false" name="administrators">
            <users>
                <userUuid>U38263239</userUuid>
            </users>
            <groups/>
        </role>
        <role inherit="false" allowForAll="false" name="denyReaders">
            <users/>
            <groups/>
        </role>
        <role inherit="false" allowForAll="false" name="denyAuthors">
            <users/>
            <groups/>
        </role>
        <role inherit="false" allowForAll="false" name="denyAdministrators">
            <users/>
            <groups/>
        </role>
    </roleMap>
    <typedValue>
        <type>
            <name>RuleTestConfig?list</name>
            <namespace>http://www.appian.com/ae/types/2009</namespace>
        </type>
        <value>
            <el>
                <a:name/>
                <a:ruleInputTestConfigs>
                    <a:value xmlns:xsi="http://www.w3.org/2001/XMLSchema-instance" xsi:type="a:Expression">#"_a-0000deb5-0bcc-8000-9ba2-011c48011c48_219299"(applicationId: 1, returnCdt: true)</a:value>
                    <a:nameRef>graduateApplication</a:nameRef>
                    <a:id/>
                </a:ruleInputTestConfigs>
                <a:ruleInputTestConfigs>
                    <a:nameRef>testScore</a:nameRef>
                    <a:id/>
                </a:ruleInputTestConfigs>
                <a:assertions xmlns:xsi="http://www.w3.org/2001/XMLSchema-instance" xsi:nil="true"/>
            </el>
        </value>
    </typedValue>
</contentHaul>
