<?xml version="1.0" encoding="UTF-8" standalone="yes"?>
<contentHaul xmlns:a="http://www.appian.com/ae/types/2009">
    <rule>
        <name>UAP_c_chooseRequirements</name>
        <uuid>_a-0000dec3-7017-8000-9ba2-011c48011c48_223395</uuid>
        <description>The Required Documents checkboxField for program management</description>
        <parentUuid>_a-0000deb5-0bcc-8000-9ba2-011c48011c48_218266</parentUuid>
        <visibility>
            <advertise>false</advertise>
            <hierarchy>true</hierarchy>
            <indexable>true</indexable>
            <quota>false</quota>
            <searchable>true</searchable>
            <system>false</system>
            <unlogged>false</unlogged>
        </visibility>
        <definition>load
(
  local!requirementList:
  #"_a-0000deb5-0bcc-8000-9ba2-011c48011c48_219282"
  (
    referenceList: ri!referenceList,
    refType: #"_a-0000dec3-7017-8000-9ba2-011c48011c48_224619",
    subType: #"_a-0000dec3-7017-8000-9ba2-011c48011c48_224805"
  ),
  #"SYSTEM_SYSRULES_checkboxField"
  (
    label: "Departmental Requirements",
    labelPosition: "ADJACENT",
    helpTooltip: "These checkboxes will correspond to what fields are shown on the dashboard initially, there will also be an option to show all.",
    choiceLabels: local!requirementList.displayValue,
    choiceValues: tointeger(local!requirementList.code),
    value: ri!requirementList,
    saveInto:
    {
      a!save
      (
        ri!requirementsSaveValue,
        save!value
      ),
      if
      (
        #"_a-0000d62a-67b3-8000-da6f-010000010000_951"(ri!requirementsSaveValue),
        {
          /*If the last requirement is unchecked, update the corresponding boolean*/
          choose
          (
            wherecontains
            (
              index(ri!requirementList, 1, null),
              {
                #"_a-0000dec3-7017-8000-9ba2-011c48011c48_223313",
                #"_a-0000dec3-7017-8000-9ba2-011c48011c48_223315",
                #"_a-0000dec3-7017-8000-9ba2-011c48011c48_223319",
                #"_a-0000dec3-7017-8000-9ba2-011c48011c48_224630",
                #"_a-0000dec3-7017-8000-9ba2-011c48011c48_223327",
                #"_a-0000dec3-7017-8000-9ba2-011c48011c48_223328",
                #"_a-0000dec3-7017-8000-9ba2-011c48011c48_223329",
                #"_a-0000dec3-7017-8000-9ba2-011c48011c48_223326"
              }
            ),
            
            a!save(ri!currentLevel3.showTranscript, null),
            a!save(ri!currentLevel3.showTestScore, null),
            a!save(ri!currentLevel3.showResume, null),
            a!save(ri!currentLevel3.showWritingSample, null),
            a!save(ri!currentLevel3.showRec1, null),
            a!save(ri!currentLevel3.showRec2, null),
            a!save(ri!currentLevel3.showRec3, null),
            a!save(ri!currentLevel3.showSupplemental, null)
          )
        },
        if
        (
          /*If the save value has more items than the requirement list, an item was added, checkbox item added*/
          or
          (
            #"_a-0000d62a-67b3-8000-da6f-010000010000_951"(ri!requirementList),
            count(ri!requirementList) &lt; count(ri!requirementsSaveValue)
          ),
          
          /*Checkbox item added*/
          {
            choose
            (
              wherecontains
              (
                difference
                (
                  ri!requirementsSaveValue,
                  ri!requirementList
                ),
                {
                  #"_a-0000dec3-7017-8000-9ba2-011c48011c48_223313",
                  #"_a-0000dec3-7017-8000-9ba2-011c48011c48_223315",
                  #"_a-0000dec3-7017-8000-9ba2-011c48011c48_223319",
                  #"_a-0000dec3-7017-8000-9ba2-011c48011c48_224630",
                  #"_a-0000dec3-7017-8000-9ba2-011c48011c48_223327",
                  #"_a-0000dec3-7017-8000-9ba2-011c48011c48_223328",
                  #"_a-0000dec3-7017-8000-9ba2-011c48011c48_223329",
                  #"_a-0000dec3-7017-8000-9ba2-011c48011c48_223326"
                }
              ),
              a!save(ri!currentLevel3.showTranscript, true),
              a!save(ri!currentLevel3.showTestScore, null),
              a!save(ri!currentLevel3.showResume, true),
              a!save(ri!currentLevel3.showWritingSample, true),
              a!save(ri!currentLevel3.showRec1, true),
              a!save(ri!currentLevel3.showRec2, true),
              a!save(ri!currentLevel3.showRec3, true),
              a!save(ri!currentLevel3.showSupplemental, true)
            )
          },
          
          /*Checkbox item removed*/
          {
            choose
            (
              wherecontains
              (
                difference
                (
                  ri!requirementList,
                  ri!requirementsSaveValue
                ),
                {
                  #"_a-0000dec3-7017-8000-9ba2-011c48011c48_223313",
                  #"_a-0000dec3-7017-8000-9ba2-011c48011c48_223315",
                  #"_a-0000dec3-7017-8000-9ba2-011c48011c48_223319",
                  #"_a-0000dec3-7017-8000-9ba2-011c48011c48_224630",
                  #"_a-0000dec3-7017-8000-9ba2-011c48011c48_223327",
                  #"_a-0000dec3-7017-8000-9ba2-011c48011c48_223328",
                  #"_a-0000dec3-7017-8000-9ba2-011c48011c48_223329",
                  #"_a-0000dec3-7017-8000-9ba2-011c48011c48_223326"
                }
              ),
              a!save(ri!currentLevel3.showTranscript, null),
              a!save(ri!currentLevel3.showTestScore, null),
              a!save(ri!currentLevel3.showResume, null),
              a!save(ri!currentLevel3.showWritingSample, null),
              a!save(ri!currentLevel3.showRec1, null),
              a!save(ri!currentLevel3.showRec2, null),
              a!save(ri!currentLevel3.showRec3, null),
              a!save(ri!currentLevel3.showSupplemental, null)
            )
          } 
        )
      ),
      
      /*Update requirementList array*/
      a!save
      (
        ri!requirementList,
        ri!requirementsSaveValue
      )
    }
  )
)</definition>
        <namedTypedValue>
            <name>requirementList</name>
            <type>
                <name>Integer?list</name>
                <namespace>http://www.appian.com/ae/types/2009</namespace>
            </type>
        </namedTypedValue>
        <namedTypedValue>
            <name>currentLevel3</name>
            <type>
                <name>UAP_level3</name>
                <namespace>urn:com:appian:types:UAP</namespace>
            </type>
        </namedTypedValue>
        <namedTypedValue>
            <name>requirementsSaveValue</name>
            <type>
                <name>Integer?list</name>
                <namespace>http://www.appian.com/ae/types/2009</namespace>
            </type>
        </namedTypedValue>
        <namedTypedValue>
            <name>referenceList</name>
            <type>
                <name>UAP_reference?list</name>
                <namespace>urn:com:appian:types:UAP</namespace>
            </type>
        </namedTypedValue>
        <metadataExpr></metadataExpr>
        <preferredEditor>interface</preferredEditor>
        <offlineEnabled>false</offlineEnabled>
    </rule>
    <roleMap public="true">
        <role inherit="true" allowForAll="false" name="readers">
            <users/>
            <groups/>
        </role>
        <role inherit="true" allowForAll="false" name="authors">
            <users/>
            <groups/>
        </role>
        <role inherit="true" allowForAll="false" name="administrators">
            <users/>
            <groups/>
        </role>
        <role inherit="false" allowForAll="false" name="denyReaders">
            <users/>
            <groups/>
        </role>
        <role inherit="false" allowForAll="false" name="denyAuthors">
            <users/>
            <groups/>
        </role>
        <role inherit="false" allowForAll="false" name="denyAdministrators">
            <users/>
            <groups/>
        </role>
    </roleMap>
    <typedValue>
        <type>
            <name>RuleTestConfig?list</name>
            <namespace>http://www.appian.com/ae/types/2009</namespace>
        </type>
        <value>
            <el>
                <a:name/>
                <a:ruleInputTestConfigs>
                    <a:nameRef>requirementList</a:nameRef>
                    <a:id/>
                </a:ruleInputTestConfigs>
                <a:ruleInputTestConfigs>
                    <a:value xmlns:n1="urn:com:appian:types:UAP" xmlns:xsi="http://www.w3.org/2001/XMLSchema-instance" xsi:nil="true" xsi:type="n1:UAP_level3"/>
                    <a:nameRef>currentLevel3</a:nameRef>
                    <a:id/>
                </a:ruleInputTestConfigs>
                <a:ruleInputTestConfigs>
                    <a:nameRef>requirementsSaveValue</a:nameRef>
                    <a:id/>
                </a:ruleInputTestConfigs>
                <a:ruleInputTestConfigs>
                    <a:value xmlns:xsi="http://www.w3.org/2001/XMLSchema-instance" xsi:type="a:Expression">#"_a-0000deb5-0bcc-8000-9ba2-011c48011c48_219272"&#xD;
  (&#xD;
    refType: {#"_a-0000deb5-0bcc-8000-9ba2-011c48011c48_219280", #"_a-0000dec3-7017-8000-9ba2-011c48011c48_224619"},&#xD;
    returnAll: true,&#xD;
    returnCdt: true,&#xD;
    pagingInfo: &#xD;
    #"SYSTEM_SYSRULES_pagingInfo"&#xD;
    (&#xD;
      startIndex: 1,&#xD;
      batchSize: -1,&#xD;
      sort:&#xD;
      #"SYSTEM_SYSRULES_sortInfo"&#xD;
      (&#xD;
        field: "displayOrder",&#xD;
        ascending:true&#xD;
      )&#xD;
    )&#xD;
  )</a:value>
                    <a:nameRef>referenceList</a:nameRef>
                    <a:id/>
                </a:ruleInputTestConfigs>
                <a:assertions xmlns:xsi="http://www.w3.org/2001/XMLSchema-instance" xsi:nil="true"/>
            </el>
        </value>
    </typedValue>
</contentHaul>
