<?xml version="1.0" encoding="UTF-8" standalone="yes"?>
<contentHaul xmlns:a="http://www.appian.com/ae/types/2009">
    <rule>
        <name>UAP_c_richTextProgramUpdate</name>
        <uuid>_a-0000defe-bf54-8000-9ba2-011c48011c48_242897</uuid>
        <description>Show updates to the program using a richtextdisplayfield</description>
        <parentUuid>_a-0000deb5-0bcc-8000-9ba2-011c48011c48_218266</parentUuid>
        <visibility>
            <advertise>false</advertise>
            <hierarchy>true</hierarchy>
            <indexable>true</indexable>
            <quota>false</quota>
            <searchable>true</searchable>
            <system>false</system>
            <unlogged>false</unlogged>
        </visibility>
        <definition>if
(
  ri!oldValue = ri!newValue,
  #"SYSTEM_SYSRULES_textField"(
    label: ri!label,
    labelPosition: "ADJACENT",
    value: ri!oldValue,
    readOnly: true,
    refreshAfter: "UNFOCUS",
    validations: {}
  ),
  #"SYSTEM_SYSRULES_richTextDisplayField"
  (
    label: ri!label,
    labelPosition: "ADJACENT",
    value:
    {
      #"SYSTEM_SYSRULES_richTextImage"
      (
        image:
        #"SYSTEM_SYSRULES_documentImage"
        (
          caption: "Update Requested",
          document: #"SYSTEM_SYSRULES_iconIndicator"(icon: "STATUS_WARN")
        )
      ),
      #"SYSTEM_SYSRULES_richTextItem"
      (
        text: ri!oldValue&amp;" "
      ),
      #"SYSTEM_SYSRULES_richTextImage"
      (
        image:
        #"SYSTEM_SYSRULES_documentImage"
        (
          document: #"SYSTEM_SYSRULES_iconIndicator"(icon: "TREND_FLAT")
        )
      ),
      #"SYSTEM_SYSRULES_richTextItem"
      (
        text: ri!newValue,
        style: "STRONG"
      )
    }
  )
)</definition>
        <namedTypedValue>
            <name>oldValue</name>
            <type>
                <name>string</name>
                <namespace>http://www.w3.org/2001/XMLSchema</namespace>
            </type>
            <value/>
        </namedTypedValue>
        <namedTypedValue>
            <name>newValue</name>
            <type>
                <name>string</name>
                <namespace>http://www.w3.org/2001/XMLSchema</namespace>
            </type>
            <value/>
        </namedTypedValue>
        <namedTypedValue>
            <name>label</name>
            <type>
                <name>string</name>
                <namespace>http://www.w3.org/2001/XMLSchema</namespace>
            </type>
            <value/>
        </namedTypedValue>
        <metadataExpr></metadataExpr>
        <preferredEditor>interface</preferredEditor>
        <offlineEnabled>false</offlineEnabled>
    </rule>
    <roleMap public="true">
        <role inherit="true" allowForAll="false" name="readers">
            <users/>
            <groups/>
        </role>
        <role inherit="true" allowForAll="false" name="authors">
            <users/>
            <groups/>
        </role>
        <role inherit="true" allowForAll="false" name="administrators">
            <users/>
            <groups/>
        </role>
        <role inherit="false" allowForAll="false" name="denyReaders">
            <users/>
            <groups/>
        </role>
        <role inherit="false" allowForAll="false" name="denyAuthors">
            <users/>
            <groups/>
        </role>
        <role inherit="false" allowForAll="false" name="denyAdministrators">
            <users/>
            <groups/>
        </role>
    </roleMap>
</contentHaul>
