<?xml version="1.0" encoding="UTF-8" standalone="yes"?>
<contentHaul xmlns:a="http://www.appian.com/ae/types/2009">
    <rule>
        <name>UAP_returnVerificationChanges</name>
        <uuid>b066ff66-4448-4fc0-ac92-cbe5f9428859</uuid>
        <description>Returns the changes in the verifications for an application for the Audit History notes</description>
        <parentUuid>_a-0000deb5-0bcc-8000-9ba2-011c48011c48_218267</parentUuid>
        <visibility>
            <advertise>false</advertise>
            <hierarchy>true</hierarchy>
            <indexable>true</indexable>
            <quota>false</quota>
            <searchable>true</searchable>
            <system>false</system>
            <unlogged>false</unlogged>
        </visibility>
        <definition>with
(
  /*Builds the Checklist Changes*/
  local!builder:
  if
  (
    ri!gradApp.transcript &lt;&gt; ri!gradAppOnLoad.transcript,
    {
      if
      (
        ri!gradApp.transcript = 2,
        "Transcript Marked As Complete, ",
        "Transcript Marked Incomplete, "
      )
    },
    null
  )
  &amp;
  if
  (
    ri!gradApp.gpaVerification &lt;&gt; ri!gradAppOnLoad.gpaVerification,
    {
      if
      (
        ri!gradApp.gpaVerification = 2,
        "GPA Marked As Complete, ",
        "GPA Marked Incomplete, "
      )
    },
    null
  )
  &amp;
  if
  (
    ri!gradApp.testScores &lt;&gt; ri!gradAppOnLoad.testScores,
    {
      if
      (
        ri!gradApp.testScores = 2,
        "Test Scores Marked As Complete, ",
        "Test Scores Marked Incomplete, "
      )
    },
    null
  )
  &amp;
  if
  (
    ri!gradApp.resume &lt;&gt; ri!gradAppOnLoad.resume,
    {
      if
      (
        ri!gradApp.resume = 2,
        "Resume Marked As Complete, ",
        "Resume Marked Incomplete, "
      )
    },
    null
  )
  &amp;
  if
  (
    ri!gradApp.statementOfPurpose &lt;&gt; ri!gradAppOnLoad.statementOfPurpose,
    {
      if
      (
        ri!gradApp.statementOfPurpose = 2,
        "Statement of Purpose Marked As Complete, ",
        "Statement of Purpose Marked Incomplete, "
      )
    },
    null
  )
  &amp;
  if
  (
    ri!gradApp.recLetter1 &lt;&gt; ri!gradAppOnLoad.recLetter1,
    {
      if
      (
        ri!gradApp.recLetter1 = 2,
        "Rec 1 Marked As Complete, ",
        "Rec 1 Marked Incomplete, "
      )
    },
    null
  )
  &amp;
  if
  (
    ri!gradApp.recLetter2 &lt;&gt; ri!gradAppOnLoad.recLetter2,
    {
      if
      (
        ri!gradApp.recLetter2 = 2,
        "Rec 2 Marked As Complete, ",
        "Rec 2 Marked Incomplete, "
      )
    },
    null
  )
  &amp;
  if
  (
    ri!gradApp.recLetter3 &lt;&gt; ri!gradAppOnLoad.recLetter3,
    {
      if
      (
        ri!gradApp.recLetter3 = 2,
        "Rec 3 Marked As Complete, ",
        "Rec 3 Marked Incomplete, "
      )
    },
    null
  )
  &amp;
  if
  (
    ri!gradApp.supplemental &lt;&gt; ri!gradAppOnLoad.supplemental,
    {
      if
      (
        ri!gradApp.supplemental = 2,
        "Supplemental Marked As Complete, ",
        "Supplemental Marked Incomplete, "
      )
    },
    null
  )
  &amp;
  if
  (
    ri!gradApp.isEnglishProficient &lt;&gt; ri!gradAppOnLoad.isEnglishProficient,
    {
      if
      (
        ri!gradApp.isEnglishProficient,
        "English Proficiency Marked As Complete, ",
        "English Proficiency Marked Incomplete, "
      )
    },
    null
  )
  &amp;
  if
  (
    ri!gradApp.isClearedForConduct &lt;&gt; ri!gradAppOnLoad.isClearedForConduct,
    {
      if
      (
        ri!gradApp.isClearedForConduct,
        "Conduct Clearance Marked As Complete, ",
        "Conduct Clearance Marked Incomplete, "
      )
    },
    null
  ),
  
  /*Clear out the last comma and space*/
  local!checklistChange:
  if
  (
    #"_a-0000d62a-67b3-8000-da6f-010000010000_950"(local!builder),
    null,
    left(local!builder, len(local!builder) - 2)
  ),
  
  /*Get the Term change*/
  local!termChange:
  if
  (
    ri!gradApp.term = ri!gradAppOnLoad.term,
    null,
    "Term Change Requested: "&amp;#"_a-0000def2-cb5b-8000-9ba2-011c48011c48_238367"(local!gradAppOnLoad.term)&amp;" to "&amp;#"_a-0000def2-cb5b-8000-9ba2-011c48011c48_238367"(local!gradApp.term)
  ),
  
  /*String representation of the program on load*/
  local!oldProgram:
  ri!gradAppOnLoad.college
  &amp;"-"&amp;
  ri!gradAppOnLoad.majorCode
  &amp;"-"&amp;
  if
  (
    #"_a-0000d62a-67b3-8000-da6f-010000010000_950"(ri!gradAppOnLoad.concentrationCode),
    "none",
    ri!gradAppOnLoad.concentrationCode
  )
  &amp;"-"&amp;
  ri!gradAppOnLoad.degree,
  
  /*String representation of the program on submit*/
  local!newProgram:
  ri!gradApp.college
  &amp;"-"&amp;
  ri!gradApp.majorCode
  &amp;"-"&amp;
  if
  (
    #"_a-0000d62a-67b3-8000-da6f-010000010000_950"(ri!gradApp.concentrationCode),
    "none",
    ri!gradApp.concentrationCode
  )
  &amp;"-"&amp;
  ri!gradApp.degree,
  
  /*Program changes*/
  local!programChange:
  if
  (
    local!oldProgram = local!newProgram,
    null,
    "Program Change Requested: "&amp;local!oldProgram&amp;" to "&amp;local!newProgram
  ),
  
  /*Records any app change besides checklist*/
  local!appChanges:
  if
  (
    ri!modifyValue = #"_a-0000defe-bf54-8000-9ba2-011c48011c48_242441",
    null,
    if
    (
      and
      (
        ri!modifyValue = #"_a-0000defe-bf54-8000-9ba2-011c48011c48_242443",
        not(#"_a-0000d62a-67b3-8000-da6f-010000010000_950"(local!termChange))
      ),
      local!termChange,
      if
      (
        and
        (
          ri!modifyValue = #"_a-0000defe-bf54-8000-9ba2-011c48011c48_242442",
          not(#"_a-0000d62a-67b3-8000-da6f-010000010000_950"(local!programChange))
        ),
        local!programChange,
        null
      )
    )
  ),
  
  /*Combines checklist changes with app changes*/
  if
  (
    and
    (
      not(#"_a-0000d62a-67b3-8000-da6f-010000010000_950"(local!checklistChange)),
      not(#"_a-0000d62a-67b3-8000-da6f-010000010000_950"(local!appChanges))
    ),
    local!appChanges&amp;", "&amp;local!checklistChange,
    
    if
    (
      not(#"_a-0000d62a-67b3-8000-da6f-010000010000_950"(local!checklistChange)),
      local!checklistChange,
      if
      (
        not(#"_a-0000d62a-67b3-8000-da6f-010000010000_950"(local!appChanges)),
        local!appChanges,
        "No Changes Made"
      )
    )
  )
  
)</definition>
        <namedTypedValue>
            <name>gradApp</name>
            <type>
                <name>UAP_v_graduateApplication</name>
                <namespace>urn:com:appian:types:UAP</namespace>
            </type>
        </namedTypedValue>
        <namedTypedValue>
            <name>gradAppOnLoad</name>
            <type>
                <name>UAP_v_graduateApplication</name>
                <namespace>urn:com:appian:types:UAP</namespace>
            </type>
        </namedTypedValue>
        <namedTypedValue>
            <name>modifyValue</name>
            <type>
                <name>string</name>
                <namespace>http://www.w3.org/2001/XMLSchema</namespace>
            </type>
            <value/>
        </namedTypedValue>
        <preferredEditor>legacy</preferredEditor>
        <offlineEnabled>false</offlineEnabled>
    </rule>
    <roleMap public="true">
        <role inherit="true" allowForAll="false" name="readers">
            <users/>
            <groups/>
        </role>
        <role inherit="true" allowForAll="false" name="authors">
            <users/>
            <groups/>
        </role>
        <role inherit="true" allowForAll="false" name="administrators">
            <users/>
            <groups/>
        </role>
        <role inherit="false" allowForAll="false" name="denyReaders">
            <users/>
            <groups/>
        </role>
        <role inherit="false" allowForAll="false" name="denyAuthors">
            <users/>
            <groups/>
        </role>
        <role inherit="false" allowForAll="false" name="denyAdministrators">
            <users/>
            <groups/>
        </role>
    </roleMap>
</contentHaul>
