<?xml version="1.0" encoding="UTF-8" standalone="yes"?>
<contentHaul xmlns:a="http://www.appian.com/ae/types/2009">
    <rule>
        <name>UAP_dirDashAvgScore</name>
        <uuid>bae9da06-8011-42db-b18f-4347a2375c9f</uuid>
        <description>get the average score for the director dashboard</description>
        <parentUuid>_a-0000deb5-0bcc-8000-9ba2-011c48011c48_218267</parentUuid>
        <visibility>
            <advertise>false</advertise>
            <hierarchy>true</hierarchy>
            <indexable>true</indexable>
            <quota>false</quota>
            <searchable>true</searchable>
            <system>false</system>
            <unlogged>false</unlogged>
        </visibility>
        <definition>/*load(*/
  /*ri!reviewDataSubset: rule!UAP_getGradScore(*/
  /*  reviewCycleId: ri!reviewCycleId*/
  /*),*/
  choose(
    wherecontains(
      ri!scoringTypeId,
      {
        #"_a-0000dec3-7017-8000-9ba2-011c48011c48_223402",
        #"_a-0000dec3-7017-8000-9ba2-011c48011c48_223404",
        #"_a-0000dec3-7017-8000-9ba2-011c48011c48_223405"
      }
    ),
    /*Admit/Deny*/
    {
      sum(
        tointeger(ri!reviewDataSubset.data.ratingScore)
      ) &amp; " Approvals and " &amp; (
        ri!reviewDataSubset.totalCount - sum(
          tointeger(ri!reviewDataSubset.data.ratingScore)
        )
      ) &amp; " Denials"
    },
    /*Percentage*/
    {
      fixed(
        average(
          tointeger(ri!reviewDataSubset.data.ratingScore)
        ),
        1,
        true
      ) &amp; "%"
    },
    /*Likert*/
    {
      round(
        average(
          tointeger(ri!reviewDataSubset.data.ratingScore)
        ),
        2
      ) &amp; "/" &amp; "5"
    }
  )
/*)*/</definition>
        <namedTypedValue>
            <name>scoringTypeId</name>
            <type>
                <name>int</name>
                <namespace>http://www.w3.org/2001/XMLSchema</namespace>
            </type>
        </namedTypedValue>
        <namedTypedValue>
            <name>reviewCycleId</name>
            <type>
                <name>int</name>
                <namespace>http://www.w3.org/2001/XMLSchema</namespace>
            </type>
        </namedTypedValue>
        <namedTypedValue>
            <name>reviewDataSubset</name>
            <type>
                <name>DataSubset</name>
                <namespace>http://www.appian.com/ae/types/2009</namespace>
            </type>
        </namedTypedValue>
        <preferredEditor>legacy</preferredEditor>
        <offlineEnabled>false</offlineEnabled>
    </rule>
    <roleMap public="true">
        <role inherit="true" allowForAll="false" name="readers">
            <users/>
            <groups/>
        </role>
        <role inherit="true" allowForAll="false" name="authors">
            <users/>
            <groups/>
        </role>
        <role inherit="true" allowForAll="false" name="administrators">
            <users/>
            <groups/>
        </role>
        <role inherit="false" allowForAll="false" name="denyReaders">
            <users/>
            <groups/>
        </role>
        <role inherit="false" allowForAll="false" name="denyAuthors">
            <users/>
            <groups/>
        </role>
        <role inherit="false" allowForAll="false" name="denyAdministrators">
            <users/>
            <groups/>
        </role>
    </roleMap>
</contentHaul>
