<?xml version="1.0" encoding="UTF-8" standalone="yes"?>
<contentHaul xmlns:a="http://www.appian.com/ae/types/2009">
    <rule>
        <name>UAP_determineReviewVisability</name>
        <uuid>d1eb6dff-b928-4f85-85fd-76aa239129b6</uuid>
        <description>Determines who can see the reviews and when they can be viewed</description>
        <parentUuid>_a-0000deb5-0bcc-8000-9ba2-011c48011c48_218267</parentUuid>
        <visibility>
            <advertise>false</advertise>
            <hierarchy>true</hierarchy>
            <indexable>true</indexable>
            <quota>false</quota>
            <searchable>true</searchable>
            <system>false</system>
            <unlogged>false</unlogged>
        </visibility>
        <definition>if(
  or(
    and(
      ri!reviewCycle.seeReviews,
      /*Reviewer for the application*/
      not(
        #"_a-0000d62a-67b3-8000-da6f-010000010000_951"(
          #"_a-0000deb5-0bcc-8000-9ba2-011c48011c48_219583"(
            name: loggedinuser(),
            levelThreeId: ri!reviewCycle.levelThreeId
          )
        )
      )
    ),
    /*GAC, designee or director can see all*/
    isusermemberofgroups(
      user: loggedinuser(),
      groups: {
        #"_a-0000deb5-0bcc-8000-9ba2-011c48011c48_219367",
        #"_a-0000deb5-0bcc-8000-9ba2-011c48011c48_220117",
        #"_a-0000deb5-0bcc-8000-9ba2-011c48011c48_219197"
      }
    )
  ),
  /*see all things*/
  #"_a-0000dec3-7017-8000-9ba2-011c48011c48_223357"(
    pagingInfo: #"SYSTEM_SYSRULES_pagingInfo"(
      startIndex: 1,
      batchSize: 100,
      sort: #"SYSTEM_SYSRULES_sortInfo"(
        field: "createdOn",
        ascending: false
      )
    ),
    reviewCycleId: ri!reviewCycleId
  ),
  if(
    and(
      ri!graduateApplicationView.seeReviews,
      not(
        #"_a-0000d62a-67b3-8000-da6f-010000010000_951"(
          #"_a-0000deb5-0bcc-8000-9ba2-011c48011c48_219583"(
            name: loggedinuser(),
            levelThreeId: ri!graduateApplicationView.levelThreeId
          )
        )
      )
    ),
    #"_a-0000dec3-7017-8000-9ba2-011c48011c48_223357"(
      pagingInfo: #"SYSTEM_SYSRULES_pagingInfo"(
        startIndex: 1,
        batchSize: 100,
        sort: #"SYSTEM_SYSRULES_sortInfo"(
          field: "createdOn",
          ascending: false
        )
      ),
      reviewCycleId: ri!reviewCycleId,
      reviewer: loggedInUser()
    ),
    {}
  )
)</definition>
        <namedTypedValue>
            <name>graduateApplicationView</name>
            <type>
                <name>UAP_v_graduateApplication</name>
                <namespace>urn:com:appian:types:UAP</namespace>
            </type>
        </namedTypedValue>
        <namedTypedValue>
            <name>reviewCycle</name>
            <type>
                <name>UAP_reviewCycle</name>
                <namespace>urn:com:appian:types:UAP</namespace>
            </type>
        </namedTypedValue>
        <preferredEditor>legacy</preferredEditor>
        <offlineEnabled>false</offlineEnabled>
    </rule>
    <roleMap public="true">
        <role inherit="true" allowForAll="false" name="readers">
            <users/>
            <groups/>
        </role>
        <role inherit="true" allowForAll="false" name="authors">
            <users/>
            <groups/>
        </role>
        <role inherit="true" allowForAll="false" name="administrators">
            <users/>
            <groups/>
        </role>
        <role inherit="false" allowForAll="false" name="denyReaders">
            <users/>
            <groups/>
        </role>
        <role inherit="false" allowForAll="false" name="denyAuthors">
            <users/>
            <groups/>
        </role>
        <role inherit="false" allowForAll="false" name="denyAdministrators">
            <users/>
            <groups/>
        </role>
    </roleMap>
</contentHaul>
