<?xml version="1.0" encoding="UTF-8" standalone="yes"?>
<contentHaul xmlns:a="http://www.appian.com/ae/types/2009">
    <rule>
        <name>WD_chooseReport</name>
        <uuid>_a-0000de3a-f734-8000-3457-01ef9001ef90_6056</uuid>
        <description>A simple choose statement to choose which interface to display.</description>
        <parentUuid>_a-0000de29-c706-8000-3457-01ef9001ef90_4609</parentUuid>
        <visibility>
            <advertise>false</advertise>
            <hierarchy>true</hierarchy>
            <indexable>true</indexable>
            <quota>false</quota>
            <searchable>true</searchable>
            <system>false</system>
            <unlogged>false</unlogged>
        </visibility>
        <definition>choose(
  ri!reportsIdentifier[ri!tabNumber],
  #"_a-0000de5f-9405-8000-9ba2-011c48011c48_179016"(),
  #"_a-0000dda7-9428-8000-9ba2-011c48011c48_122892"(),
  #"_a-0000deaa-80f4-8000-9ba2-011c48011c48_215366"(),
  /*rule!HRO_d_onboarding(),*/
  /*rule!UAP_d_graduateApplication(),*/
  #"_a-0000dd26-4a30-8000-9ba2-011c48011c48_109668"()
)</definition>
        <namedTypedValue>
            <name>tabNumber</name>
            <type>
                <name>int</name>
                <namespace>http://www.w3.org/2001/XMLSchema</namespace>
            </type>
        </namedTypedValue>
        <namedTypedValue>
            <name>reportsIdentifier</name>
            <type>
                <name>Integer?list</name>
                <namespace>http://www.appian.com/ae/types/2009</namespace>
            </type>
        </namedTypedValue>
        <preferredEditor>legacy</preferredEditor>
        <offlineEnabled>false</offlineEnabled>
    </rule>
    <roleMap public="true">
        <role inherit="true" allowForAll="false" name="readers">
            <users/>
            <groups/>
        </role>
        <role inherit="true" allowForAll="false" name="authors">
            <users/>
            <groups/>
        </role>
        <role inherit="true" allowForAll="false" name="administrators">
            <users/>
            <groups/>
        </role>
        <role inherit="false" allowForAll="false" name="denyReaders">
            <users/>
            <groups/>
        </role>
        <role inherit="false" allowForAll="false" name="denyAuthors">
            <users/>
            <groups/>
        </role>
        <role inherit="false" allowForAll="false" name="denyAdministrators">
            <users/>
            <groups/>
        </role>
    </roleMap>
</contentHaul>
