<?xml version="1.0" encoding="UTF-8" standalone="yes"?>
<contentHaul xmlns:a="http://www.appian.com/ae/types/2009">
    <rule>
        <name>WD_doDisplay</name>
        <uuid>_a-0000de3b-6558-8000-3457-01ef9001ef90_6091</uuid>
        <description>Determines whether or not tabs should be displayed for a user. Returns true if tab should be displayed, false if it should not.</description>
        <parentUuid>_a-0000de29-c706-8000-3457-01ef9001ef90_4609</parentUuid>
        <visibility>
            <advertise>false</advertise>
            <hierarchy>true</hierarchy>
            <indexable>true</indexable>
            <quota>false</quota>
            <searchable>true</searchable>
            <system>false</system>
            <unlogged>false</unlogged>
        </visibility>
        <definition>load(&#xD;
  local!reports: #"_a-0000de8c-7f85-8000-7f69-01ef9001ef90_4871"(user:loggedInUser(),widgetType:#"_a-0000de8c-7f85-8000-7f69-01ef9001ef90_4825"),&#xD;
  if(or(#"_a-0000de8c-7f85-8000-7f69-01ef9001ef90_4805"(local!reports), length(local!reports) &lt; ri!tabNumber), false, true)&#xD;
)&#xD;
</definition>
        <namedTypedValue>
            <name>tabNumber</name>
            <type>
                <name>int</name>
                <namespace>http://www.w3.org/2001/XMLSchema</namespace>
            </type>
        </namedTypedValue>
        <preferredEditor>legacy</preferredEditor>
        <offlineEnabled>false</offlineEnabled>
    </rule>
    <roleMap public="true">
        <role inherit="true" allowForAll="false" name="readers">
            <users/>
            <groups/>
        </role>
        <role inherit="true" allowForAll="false" name="authors">
            <users/>
            <groups/>
        </role>
        <role inherit="true" allowForAll="false" name="administrators">
            <users/>
            <groups/>
        </role>
        <role inherit="false" allowForAll="false" name="denyReaders">
            <users/>
            <groups/>
        </role>
        <role inherit="false" allowForAll="false" name="denyAuthors">
            <users/>
            <groups/>
        </role>
        <role inherit="false" allowForAll="false" name="denyAdministrators">
            <users/>
            <groups/>
        </role>
    </roleMap>
</contentHaul>
