<?xml version="1.0" encoding="UTF-8" standalone="yes"?>
<contentHaul xmlns:a="http://www.appian.com/ae/types/2009">
    <rule>
        <name>WD_tab2</name>
        <uuid>_a-0000de3a-f734-8000-3457-01ef9001ef90_6075</uuid>
        <description>Displays the second bookmarkable tab if a user has bookmarked two or more tabs.</description>
        <parentUuid>_a-0000de29-c706-8000-3457-01ef9001ef90_4612</parentUuid>
        <visibility>
            <advertise>false</advertise>
            <hierarchy>true</hierarchy>
            <indexable>true</indexable>
            <quota>false</quota>
            <searchable>true</searchable>
            <system>false</system>
            <unlogged>false</unlogged>
        </visibility>
        <definition>load(&#xD;
  local!reports: #"_a-0000de2b-27a4-8000-3457-01ef9001ef90_4762"(loggedInUser(), "tab", true),&#xD;
  if(count(local!reports) &gt;= 2,&#xD;
    #"_a-0000de3a-f734-8000-3457-01ef9001ef90_6056"(2, local!reports.widget.identifier),&#xD;
    {}&#xD;
  )&#xD;
)</definition>
        <metadataExpr></metadataExpr>
        <preferredEditor>interface</preferredEditor>
        <offlineEnabled>false</offlineEnabled>
    </rule>
    <roleMap public="true">
        <role inherit="true" allowForAll="false" name="readers">
            <users/>
            <groups/>
        </role>
        <role inherit="true" allowForAll="false" name="authors">
            <users/>
            <groups/>
        </role>
        <role inherit="true" allowForAll="false" name="administrators">
            <users/>
            <groups/>
        </role>
        <role inherit="false" allowForAll="false" name="denyReaders">
            <users/>
            <groups/>
        </role>
        <role inherit="false" allowForAll="false" name="denyAuthors">
            <users/>
            <groups/>
        </role>
        <role inherit="false" allowForAll="false" name="denyAdministrators">
            <users/>
            <groups/>
        </role>
    </roleMap>
</contentHaul>
