<?xml version="1.0" encoding="UTF-8" standalone="yes"?>
<tempoReportHaul xmlns:a="http://www.appian.com/ae/types/2009">
    <tempoReport a:uuid="5b06f1fc-928a-4bd7-8b43-c9486726b044" name="Home">
        <a:description>Customizeable home page for any user.</a:description>
        <a:uiExpr>=#"_a-0000de33-1f7f-8000-3457-01ef9001ef90_5359"()</a:uiExpr>
        <a:urlStub>E5Y3ug</a:urlStub>
    </tempoReport>
    <roleMap>
        <role name="report_administrator">
            <users/>
            <groups>
                <groupUuid>_e-0000de3b-6558-8000-341f-011e94011e94_20</groupUuid>
            </groups>
        </role>
        <role name="report_viewer">
            <users/>
            <groups>
                <groupUuid>_e-0000de3b-6558-8000-341f-011e94011e94_21</groupUuid>
            </groups>
        </role>
    </roleMap>
</tempoReportHaul>
