<?xml version="1.0" encoding="UTF-8" standalone="yes"?>
<groupHaul xmlns:a="http://www.appian.com/ae/types/2009">
    <group>
        <name>WD MCOM Create New Course Viewers</name>
        <securityMap>SECURITYMAP_TEAM</securityMap>
        <uuid>_e-0000def2-cb5a-8000-9aee-01075c01075c_692</uuid>
        <groupTypeUuid>SYSTEM_GROUP_TYPE_CUSTOM</groupTypeUuid>
        <description>Create New Course Action Viewers, contains:
MCOM Course Directors
MCOM Course Coordinators
MCOM Curriculum Map Review Group</description>
        <delegatedCreation>false</delegatedCreation>
        <memberPolicy>MEMBERPOLICY_CLOSED</memberPolicy>
        <viewingPolicy>VIEWINGPOLICY_LOW</viewingPolicy>
        <attributes/>
    </group>
    <members>
        <users/>
        <groups>
            <groupUuid>_e-0001dd1d-ae6e-8000-9aee-01075c01075c_122</groupUuid>
            <groupUuid>_e-0001dd1d-ae6e-8000-9aee-01075c01075c_121</groupUuid>
            <groupUuid>_e-0000db98-b120-8000-9aee-01075c01075c_58</groupUuid>
            <groupUuid>_e-0000dcac-de11-8000-9aee-01075c01075c_84</groupUuid>
        </groups>
    </members>
    <admins>
        <users/>
        <groups/>
    </admins>
    <ruleSet/>
</groupHaul>
