<?xml version="1.0" encoding="UTF-8" standalone="yes"?>
<groupHaul xmlns:a="http://www.appian.com/ae/types/2009">
    <group>
        <name>WD MCOM Student Meeting Report Viewers</name>
        <securityMap>SECURITYMAP_TEAM</securityMap>
        <uuid>_e-0000def2-cb5a-8000-9aee-01075c01075c_694</uuid>
        <groupTypeUuid>SYSTEM_GROUP_TYPE_CUSTOM</groupTypeUuid>
        <description>Student Meeting Report Viewers, contains:
MCOM LSS Admin
MCOM Advisors</description>
        <delegatedCreation>false</delegatedCreation>
        <memberPolicy>MEMBERPOLICY_CLOSED</memberPolicy>
        <viewingPolicy>VIEWINGPOLICY_LOW</viewingPolicy>
        <attributes/>
    </group>
    <members>
        <users/>
        <groups>
            <groupUuid>_e-0001dc93-4efc-8000-9aee-01075c01075c_77</groupUuid>
            <groupUuid>_e-0000db98-b120-8000-9aee-01075c01075c_58</groupUuid>
            <groupUuid>_e-0001dc6b-c8e7-8000-9aee-01075c01075c_72</groupUuid>
        </groups>
    </members>
    <admins>
        <users/>
        <groups/>
    </admins>
    <ruleSet/>
</groupHaul>
