<?xml version="1.0" encoding="UTF-8" standalone="yes"?>
<groupHaul xmlns:a="http://www.appian.com/ae/types/2009">
    <group>
        <name>WD All Users</name>
        <securityMap>SECURITYMAP_TEAM</securityMap>
        <uuid>_e-0000de3b-6558-8000-341f-011e94011e94_21</uuid>
        <groupTypeUuid>SYSTEM_GROUP_TYPE_CUSTOM</groupTypeUuid>
        <description></description>
        <delegatedCreation>false</delegatedCreation>
        <memberPolicy>MEMBERPOLICY_CLOSED</memberPolicy>
        <viewingPolicy>VIEWINGPOLICY_LOW</viewingPolicy>
        <attributes/>
    </group>
    <members>
        <users/>
        <groups>
            <groupUuid>_e-0000d398-70cf-8000-9aee-01075c01075c_6</groupUuid>
        </groups>
    </members>
    <admins>
        <users/>
        <groups>
            <groupUuid>_e-0000de3b-6558-8000-341f-011e94011e94_20</groupUuid>
        </groups>
    </admins>
    <ruleSet/>
</groupHaul>
