<?xml version="1.0" encoding="UTF-8" standalone="yes"?>
<groupHaul xmlns:a="http://www.appian.com/ae/types/2009">
    <group>
        <name>WD COPH Change Faculty Viewers</name>
        <securityMap>SECURITYMAP_TEAM</securityMap>
        <uuid>_e-0000def2-cb5a-8000-9aee-01075c01075c_685</uuid>
        <groupTypeUuid>SYSTEM_GROUP_TYPE_CUSTOM</groupTypeUuid>
        <description>container for COPH Change of Advisor Request groups, contains:
COPH Graduate Advisors
COPH Advising Leadership
SPA COPH Leadership
SPA Department Administrators
SPA Students
SPA Department Chairs
SPA Programs Staff
SPA Basic Access</description>
        <delegatedCreation>false</delegatedCreation>
        <memberPolicy>MEMBERPOLICY_CLOSED</memberPolicy>
        <viewingPolicy>VIEWINGPOLICY_LOW</viewingPolicy>
        <attributes/>
    </group>
    <members>
        <users/>
        <groups>
            <groupUuid>_e-0000db98-b120-8000-9aee-01075c01075c_39</groupUuid>
            <groupUuid>_e-0001dd1d-ae6e-8000-9aee-01075c01075c_99</groupUuid>
            <groupUuid>_e-0000db6e-7610-8000-9aee-01075c01075c_14</groupUuid>
            <groupUuid>_e-0001dd1d-ae6e-8000-9aee-01075c01075c_100</groupUuid>
            <groupUuid>_e-0000db6e-7610-8000-9aee-01075c01075c_10</groupUuid>
            <groupUuid>_e-0000db98-b120-8000-9aee-01075c01075c_42</groupUuid>
            <groupUuid>_e-0000db98-b120-8000-9aee-01075c01075c_41</groupUuid>
            <groupUuid>_e-0000db6e-7610-8000-9aee-01075c01075c_12</groupUuid>
            <groupUuid>_e-0000db98-b120-8000-9aee-01075c01075c_46</groupUuid>
        </groups>
    </members>
    <admins>
        <users/>
        <groups/>
    </admins>
    <ruleSet/>
</groupHaul>
