<?xml version="1.0" encoding="UTF-8" standalone="yes"?>
<groupHaul xmlns:a="http://www.appian.com/ae/types/2009">
    <group>
        <name>WD International Travelers Viewers</name>
        <securityMap>SECURITYMAP_TEAM</securityMap>
        <uuid>_e-0000deef-1613-8000-9aee-01075c01075c_683</uuid>
        <groupTypeUuid>SYSTEM_GROUP_TYPE_CUSTOM</groupTypeUuid>
        <description>viewers group for the international travelers report, contains:
TRV Export Control
Central Travel System Administrators
Central Travel Administrators
TRV USF World</description>
        <delegatedCreation>false</delegatedCreation>
        <memberPolicy>MEMBERPOLICY_CLOSED</memberPolicy>
        <viewingPolicy>VIEWINGPOLICY_LOW</viewingPolicy>
        <attributes/>
    </group>
    <members>
        <users/>
        <groups>
            <groupUuid>_e-0001dd9c-3e6d-8000-9aee-01075c01075c_143</groupUuid>
            <groupUuid>_e-0001dd9c-3e6d-8000-9aee-01075c01075c_132</groupUuid>
            <groupUuid>_e-0001dd1d-ae6e-8000-9aee-01075c01075c_125</groupUuid>
            <groupUuid>_e-0000ddfd-3724-8000-9aee-01075c01075c_160</groupUuid>
        </groups>
    </members>
    <admins>
        <users/>
        <groups/>
    </admins>
    <ruleSet/>
</groupHaul>
