<?xml version="1.0" encoding="UTF-8" standalone="yes"?>
<groupHaul xmlns:a="http://www.appian.com/ae/types/2009">
    <group>
        <name>WD COPH Course Substitution Approval Viewers</name>
        <securityMap>SECURITYMAP_TEAM</securityMap>
        <uuid>_e-0000def2-cb5a-8000-9aee-01075c01075c_687</uuid>
        <groupTypeUuid>SYSTEM_GROUP_TYPE_CUSTOM</groupTypeUuid>
        <description>Viewers for Course Substitution Approval Process, contains:
SPA Basic Access
SPA Students</description>
        <delegatedCreation>false</delegatedCreation>
        <memberPolicy>MEMBERPOLICY_CLOSED</memberPolicy>
        <viewingPolicy>VIEWINGPOLICY_LOW</viewingPolicy>
        <attributes/>
    </group>
    <members>
        <users/>
        <groups>
            <groupUuid>_e-0000db98-b120-8000-9aee-01075c01075c_39</groupUuid>
            <groupUuid>_e-0000db6e-7610-8000-9aee-01075c01075c_10</groupUuid>
            <groupUuid>_e-0000db6e-7610-8000-9aee-01075c01075c_12</groupUuid>
        </groups>
    </members>
    <admins>
        <users/>
        <groups/>
    </admins>
    <ruleSet/>
</groupHaul>
