<?xml version="1.0" encoding="UTF-8" standalone="yes"?>
<groupHaul xmlns:a="http://www.appian.com/ae/types/2009">
    <group>
        <name>WD COPH Edit Community Members Viewers</name>
        <securityMap>SECURITYMAP_TEAM</securityMap>
        <uuid>_e-0000def2-cb5a-8000-9aee-01075c01075c_686</uuid>
        <groupTypeUuid>SYSTEM_GROUP_TYPE_CUSTOM</groupTypeUuid>
        <description>Viewers of COPH Edit Community Members, contains:&#xD;
SPA Health IS Developers&#xD;
SPA COPH Leadership&#xD;
SPA Registration Staff&#xD;
SPA Programs Staff</description>
        <delegatedCreation>false</delegatedCreation>
        <memberPolicy>MEMBERPOLICY_CLOSED</memberPolicy>
        <viewingPolicy>VIEWINGPOLICY_LOW</viewingPolicy>
        <attributes/>
    </group>
    <members>
        <users/>
        <groups>
            <groupUuid>_e-0000db98-b120-8000-9aee-01075c01075c_28</groupUuid>
            <groupUuid>_e-0000db6e-7610-8000-9aee-01075c01075c_10</groupUuid>
            <groupUuid>_e-0000db98-b120-8000-9aee-01075c01075c_41</groupUuid>
            <groupUuid>_e-0000db98-b120-8000-9aee-01075c01075c_46</groupUuid>
            <groupUuid>_e-0000db98-b120-8000-9aee-01075c01075c_35</groupUuid>
        </groups>
    </members>
    <admins>
        <users/>
        <groups/>
    </admins>
    <ruleSet/>
</groupHaul>
