<?xml version="1.0" encoding="UTF-8" standalone="yes"?>
<groupHaul xmlns:a="http://www.appian.com/ae/types/2009">
    <group>
        <name>WD COPH Completed Appointment Requests Report Viewers</name>
        <securityMap>SECURITYMAP_TEAM</securityMap>
        <uuid>_e-0000def2-cb5a-8000-9aee-01075c01075c_689</uuid>
        <groupTypeUuid>SYSTEM_GROUP_TYPE_CUSTOM</groupTypeUuid>
        <description>Export Completed Appointment Requests Report Viewers, contains:
SPA COPH Leadership
SPA Human Resources
SPA Accounting
SPA HR Leadership
</description>
        <delegatedCreation>false</delegatedCreation>
        <memberPolicy>MEMBERPOLICY_CLOSED</memberPolicy>
        <viewingPolicy>VIEWINGPOLICY_LOW</viewingPolicy>
        <attributes/>
    </group>
    <members>
        <users/>
        <groups>
            <groupUuid>_e-0001dc18-b36c-8000-9aee-01075c01075c_61</groupUuid>
            <groupUuid>_e-0000db6e-7610-8000-9aee-01075c01075c_10</groupUuid>
            <groupUuid>_e-0000db98-b120-8000-9aee-01075c01075c_41</groupUuid>
            <groupUuid>_e-0001dc34-62f3-8000-9aee-01075c01075c_63</groupUuid>
            <groupUuid>_e-0000db98-b120-8000-9aee-01075c01075c_45</groupUuid>
        </groups>
    </members>
    <admins>
        <users/>
        <groups/>
    </admins>
    <ruleSet/>
</groupHaul>
