<?xml version="1.0" encoding="UTF-8" standalone="yes"?>
<processModelFolderHaul xmlns:a="http://www.appian.com/ae/types/2009">
    <processModelFolder>
        <name>GMTA Model Folder</name>
        <uuid>_g-0000d9a7-1a81-8000-9e06-010000010000_3</uuid>
        <description>Folder for all process models for the Groups Management Tempo Application</description>
    </processModelFolder>
    <roleMap>
        <role name="ADMIN_OWNER">
            <users/>
            <groups>
                <groupUuid>_e-0000d9bd-3833-8000-9e04-010000010000_112</groupUuid>
            </groups>
        </role>
        <role name="EDITOR">
            <users/>
            <groups>
                <groupUuid>_e-0000d9eb-6a3f-8000-9e04-010000010000_32</groupUuid>
            </groups>
        </role>
        <role name="EXPLICIT_NONMEMBER">
            <users/>
            <groups/>
        </role>
        <role name="VIEWER">
            <users/>
            <groups>
                <groupUuid>_e-0000d9bd-3833-8000-9e04-010000010000_111</groupUuid>
            </groups>
        </role>
        <role name="MANAGER">
            <users/>
            <groups/>
        </role>
        <role name="INITIATOR">
            <users/>
            <groups/>
        </role>
    </roleMap>
</processModelFolderHaul>
