<?xml version="1.0" encoding="UTF-8" standalone="yes"?>
<applicationHaul xmlns:a="http://www.appian.com/ae/types/2009">
    <application>
        <name>WD All Contents - Release 1.2.0</name>
        <uuid>_a-0000de2b-96d5-8000-3457-01ef9001ef90_4784</uuid>
        <description>A base application allowing a user to organize the widgets on his or her homepage.</description>
        <parentUuid>SYSTEM_APPLICATIONS_ROOT</parentUuid>
        <visibility>
            <advertise>false</advertise>
            <hierarchy>true</hierarchy>
            <indexable>true</indexable>
            <quota>false</quota>
            <searchable>true</searchable>
            <system>false</system>
            <unlogged>false</unlogged>
        </visibility>
        <urlIdentifier>rEFKoA</urlIdentifier>
        <published>false</published>
        <public>false</public>
        <associatedObjects>
            <globalIdMap>
                <item>
                    <type>datatype</type>
                    <uuids>
                        <uuid>{urn:com:appian:types}WD_widget</uuid>
                        <uuid>{urn:com:appian:types}WD_bookmark</uuid>
                        <uuid>{urn:com:appian:types}WD_toDoItem</uuid>
                    </uuids>
                </item>
                <item>
                    <type>dataStore</type>
                    <uuids>
                        <uuid>_a-0000de29-c706-8000-3457-01ef9001ef90_4605</uuid>
                    </uuids>
                </item>
                <item>
                    <type>user</type>
                    <uuids/>
                </item>
                <item>
                    <type>groupType</type>
                    <uuids/>
                </item>
                <item>
                    <type>group</type>
                    <uuids>
                        <uuid>_e-0000de3b-6558-8000-341f-011e94011e94_20</uuid>
                        <uuid>_e-0000de3b-6558-8000-341f-011e94011e94_21</uuid>
                        <uuid>_e-0000deef-1613-8000-9aee-01075c01075c_683</uuid>
                        <uuid>_e-0000deef-1613-8000-9aee-01075c01075c_684</uuid>
                        <uuid>_e-0000def2-cb5a-8000-9aee-01075c01075c_685</uuid>
                        <uuid>_e-0000def2-cb5a-8000-9aee-01075c01075c_686</uuid>
                        <uuid>_e-0000def2-cb5a-8000-9aee-01075c01075c_687</uuid>
                        <uuid>_e-0000def2-cb5a-8000-9aee-01075c01075c_688</uuid>
                        <uuid>_e-0000def2-cb5a-8000-9aee-01075c01075c_689</uuid>
                        <uuid>_e-0000def2-cb5a-8000-9aee-01075c01075c_690</uuid>
                        <uuid>_e-0000def2-cb5a-8000-9aee-01075c01075c_691</uuid>
                        <uuid>_e-0000def2-cb5a-8000-9aee-01075c01075c_692</uuid>
                        <uuid>_e-0000def2-cb5a-8000-9aee-01075c01075c_693</uuid>
                        <uuid>_e-0000def2-cb5a-8000-9aee-01075c01075c_694</uuid>
                        <uuid>_e-0000def2-cb5a-8000-9aee-01075c01075c_695</uuid>
                        <uuid>_e-0000def2-cb5a-8000-9aee-01075c01075c_696</uuid>
                    </uuids>
                </item>
                <item>
                    <type>content</type>
                    <uuids>
                        <uuid>_a-0000de29-c706-8000-3457-01ef9001ef90_4607</uuid>
                        <uuid>_a-0000de29-c706-8000-3457-01ef9001ef90_4608</uuid>
                        <uuid>_a-0000de29-c706-8000-3457-01ef9001ef90_4609</uuid>
                        <uuid>_a-0000de29-c706-8000-3457-01ef9001ef90_4610</uuid>
                        <uuid>_a-0000de29-c706-8000-3457-01ef9001ef90_4611</uuid>
                        <uuid>_a-0000de29-c706-8000-3457-01ef9001ef90_4612</uuid>
                        <uuid>_a-0000de2b-96d5-8000-3457-01ef9001ef90_4789</uuid>
                        <uuid>_a-0000de29-c706-8000-3457-01ef9001ef90_4613</uuid>
                        <uuid>_a-0000de29-c706-8000-3457-01ef9001ef90_4635</uuid>
                        <uuid>_a-0000de2b-27a4-8000-3457-01ef9001ef90_4643</uuid>
                        <uuid>_a-0000de2b-27a4-8000-3457-01ef9001ef90_4646</uuid>
                        <uuid>_a-0000de2b-27a4-8000-3457-01ef9001ef90_4669</uuid>
                        <uuid>_a-0000de2b-27a4-8000-3457-01ef9001ef90_4686</uuid>
                        <uuid>_a-0000de2b-27a4-8000-3457-01ef9001ef90_4716</uuid>
                        <uuid>_a-0000de2b-27a4-8000-3457-01ef9001ef90_4733</uuid>
                        <uuid>_a-0000de2b-27a4-8000-3457-01ef9001ef90_4755</uuid>
                        <uuid>_a-0000de2b-27a4-8000-3457-01ef9001ef90_4762</uuid>
                        <uuid>_a-0000de2c-6e59-8000-3457-01ef9001ef90_4947</uuid>
                        <uuid>_a-0000de31-b787-8000-3457-01ef9001ef90_5006</uuid>
                        <uuid>_a-0000de31-b787-8000-3457-01ef9001ef90_5009</uuid>
                        <uuid>_a-0000de31-b787-8000-3457-01ef9001ef90_5100</uuid>
                        <uuid>_a-0000de31-b787-8000-3457-01ef9001ef90_5102</uuid>
                        <uuid>_a-0000de31-b787-8000-3457-01ef9001ef90_5109</uuid>
                        <uuid>_a-0000de31-b787-8000-3457-01ef9001ef90_5196</uuid>
                        <uuid>_a-0000de31-b787-8000-3457-01ef9001ef90_5207</uuid>
                        <uuid>_a-0000de31-b787-8000-3457-01ef9001ef90_5216</uuid>
                        <uuid>_a-0000de33-1f7f-8000-3457-01ef9001ef90_5258</uuid>
                        <uuid>_a-0000de33-1f7f-8000-3457-01ef9001ef90_5301</uuid>
                        <uuid>_a-0000de33-1f7f-8000-3457-01ef9001ef90_5359</uuid>
                        <uuid>_a-0000de33-1f7f-8000-3457-01ef9001ef90_5379</uuid>
                        <uuid>_a-0000de33-1f7f-8000-3457-01ef9001ef90_5385</uuid>
                        <uuid>_a-0000de34-56c9-8000-3457-01ef9001ef90_5446</uuid>
                        <uuid>_a-0000de34-56c9-8000-3457-01ef9001ef90_5447</uuid>
                        <uuid>_a-0000de34-56c9-8000-3457-01ef9001ef90_5470</uuid>
                        <uuid>_a-0000de34-56c9-8000-3457-01ef9001ef90_5491</uuid>
                        <uuid>_a-0000de34-56c9-8000-3457-01ef9001ef90_5588</uuid>
                        <uuid>_a-0000de34-56c9-8000-3457-01ef9001ef90_5622</uuid>
                        <uuid>_a-0000de39-9984-8000-3457-01ef9001ef90_5834</uuid>
                        <uuid>_a-0000de3a-f734-8000-3457-01ef9001ef90_6022</uuid>
                        <uuid>_a-0000de3a-f734-8000-3457-01ef9001ef90_6044</uuid>
                        <uuid>_a-0000de3c-4292-8000-3457-01ef9001ef90_6098</uuid>
                        <uuid>_a-0000de3c-4292-8000-3457-01ef9001ef90_6228</uuid>
                        <uuid>_a-0000de35-a96e-8000-3457-01ef9001ef90_5718</uuid>
                        <uuid>_a-0000de35-a96e-8000-3457-01ef9001ef90_5727</uuid>
                        <uuid>_a-0000de35-a96e-8000-3457-01ef9001ef90_5731</uuid>
                        <uuid>_a-0000de35-a96e-8000-3457-01ef9001ef90_5721</uuid>
                        <uuid>_a-0000de3d-91f8-8000-3457-01ef9001ef90_6532</uuid>
                        <uuid>_a-0000de3d-91f8-8000-3457-01ef9001ef90_6601</uuid>
                        <uuid>_a-0000de3d-91f8-8000-3457-01ef9001ef90_6660</uuid>
                        <uuid>_a-0000de3d-91f8-8000-3457-01ef9001ef90_6661</uuid>
                        <uuid>_a-0000de3d-91f8-8000-3457-01ef9001ef90_6680</uuid>
                        <uuid>_a-0000de3d-91f8-8000-3457-01ef9001ef90_6683</uuid>
                        <uuid>_a-0000de3d-91f8-8000-3457-01ef9001ef90_6684</uuid>
                        <uuid>_a-0000de3d-91f8-8000-3457-01ef9001ef90_6685</uuid>
                        <uuid>_a-0000de3d-91f8-8000-3457-01ef9001ef90_6691</uuid>
                        <uuid>_a-0000de31-b787-8000-3457-01ef9001ef90_5008</uuid>
                        <uuid>_a-0000de31-b787-8000-3457-01ef9001ef90_5099</uuid>
                        <uuid>_a-0000de3e-e37a-8000-3457-01ef9001ef90_6785</uuid>
                        <uuid>_a-0000de3e-e37a-8000-3457-01ef9001ef90_6791</uuid>
                        <uuid>_a-0000de3e-e37a-8000-3457-01ef9001ef90_6813</uuid>
                        <uuid>_a-0000de3e-e37a-8000-3457-01ef9001ef90_6831</uuid>
                        <uuid>_a-0000de3e-e37a-8000-3457-01ef9001ef90_6837</uuid>
                        <uuid>_a-0000de3e-e37a-8000-3457-01ef9001ef90_6844</uuid>
                        <uuid>_a-0000de3e-e37a-8000-3457-01ef9001ef90_6848</uuid>
                        <uuid>_a-0000de3e-e37a-8000-3457-01ef9001ef90_6852</uuid>
                        <uuid>_a-0000de44-2b06-8000-3457-01ef9001ef90_7044</uuid>
                        <uuid>_a-0000de44-2b06-8000-3457-01ef9001ef90_7085</uuid>
                        <uuid>_a-0000de44-2b06-8000-3457-01ef9001ef90_7089</uuid>
                        <uuid>_a-0000de44-2b06-8000-3457-01ef9001ef90_7092</uuid>
                        <uuid>_a-0000de44-2b06-8000-3457-01ef9001ef90_7127</uuid>
                        <uuid>_a-0000de44-2b06-8000-3457-01ef9001ef90_7134</uuid>
                        <uuid>_a-0000de44-2b06-8000-3457-01ef9001ef90_7135</uuid>
                        <uuid>_a-0000de44-2b06-8000-3457-01ef9001ef90_7138</uuid>
                        <uuid>_a-0000de44-2b06-8000-3457-01ef9001ef90_7139</uuid>
                        <uuid>_a-0000de44-2b06-8000-3457-01ef9001ef90_7147</uuid>
                        <uuid>_a-0000de44-2b06-8000-3457-01ef9001ef90_7150</uuid>
                        <uuid>_a-0000de44-2b06-8000-3457-01ef9001ef90_7153</uuid>
                        <uuid>_a-0000de44-2b06-8000-3457-01ef9001ef90_7156</uuid>
                        <uuid>_a-0000de44-2b06-8000-3457-01ef9001ef90_7159</uuid>
                        <uuid>_a-0000de44-2b06-8000-3457-01ef9001ef90_7162</uuid>
                        <uuid>_a-0000de44-2b06-8000-3457-01ef9001ef90_7165</uuid>
                        <uuid>_a-0000de44-2b06-8000-3457-01ef9001ef90_7168</uuid>
                        <uuid>_a-0000de44-2b06-8000-3457-01ef9001ef90_7169</uuid>
                        <uuid>_a-0000de44-2b06-8000-3457-01ef9001ef90_7170</uuid>
                        <uuid>_a-0000de44-2b06-8000-3457-01ef9001ef90_7171</uuid>
                        <uuid>_a-0000de44-2b06-8000-3457-01ef9001ef90_7172</uuid>
                        <uuid>_a-0000de44-2b06-8000-3457-01ef9001ef90_7173</uuid>
                        <uuid>_a-0000de44-2b06-8000-3457-01ef9001ef90_7174</uuid>
                        <uuid>_a-0000de44-2b06-8000-3457-01ef9001ef90_7175</uuid>
                        <uuid>_a-0000de44-2b06-8000-3457-01ef9001ef90_7176</uuid>
                        <uuid>_a-0000de44-2b06-8000-3457-01ef9001ef90_7237</uuid>
                        <uuid>_a-0000de44-2b06-8000-3457-01ef9001ef90_7238</uuid>
                        <uuid>_a-0000de8c-7f85-8000-7f69-01ef9001ef90_4804</uuid>
                        <uuid>_a-0000de8c-7f85-8000-7f69-01ef9001ef90_4805</uuid>
                        <uuid>_a-0000de8c-7f85-8000-7f69-01ef9001ef90_4812</uuid>
                        <uuid>_a-0000de8c-7f85-8000-7f69-01ef9001ef90_4819</uuid>
                        <uuid>_a-0000de8c-7f85-8000-7f69-01ef9001ef90_4825</uuid>
                        <uuid>_a-0000de8c-7f85-8000-7f69-01ef9001ef90_4827</uuid>
                        <uuid>_a-0000de8c-7f85-8000-7f69-01ef9001ef90_4852</uuid>
                        <uuid>_a-0000de8c-7f85-8000-7f69-01ef9001ef90_4853</uuid>
                        <uuid>_a-0000de8c-7f85-8000-7f69-01ef9001ef90_4861</uuid>
                        <uuid>_a-0000de8c-7f85-8000-7f69-01ef9001ef90_4862</uuid>
                        <uuid>_a-0000de8c-7f85-8000-7f69-01ef9001ef90_4867</uuid>
                        <uuid>_a-0000de8c-7f85-8000-7f69-01ef9001ef90_4871</uuid>
                        <uuid>_a-0000de8c-7f85-8000-7f69-01ef9001ef90_4943</uuid>
                        <uuid>_a-0000de8c-7f85-8000-7f69-01ef9001ef90_4978</uuid>
                        <uuid>_a-0000de8c-7f85-8000-7f69-01ef9001ef90_4981</uuid>
                        <uuid>_a-0000de8c-7f85-8000-7f69-01ef9001ef90_4982</uuid>
                        <uuid>_a-0000de8c-7f85-8000-7f69-01ef9001ef90_4983</uuid>
                        <uuid>_a-0000de8c-7f85-8000-7f69-01ef9001ef90_4986</uuid>
                        <uuid>_a-0000de8c-7f85-8000-7f69-01ef9001ef90_4988</uuid>
                        <uuid>_a-0000de8c-7f85-8000-7f69-01ef9001ef90_4989</uuid>
                        <uuid>_a-0000de8c-7f85-8000-7f69-01ef9001ef90_4993</uuid>
                        <uuid>_a-0000dea1-c302-8000-3120-01ef9001ef90_6488</uuid>
                        <uuid>_a-0000dea1-c302-8000-3120-01ef9001ef90_6492</uuid>
                        <uuid>_a-0000dea2-05b4-8000-3120-01ef9001ef90_6509</uuid>
                        <uuid>_a-0000dea2-05b4-8000-3120-01ef9001ef90_6513</uuid>
                        <uuid>_a-0000dea2-05b4-8000-3120-01ef9001ef90_6516</uuid>
                        <uuid>_a-0000def2-cb5b-8000-9ba2-011c48011c48_236654</uuid>
                        <uuid>_a-0000def2-cb5b-8000-9ba2-011c48011c48_236667</uuid>
                        <uuid>_a-0000de3a-f734-8000-3457-01ef9001ef90_6056</uuid>
                        <uuid>_a-0000de3a-f734-8000-3457-01ef9001ef90_6077</uuid>
                        <uuid>_a-0000de42-e0de-8000-3457-01ef9001ef90_6934</uuid>
                        <uuid>_a-0000de3a-f734-8000-3457-01ef9001ef90_6073</uuid>
                        <uuid>_a-0000de3a-f734-8000-3457-01ef9001ef90_6075</uuid>
                        <uuid>_a-0000de3b-6558-8000-3457-01ef9001ef90_6091</uuid>
                        <uuid>_a-0000df16-9c51-8000-9ba2-011c48011c48_252001</uuid>
                        <uuid>_a-0000df16-9c51-8000-9ba2-011c48011c48_252000</uuid>
                        <uuid>_a-0000df03-fe19-8000-9ba2-011c48011c48_235517</uuid>
                        <uuid>_a-0000defe-bf54-8000-9ba2-011c48011c48_243207</uuid>
                        <uuid>_a-0000defe-bf54-8000-9ba2-011c48011c48_243209</uuid>
                        <uuid>_a-0000defe-bf54-8000-9ba2-011c48011c48_243212</uuid>
                        <uuid>_a-0000defe-bf54-8000-9ba2-011c48011c48_243213</uuid>
                        <uuid>_a-0000defe-bf54-8000-9ba2-011c48011c48_243214</uuid>
                        <uuid>_a-0000defe-bf54-8000-9ba2-011c48011c48_243215</uuid>
                        <uuid>_a-0000defe-bf54-8000-9ba2-011c48011c48_243216</uuid>
                        <uuid>_a-0000defe-bf54-8000-9ba2-011c48011c48_243217</uuid>
                        <uuid>_a-0000defe-bf54-8000-9ba2-011c48011c48_243220</uuid>
                        <uuid>_a-0000defe-bf54-8000-9ba2-011c48011c48_243225</uuid>
                        <uuid>_a-0000defe-bf54-8000-9ba2-011c48011c48_243227</uuid>
                        <uuid>_a-0000defe-bf54-8000-9ba2-011c48011c48_243236</uuid>
                        <uuid>_a-0000defe-bf54-8000-9ba2-011c48011c48_243239</uuid>
                        <uuid>_a-0000defe-bf54-8000-9ba2-011c48011c48_243240</uuid>
                        <uuid>_a-0000defe-bf54-8000-9ba2-011c48011c48_243244</uuid>
                        <uuid>_a-0000defe-bf54-8000-9ba2-011c48011c48_243245</uuid>
                        <uuid>_a-0000defe-bf54-8000-9ba2-011c48011c48_243246</uuid>
                        <uuid>_a-0000defe-bf54-8000-9ba2-011c48011c48_243249</uuid>
                        <uuid>_a-0000defe-bf54-8000-9ba2-011c48011c48_243251</uuid>
                        <uuid>_a-0000defe-bf54-8000-9ba2-011c48011c48_243252</uuid>
                        <uuid>_a-0000defe-bf54-8000-9ba2-011c48011c48_243253</uuid>
                        <uuid>_a-0000defe-bf54-8000-9ba2-011c48011c48_243254</uuid>
                        <uuid>_a-0000defe-bf54-8000-9ba2-011c48011c48_243257</uuid>
                        <uuid>_a-0000defe-bf54-8000-9ba2-011c48011c48_243258</uuid>
                        <uuid>_a-0000defe-bf54-8000-9ba2-011c48011c48_243262</uuid>
                        <uuid>_a-0000defe-bf54-8000-9ba2-011c48011c48_243264</uuid>
                        <uuid>_a-0000defe-bf54-8000-9ba2-011c48011c48_243266</uuid>
                    </uuids>
                </item>
                <item>
                    <type>forum</type>
                    <uuids/>
                </item>
                <item>
                    <type>processModelFolder</type>
                    <uuids/>
                </item>
                <item>
                    <type>processModel</type>
                    <uuids/>
                </item>
                <item>
                    <type>portlet</type>
                    <uuids/>
                </item>
                <item>
                    <type>page</type>
                    <uuids/>
                </item>
                <item>
                    <type>application</type>
                    <uuids/>
                </item>
                <item>
                    <type>tempoFeed</type>
                    <uuids/>
                </item>
                <item>
                    <type>recordType</type>
                    <uuids/>
                </item>
                <item>
                    <type>tempoReport</type>
                    <uuids>
                        <uuid>5b06f1fc-928a-4bd7-8b43-c9486726b044</uuid>
                        <uuid>f51a6e78-5944-4800-a30a-a920ead10403</uuid>
                        <uuid>dda75eee-02cf-46ea-83cb-94057e274e13</uuid>
                        <uuid>88bfd18e-2d4a-4a88-a1cf-61f8bb2dc56e</uuid>
                        <uuid>a6f72e71-8f45-49e6-a1cb-a6d06e19ca5b</uuid>
                    </uuids>
                </item>
                <item>
                    <type>taskReport</type>
                    <uuids/>
                </item>
                <item>
                    <type>webApi</type>
                    <uuids/>
                </item>
                <item>
                    <type>site</type>
                    <uuids>
                        <uuid>74202c14-165e-4471-aa2f-4f0d9959d75f</uuid>
                    </uuids>
                </item>
                <item>
                    <type>adminSetting</type>
                    <uuids/>
                </item>
                <item>
                    <type>thirdPartyCredentials</type>
                    <uuids/>
                </item>
                <item>
                    <type>dataSource</type>
                    <uuids/>
                </item>
                <item>
                    <type>embeddedSailTheme</type>
                    <uuids/>
                </item>
            </globalIdMap>
        </associatedObjects>
        <applicationNavigation/>
        <applicationActions/>
        <associatedApplications>
            <globalIdMap>
                <item>
                    <type>datatype</type>
                    <uuids/>
                </item>
                <item>
                    <type>dataStore</type>
                    <uuids/>
                </item>
                <item>
                    <type>user</type>
                    <uuids/>
                </item>
                <item>
                    <type>groupType</type>
                    <uuids/>
                </item>
                <item>
                    <type>group</type>
                    <uuids/>
                </item>
                <item>
                    <type>content</type>
                    <uuids/>
                </item>
                <item>
                    <type>forum</type>
                    <uuids/>
                </item>
                <item>
                    <type>processModelFolder</type>
                    <uuids/>
                </item>
                <item>
                    <type>processModel</type>
                    <uuids/>
                </item>
                <item>
                    <type>portlet</type>
                    <uuids/>
                </item>
                <item>
                    <type>page</type>
                    <uuids/>
                </item>
                <item>
                    <type>application</type>
                    <uuids/>
                </item>
                <item>
                    <type>tempoFeed</type>
                    <uuids/>
                </item>
                <item>
                    <type>recordType</type>
                    <uuids/>
                </item>
                <item>
                    <type>tempoReport</type>
                    <uuids/>
                </item>
                <item>
                    <type>taskReport</type>
                    <uuids/>
                </item>
                <item>
                    <type>webApi</type>
                    <uuids/>
                </item>
                <item>
                    <type>site</type>
                    <uuids/>
                </item>
                <item>
                    <type>adminSetting</type>
                    <uuids/>
                </item>
                <item>
                    <type>thirdPartyCredentials</type>
                    <uuids/>
                </item>
                <item>
                    <type>dataSource</type>
                    <uuids/>
                </item>
                <item>
                    <type>embeddedSailTheme</type>
                    <uuids/>
                </item>
            </globalIdMap>
        </associatedApplications>
    </application>
    <roleMap>
        <contentRoleMap public="true">
            <role inherit="false" allowForAll="false" name="readers">
                <users/>
                <groups>
                    <groupUuid>_e-0000de3b-6558-8000-341f-011e94011e94_21</groupUuid>
                </groups>
            </role>
            <role inherit="false" allowForAll="false" name="authors">
                <users/>
                <groups/>
            </role>
            <role inherit="false" allowForAll="false" name="administrators">
                <users>
                    <userUuid>U91229719</userUuid>
                    <userUuid>U47367147</userUuid>
                </users>
                <groups>
                    <groupUuid>_e-0000de3b-6558-8000-341f-011e94011e94_20</groupUuid>
                </groups>
            </role>
            <role inherit="false" allowForAll="false" name="denyReaders">
                <users/>
                <groups/>
            </role>
            <role inherit="false" allowForAll="false" name="denyAuthors">
                <users/>
                <groups/>
            </role>
            <role inherit="false" allowForAll="false" name="denyAdministrators">
                <users/>
                <groups/>
            </role>
        </contentRoleMap>
    </roleMap>
</applicationHaul>
