<?xml version="1.0" encoding="UTF-8" standalone="yes"?>
<applicationHaul xmlns:a="http://www.appian.com/ae/types/2009">
    <application>
        <name>User and Group Management Application</name>
        <uuid>_a-0000d9b4-015d-8000-9e06-010000010000_8376</uuid>
        <description>Application to facilitate user and group management in the Tempo environment.</description>
        <parentUuid>SYSTEM_APPLICATIONS_ROOT</parentUuid>
        <visibility>
            <advertise>false</advertise>
            <hierarchy>true</hierarchy>
            <indexable>true</indexable>
            <quota>false</quota>
            <searchable>true</searchable>
            <system>false</system>
            <unlogged>false</unlogged>
        </visibility>
        <urlIdentifier>group_management_tempo</urlIdentifier>
        <published>true</published>
        <public>false</public>
        <associatedObjects>
            <globalIdMap>
                <item>
                    <type>datatype</type>
                    <uuids>
                        <uuid>{urn:appian:plugin:groupprofile:types}GroupProfile</uuid>
                        <uuid>{urn:appian:plugin:groupprofile:types}GroupProfileDataSubset</uuid>
                        <uuid>{urn:com:appian:types:TRAINING}GMTA_auditHistory</uuid>
                    </uuids>
                </item>
                <item>
                    <type>dataStore</type>
                    <uuids>
                        <uuid>_a-0000d9bd-3832-8000-9e06-010000010000_8546</uuid>
                    </uuids>
                </item>
                <item>
                    <type>user</type>
                    <uuids/>
                </item>
                <item>
                    <type>groupType</type>
                    <uuids/>
                </item>
                <item>
                    <type>group</type>
                    <uuids>
                        <uuid>_e-0000d9bd-3833-8000-9e04-010000010000_112</uuid>
                        <uuid>_e-0000d9bd-3833-8000-9e04-010000010000_111</uuid>
                        <uuid>_e-0000d9eb-6a3f-8000-9e04-010000010000_32</uuid>
                    </uuids>
                </item>
                <item>
                    <type>content</type>
                    <uuids>
                        <uuid>1bb26bd1-934a-4f84-bcc4-33864ef00f26</uuid>
                        <uuid>_a-0000d9ca-8e04-8000-9e06-010000010000_8744</uuid>
                        <uuid>_a-0000d9bb-e792-8000-9e06-010000010000_8463</uuid>
                        <uuid>_a-0000d9ba-984a-8000-9e06-010000010000_8412</uuid>
                        <uuid>_a-0000d9b7-f1a7-8000-9e06-010000010000_8381</uuid>
                        <uuid>_a-0000d9ba-984a-8000-9e06-010000010000_8414</uuid>
                        <uuid>_a-0000d9b0-0753-8000-9e06-010000010000_8297</uuid>
                        <uuid>e1936315-0db6-4473-ad22-f4ef57c173ac</uuid>
                        <uuid>ba8a60c5-7e90-43ba-9d5b-beeddbb0e1a8</uuid>
                        <uuid>_a-0000d9c3-e1a8-8000-9e06-010000010000_8555</uuid>
                        <uuid>_a-0000d9b4-015d-8000-9e06-010000010000_8378</uuid>
                        <uuid>_a-0000d9bd-3832-8000-9e06-010000010000_8523</uuid>
                        <uuid>3f672a81-b6d2-49b6-9005-f9515d86675b</uuid>
                        <uuid>d66e61f7-348b-4693-b58d-7be8108494c6</uuid>
                        <uuid>72e72a15-0262-417b-927d-36752b07d311</uuid>
                        <uuid>_a-0000d9b0-0753-8000-9e06-010000010000_8296</uuid>
                        <uuid>e1d14403-276d-4d95-b686-c67560bc23b7</uuid>
                        <uuid>70aa1282-a1f1-404f-937e-77c35866e3cd</uuid>
                        <uuid>dafed2ad-3698-489f-b0d9-50e277014a14</uuid>
                        <uuid>b5b965d3-6503-490b-8151-e31f3eca3a7e</uuid>
                        <uuid>_a-0000d9a7-1a81-8000-9e06-010000010000_621</uuid>
                        <uuid>_a-0000d9a6-d0f0-8000-9e06-010000010000_606</uuid>
                        <uuid>_a-0000d9c6-7d38-8000-9e06-010000010000_8669</uuid>
                        <uuid>52df6e44-0b4a-4b0d-a5fc-b57be16e5dbc</uuid>
                        <uuid>_a-0000d9b0-0753-8000-9e06-010000010000_8320</uuid>
                        <uuid>_a-0000d9a7-1a81-8000-9e06-010000010000_610</uuid>
                        <uuid>_a-0000d9c6-7d38-8000-9e06-010000010000_8681</uuid>
                        <uuid>_a-0000d9c3-e1a8-8000-9e06-010000010000_8559</uuid>
                        <uuid>_a-0000d9c6-7d38-8000-9e06-010000010000_8686</uuid>
                        <uuid>_a-0000d9c3-e1a8-8000-9e06-010000010000_8556</uuid>
                        <uuid>_a-0000d9ca-8e04-8000-9e06-010000010000_8736</uuid>
                        <uuid>_a-0000d9bd-3832-8000-9e06-010000010000_8527</uuid>
                        <uuid>_a-0000d9b2-ab37-8000-9e06-010000010000_8356</uuid>
                        <uuid>_a-0000d9b2-ab37-8000-9e06-010000010000_8341</uuid>
                        <uuid>_a-0000d9c6-7d38-8000-9e06-010000010000_8683</uuid>
                        <uuid>_a-0000d9bd-3832-8000-9e06-010000010000_8528</uuid>
                        <uuid>_a-0000d9c6-7d38-8000-9e06-010000010000_8685</uuid>
                        <uuid>_a-0000d9a6-d0f0-8000-9e06-010000010000_605</uuid>
                        <uuid>_a-0000d9a6-d0f0-8000-9e06-010000010000_607</uuid>
                        <uuid>_a-0000d9cd-2aba-8000-9e06-010000010000_8773</uuid>
                        <uuid>_a-0000dba6-6369-8000-7918-010000010000_2256</uuid>
                        <uuid>_a-0000dba6-6369-8000-7918-010000010000_2262</uuid>
                        <uuid>_a-0000dba6-6369-8000-7918-010000010000_2335</uuid>
                        <uuid>_a-0000dba6-6369-8000-7918-010000010000_2346</uuid>
                        <uuid>_a-0000dba6-6369-8000-7918-010000010000_2348</uuid>
                        <uuid>_a-0000dba6-6369-8000-7918-010000010000_2350</uuid>
                        <uuid>_a-0000dba6-6369-8000-7918-010000010000_2360</uuid>
                        <uuid>_a-0000dba6-6369-8000-7918-010000010000_2387</uuid>
                        <uuid>_a-0000dba6-6369-8000-7918-010000010000_2400</uuid>
                        <uuid>_a-0000dba6-6369-8000-7918-010000010000_2417</uuid>
                        <uuid>_a-0000dba6-6369-8000-7918-010000010000_2418</uuid>
                        <uuid>_a-0000dba6-6369-8000-7918-010000010000_2445</uuid>
                        <uuid>_a-0000dba6-6369-8000-7918-010000010000_2515</uuid>
                        <uuid>_a-0000dba6-6369-8000-7918-010000010000_2517</uuid>
                        <uuid>_a-0000dba6-6369-8000-7918-010000010000_2527</uuid>
                        <uuid>_a-0000dba6-6369-8000-7918-010000010000_2528</uuid>
                        <uuid>_a-0000dba6-6369-8000-7918-010000010000_2537</uuid>
                        <uuid>_a-0000dc54-c626-8000-8b26-01ef9001ef90_3725</uuid>
                        <uuid>_a-0000dc66-4527-8000-0430-01ef9001ef90_2944</uuid>
                        <uuid>_a-0000dc66-4527-8000-0430-01ef9001ef90_2945</uuid>
                        <uuid>_a-0000dc66-4527-8000-0430-01ef9001ef90_2947</uuid>
                        <uuid>_a-0000dc66-4527-8000-0430-01ef9001ef90_2954</uuid>
                        <uuid>_a-0000dc66-4527-8000-0430-01ef9001ef90_2959</uuid>
                        <uuid>_a-0000de5f-9405-8000-9ba2-011c48011c48_179281</uuid>
                        <uuid>_a-0000de5f-9405-8000-9ba2-011c48011c48_179457</uuid>
                        <uuid>_a-0000de5f-9405-8000-9ba2-011c48011c48_179726</uuid>
                        <uuid>_a-0000de5f-9405-8000-9ba2-011c48011c48_184199</uuid>
                        <uuid>_a-0000def2-cb5b-8000-9ba2-011c48011c48_238245</uuid>
                        <uuid>_a-0000defe-bf54-8000-9ba2-011c48011c48_242721</uuid>
                    </uuids>
                </item>
                <item>
                    <type>forum</type>
                    <uuids/>
                </item>
                <item>
                    <type>processModelFolder</type>
                    <uuids>
                        <uuid>_g-0000d9a7-1a81-8000-9e06-010000010000_3</uuid>
                    </uuids>
                </item>
                <item>
                    <type>processModel</type>
                    <uuids>
                        <uuid>0007d9a7-2ccd-8000-9e06-010000010000</uuid>
                        <uuid>0007d9b9-64d9-8000-9e06-010000010000</uuid>
                        <uuid>0003d9bd-90fc-8000-9e06-010000010000</uuid>
                        <uuid>0003dbab-f865-8000-7919-010000010000</uuid>
                        <uuid>0002dbb3-a972-8000-7919-010000010000</uuid>
                        <uuid>0002dbc1-4c6c-8000-6ee0-010000010000</uuid>
                        <uuid>0002dbc1-53e4-8000-6ee0-010000010000</uuid>
                        <uuid>0008dc66-492b-8000-0430-014d98014d98</uuid>
                        <uuid>0002df06-0c4d-8000-f92f-7f0000014e7a</uuid>
                    </uuids>
                </item>
                <item>
                    <type>portlet</type>
                    <uuids/>
                </item>
                <item>
                    <type>page</type>
                    <uuids/>
                </item>
                <item>
                    <type>application</type>
                    <uuids/>
                </item>
                <item>
                    <type>tempoFeed</type>
                    <uuids/>
                </item>
                <item>
                    <type>recordType</type>
                    <uuids>
                        <uuid>3932f3d6-d492-478f-bd61-9b6e47f6c2a6</uuid>
                    </uuids>
                </item>
                <item>
                    <type>tempoReport</type>
                    <uuids>
                        <uuid>5f8920a8-1370-4724-8935-f6ac720a63ad</uuid>
                        <uuid>435b00cf-adc5-42b3-b026-44f401fe07dc</uuid>
                    </uuids>
                </item>
                <item>
                    <type>taskReport</type>
                    <uuids/>
                </item>
                <item>
                    <type>webApi</type>
                    <uuids/>
                </item>
                <item>
                    <type>site</type>
                    <uuids/>
                </item>
                <item>
                    <type>adminSetting</type>
                    <uuids/>
                </item>
                <item>
                    <type>thirdPartyCredentials</type>
                    <uuids/>
                </item>
                <item>
                    <type>dataSource</type>
                    <uuids/>
                </item>
                <item>
                    <type>embeddedSailTheme</type>
                    <uuids/>
                </item>
            </globalIdMap>
        </associatedObjects>
        <applicationNavigation/>
        <applicationActions/>
        <associatedApplications>
            <globalIdMap>
                <item>
                    <type>datatype</type>
                    <uuids/>
                </item>
                <item>
                    <type>dataStore</type>
                    <uuids/>
                </item>
                <item>
                    <type>user</type>
                    <uuids/>
                </item>
                <item>
                    <type>groupType</type>
                    <uuids/>
                </item>
                <item>
                    <type>group</type>
                    <uuids/>
                </item>
                <item>
                    <type>content</type>
                    <uuids/>
                </item>
                <item>
                    <type>forum</type>
                    <uuids/>
                </item>
                <item>
                    <type>processModelFolder</type>
                    <uuids/>
                </item>
                <item>
                    <type>processModel</type>
                    <uuids/>
                </item>
                <item>
                    <type>portlet</type>
                    <uuids/>
                </item>
                <item>
                    <type>page</type>
                    <uuids/>
                </item>
                <item>
                    <type>application</type>
                    <uuids/>
                </item>
                <item>
                    <type>tempoFeed</type>
                    <uuids/>
                </item>
                <item>
                    <type>recordType</type>
                    <uuids/>
                </item>
                <item>
                    <type>tempoReport</type>
                    <uuids/>
                </item>
                <item>
                    <type>taskReport</type>
                    <uuids/>
                </item>
                <item>
                    <type>webApi</type>
                    <uuids/>
                </item>
                <item>
                    <type>site</type>
                    <uuids/>
                </item>
                <item>
                    <type>adminSetting</type>
                    <uuids/>
                </item>
                <item>
                    <type>thirdPartyCredentials</type>
                    <uuids/>
                </item>
                <item>
                    <type>dataSource</type>
                    <uuids/>
                </item>
                <item>
                    <type>embeddedSailTheme</type>
                    <uuids/>
                </item>
            </globalIdMap>
        </associatedApplications>
    </application>
    <roleMap>
        <contentRoleMap public="true">
            <role inherit="false" allowForAll="false" name="readers">
                <users/>
                <groups>
                    <groupUuid>_e-0000d9bd-3833-8000-9e04-010000010000_111</groupUuid>
                </groups>
            </role>
            <role inherit="false" allowForAll="false" name="authors">
                <users/>
                <groups>
                    <groupUuid>_e-0000d9eb-6a3f-8000-9e04-010000010000_32</groupUuid>
                </groups>
            </role>
            <role inherit="false" allowForAll="false" name="administrators">
                <users/>
                <groups>
                    <groupUuid>_e-0000d9bd-3833-8000-9e04-010000010000_112</groupUuid>
                </groups>
            </role>
            <role inherit="false" allowForAll="false" name="denyReaders">
                <users/>
                <groups/>
            </role>
            <role inherit="false" allowForAll="false" name="denyAuthors">
                <users/>
                <groups/>
            </role>
            <role inherit="false" allowForAll="false" name="denyAdministrators">
                <users/>
                <groups/>
            </role>
        </contentRoleMap>
    </roleMap>
</applicationHaul>
