<?xml version="1.0" encoding="UTF-8" standalone="yes"?>
<tempoReportHaul xmlns:a="http://www.appian.com/ae/types/2009">
    <tempoReport a:uuid="88bfd18e-2d4a-4a88-a1cf-61f8bb2dc56e" name="Tab 1">
        <a:description>Will show a user's bookmarked report on this tab.</a:description>
        <a:uiExpr>=#"_a-0000de3a-f734-8000-3457-01ef9001ef90_6073"()</a:uiExpr>
        <a:urlStub>mgTvxg</a:urlStub>
    </tempoReport>
    <roleMap>
        <role name="report_administrator">
            <users/>
            <groups>
                <groupUuid>_e-0000de3b-6558-8000-341f-011e94011e94_20</groupUuid>
            </groups>
        </role>
        <role name="report_viewer">
            <users/>
            <groups>
                <groupUuid>_e-0000de3b-6558-8000-341f-011e94011e94_21</groupUuid>
            </groups>
        </role>
    </roleMap>
</tempoReportHaul>
