<?xml version="1.0" encoding="UTF-8" standalone="yes"?>
<tempoReportHaul xmlns:a="http://www.appian.com/ae/types/2009">
    <tempoReport a:uuid="a6f72e71-8f45-49e6-a1cb-a6d06e19ca5b" name="Tab 2">
        <a:description>Shows the second tab for a user if they have bookmarked 2 or more tabs.</a:description>
        <a:uiExpr>=#"_a-0000de3a-f734-8000-3457-01ef9001ef90_6075"()</a:uiExpr>
        <a:urlStub>NzibfA</a:urlStub>
    </tempoReport>
    <roleMap>
        <role name="report_administrator">
            <users/>
            <groups>
                <groupUuid>_e-0000de3b-6558-8000-341f-011e94011e94_20</groupUuid>
            </groups>
        </role>
        <role name="report_viewer">
            <users/>
            <groups>
                <groupUuid>_e-0000de3b-6558-8000-341f-011e94011e94_21</groupUuid>
            </groups>
        </role>
    </roleMap>
</tempoReportHaul>
