<?xml version="1.0" encoding="UTF-8" standalone="yes"?>
<tempoReportHaul xmlns:a="http://www.appian.com/ae/types/2009">
    <tempoReport a:uuid="dda75eee-02cf-46ea-83cb-94057e274e13" name="Tab 4">
        <a:description>Displays the report for the fourth tab if a user has bookmarked four tabs.</a:description>
        <a:uiExpr>=#"_a-0000de42-e0de-8000-3457-01ef9001ef90_6934"()</a:uiExpr>
        <a:urlStub>-aR5Og</a:urlStub>
    </tempoReport>
    <roleMap>
        <role name="report_administrator">
            <users/>
            <groups>
                <groupUuid>_e-0000de3b-6558-8000-341f-011e94011e94_20</groupUuid>
            </groups>
        </role>
        <role name="report_viewer">
            <users/>
            <groups>
                <groupUuid>_e-0000de3b-6558-8000-341f-011e94011e94_21</groupUuid>
            </groups>
        </role>
    </roleMap>
</tempoReportHaul>
