<?xml version="1.0" encoding="UTF-8" standalone="yes"?>
<contentHaul xmlns:a="http://www.appian.com/ae/types/2009">
    <rule>
        <name>GMTA_adminInfoDashboard</name>
        <uuid>3f672a81-b6d2-49b6-9005-f9515d86675b</uuid>
        <description>Dashboard that shows the admin member details</description>
        <parentUuid>_a-0000d9b0-0753-8000-9e06-010000010000_8320</parentUuid>
        <visibility>
            <advertise>false</advertise>
            <hierarchy>true</hierarchy>
            <indexable>true</indexable>
            <quota>false</quota>
            <searchable>true</searchable>
            <system>false</system>
            <unlogged>false</unlogged>
        </visibility>
        <definition>load(
  local!onlyDirect: false,
  local!pagingInfo: #"SYSTEM_SYSRULES_pagingInfo"(
    startIndex: 1,
    batchSize: 10,
    sort: #"SYSTEM_SYSRULES_sortInfo"(
      field: "name",
      ascending: true
    )
  ),
  #"SYSTEM_SYSRULES_dashboardLayout"(
    firstColumnContents: {
      #"SYSTEM_SYSRULES_sectionLayout"(
        label: "Administrators in Group",
        firstColumnContents: {
          #"SYSTEM_SYSRULES_radioButtonField"(
            label: "Show Direct Members Only?",
            choiceLabels: {
              "Yes",
              "No"
            },
            choiceValues: {
              true,
              false
            },
            value: local!onlyDirect,
            saveInto: {
              local!onlyDirect,
              a!save(
                local!pagingInfo.startIndex,
                1
              )
            }
          ),
          #"52df6e44-0b4a-4b0d-a5fc-b57be16e5dbc"(
            id: ri!id,
            gridLabel: "All Administrators",
            onlyDirect: local!onlyDirect,
            pagingInfo: local!pagingInfo
          )
        }
      )
    }
  )
)</definition>
        <namedTypedValue>
            <name>id</name>
            <type>
                <name>int</name>
                <namespace>http://www.w3.org/2001/XMLSchema</namespace>
            </type>
        </namedTypedValue>
        <metadataExpr></metadataExpr>
        <preferredEditor>interface</preferredEditor>
        <offlineEnabled>false</offlineEnabled>
    </rule>
    <roleMap public="true">
        <role inherit="true" allowForAll="false" name="readers">
            <users/>
            <groups/>
        </role>
        <role inherit="true" allowForAll="false" name="authors">
            <users/>
            <groups/>
        </role>
        <role inherit="true" allowForAll="false" name="administrators">
            <users/>
            <groups/>
        </role>
        <role inherit="false" allowForAll="false" name="denyReaders">
            <users/>
            <groups/>
        </role>
        <role inherit="false" allowForAll="false" name="denyAuthors">
            <users/>
            <groups/>
        </role>
        <role inherit="false" allowForAll="false" name="denyAdministrators">
            <users/>
            <groups/>
        </role>
    </roleMap>
</contentHaul>
