<?xml version="1.0" encoding="UTF-8" standalone="yes"?>
<contentHaul xmlns:a="http://www.appian.com/ae/types/2009">
    <rule>
        <name>GMTA_adminGrid</name>
        <uuid>52df6e44-0b4a-4b0d-a5fc-b57be16e5dbc</uuid>
        <description>Grid Field component that shows all the administrators in a particular group (takes input of group ID)</description>
        <parentUuid>_a-0000d9b0-0753-8000-9e06-010000010000_8320</parentUuid>
        <visibility>
            <advertise>false</advertise>
            <hierarchy>true</hierarchy>
            <indexable>true</indexable>
            <quota>false</quota>
            <searchable>true</searchable>
            <system>false</system>
            <unlogged>false</unlogged>
        </visibility>
        <definition>if(
  isnull(
    ri!id
  ),
  {},
  load(
    with(
      local!allMembers: if(
        ri!onlyDirect,
        {
          apply(
            #"_a-0000d9b2-ab37-8000-9e06-010000010000_8356",
            #"_a-0000d9ca-8e04-8000-9e06-010000010000_8736"(
              ri!id
            ),
            "Direct"
          ),
          apply(
            #"_a-0000d9b2-ab37-8000-9e06-010000010000_8341",
            getadminusersdirectpaging(
              ri!id,
              0,
              - 1
            ),
            "Direct"
          )
        },
        {
          apply(
            #"_a-0000d9b2-ab37-8000-9e06-010000010000_8356",
            getadmingroupspaging(
              ri!id,
              0,
              - 1
            ),
            ""
          ),
          apply(
            #"_a-0000d9b2-ab37-8000-9e06-010000010000_8341",
            getadminuserspaging(
              ri!id,
              0,
              - 1
            ),
            ""
          )
        }
      ),
      local!datasubset: todatasubset(
        local!allMembers,
        ri!pagingInfo
      ),
      #"SYSTEM_SYSRULES_gridField"(
        totalCount: local!datasubset.totalCount,
        columns: {
          #"SYSTEM_SYSRULES_gridTextColumn"(
            label: ri!gridLabel,
            /*field: "name",*/
            data: apply(
              #"_a-0000d9c3-e1a8-8000-9e06-010000010000_8556",
              index(
                local!datasubset.data,
                "name",
                {}
              )
            ),
            links: #"SYSTEM_SYSRULES_applyComponents"(
              function: #"_a-0000d9bd-3832-8000-9e06-010000010000_8527"(
                userOrGroupText: _
              ),
              array: index(
                local!datasubset.data,
                "original",
                {}
              )
            )
          ),
          #"SYSTEM_SYSRULES_gridTextColumn"(
            label: "Type",
            /*field: "type",*/
            data: index(
              local!datasubset.data,
              "type",
              {}
            )
          )
        },
        value: ri!pagingInfo,
        saveInto: ri!pagingInfo
      )
    )
  )
)</definition>
        <namedTypedValue>
            <name>id</name>
            <type>
                <name>int</name>
                <namespace>http://www.w3.org/2001/XMLSchema</namespace>
            </type>
        </namedTypedValue>
        <namedTypedValue>
            <name>onlyDirect</name>
            <type>
                <name>boolean</name>
                <namespace>http://www.w3.org/2001/XMLSchema</namespace>
            </type>
        </namedTypedValue>
        <namedTypedValue>
            <name>gridLabel</name>
            <type>
                <name>string</name>
                <namespace>http://www.w3.org/2001/XMLSchema</namespace>
            </type>
            <value/>
        </namedTypedValue>
        <namedTypedValue>
            <name>pagingInfo</name>
            <type>
                <name>PagingInfo</name>
                <namespace>http://www.appian.com/ae/types/2009</namespace>
            </type>
        </namedTypedValue>
        <metadataExpr></metadataExpr>
        <preferredEditor>interface</preferredEditor>
        <offlineEnabled>false</offlineEnabled>
    </rule>
    <roleMap public="true">
        <role inherit="true" allowForAll="false" name="readers">
            <users/>
            <groups/>
        </role>
        <role inherit="true" allowForAll="false" name="authors">
            <users/>
            <groups/>
        </role>
        <role inherit="true" allowForAll="false" name="administrators">
            <users/>
            <groups/>
        </role>
        <role inherit="false" allowForAll="false" name="denyReaders">
            <users/>
            <groups/>
        </role>
        <role inherit="false" allowForAll="false" name="denyAuthors">
            <users/>
            <groups/>
        </role>
        <role inherit="false" allowForAll="false" name="denyAdministrators">
            <users/>
            <groups/>
        </role>
    </roleMap>
</contentHaul>
