<?xml version="1.0" encoding="UTF-8" standalone="yes"?>
<contentHaul xmlns:a="http://www.appian.com/ae/types/2009">
    <rule>
        <name>GMTA_removeMemberGrid</name>
        <uuid>70aa1282-a1f1-404f-937e-77c35866e3cd</uuid>
        <description>Grid for removing members</description>
        <parentUuid>_a-0000d9a7-1a81-8000-9e06-010000010000_610</parentUuid>
        <visibility>
            <advertise>false</advertise>
            <hierarchy>true</hierarchy>
            <indexable>true</indexable>
            <quota>false</quota>
            <searchable>true</searchable>
            <system>false</system>
            <unlogged>false</unlogged>
        </visibility>
        <definition>if(
  isnull(
    ri!id
  ),
  {},
  load(
    local!selectedEmployeeIds,
    local!pagingInfo: #"SYSTEM_SYSRULES_pagingInfo"(
      startIndex: 1,
      batchSize: 10,
      sort: #"SYSTEM_SYSRULES_sortInfo"(
        field: "name",
        ascending: true
      )
    ),
    local!childGroups: getmembergroupsdirectpaging(
      ri!id,
      0,
      - 1
    ),
    local!directUsers: getmemberusersdirectpaging(
      ri!id,
      0,
      - 1
    ),
    local!directUsersDict: if(
      isnull(
        local!directUsers
      ),
      {},
      apply(
        #"_a-0000d9b2-ab37-8000-9e06-010000010000_8341",
        local!directUsers,
        "Direct"
      )
    ),
    local!childGroupsDict: if(
      isnull(
        local!childGroups
      ),
      {},
      apply(
        #"_a-0000d9b2-ab37-8000-9e06-010000010000_8356",
        local!childGroups,
        "Direct"
      )
    ),
    local!allMembers: {
      local!directUsersDict,
      local!childGroupsDict
    },
    local!gridSelection: #"SYSTEM_SYSRULES_gridSelection"(
      pagingInfo: local!pagingInfo
    ),
    with(
      local!datasubset: todatasubset(
        local!allMembers,
        local!gridSelection.pagingInfo
      ),
      #"SYSTEM_SYSRULES_gridField"(
        label: "Select User or Group to Remove as Member",
        instructions: "Please select the user(s) or group(s) you wish to remove as MEMBERS from the group specified above.",
        totalCount: local!datasubset.totalCount,
        selection: true,
        identifiers: index(
          local!datasubset.data,
          "original",
          {}
        ),
        columns: {
          #"SYSTEM_SYSRULES_gridTextColumn"(
            label: "Name",
            field: "name",
            data: apply(
              #"_a-0000d9c3-e1a8-8000-9e06-010000010000_8556",
              index(
                local!datasubset.data,
                "name",
                {}
              )
            ),
            links: #"SYSTEM_SYSRULES_applyComponents"(
              function: #"_a-0000d9bd-3832-8000-9e06-010000010000_8527"(
                userOrGroupText: _
              ),
              array: index(
                local!datasubset.data,
                "original",
                {}
              )
            )
          ),
          #"SYSTEM_SYSRULES_gridTextColumn"(
            label: "Type",
            field: "type",
            data: index(
              local!datasubset.data,
              "type",
              {}
            )
          )
        },
        value: local!gridSelection,
        saveInto: {
          local!gridSelection,
          a!save(
            ri!selection,
            index(
              save!value,
              "selected",
              null
            )
          )
        }
      )
    )
  )
)</definition>
        <namedTypedValue>
            <name>id</name>
            <type>
                <name>int</name>
                <namespace>http://www.w3.org/2001/XMLSchema</namespace>
            </type>
        </namedTypedValue>
        <namedTypedValue>
            <name>selection</name>
            <type>
                <name>Text?list</name>
                <namespace>http://www.appian.com/ae/types/2009</namespace>
            </type>
        </namedTypedValue>
        <metadataExpr></metadataExpr>
        <preferredEditor>interface</preferredEditor>
        <offlineEnabled>false</offlineEnabled>
    </rule>
    <roleMap public="true">
        <role inherit="true" allowForAll="false" name="readers">
            <users/>
            <groups/>
        </role>
        <role inherit="true" allowForAll="false" name="authors">
            <users/>
            <groups/>
        </role>
        <role inherit="true" allowForAll="false" name="administrators">
            <users/>
            <groups/>
        </role>
        <role inherit="false" allowForAll="false" name="denyReaders">
            <users/>
            <groups/>
        </role>
        <role inherit="false" allowForAll="false" name="denyAuthors">
            <users/>
            <groups/>
        </role>
        <role inherit="false" allowForAll="false" name="denyAdministrators">
            <users/>
            <groups/>
        </role>
    </roleMap>
</contentHaul>
