<?xml version="1.0" encoding="UTF-8" standalone="yes"?>
<contentHaul xmlns:a="http://www.appian.com/ae/types/2009">
    <rule>
        <name>GMTA_removeMembersForm</name>
        <uuid>72e72a15-0262-417b-927d-36752b07d311</uuid>
        <description>Form to remove members from a group</description>
        <parentUuid>_a-0000d9a7-1a81-8000-9e06-010000010000_610</parentUuid>
        <visibility>
            <advertise>false</advertise>
            <hierarchy>true</hierarchy>
            <indexable>true</indexable>
            <quota>false</quota>
            <searchable>true</searchable>
            <system>false</system>
            <unlogged>false</unlogged>
        </visibility>
        <definition>=#"SYSTEM_SYSRULES_formLayout"(
  label: "Remove Member(s) from " &amp; ri!groupName,
  instructions: "Please select the members you wish to remove from the group. Note: you cannot remove indirect or rule members.",
  firstColumnContents: {
    #"SYSTEM_SYSRULES_sectionLayout"(
      label: "Basic Members in Group",
      firstColumnContents: {
        #"70aa1282-a1f1-404f-937e-77c35866e3cd"(id: ri!groupId, selection: ri!memberSelection)
      }
    ),
    #"SYSTEM_SYSRULES_sectionLayout"(
      label: "Administrators in Group",
      firstColumnContents: {
        #"dafed2ad-3698-489f-b0d9-50e277014a14"(id: ri!groupId, selection: ri!adminSelection)
      }
    )
  },
  buttons: #"SYSTEM_SYSRULES_ButtonLayout"(
    primaryButtons: {
      #"SYSTEM_SYSRULES_ButtonWidgetSubmit"(
        label: "Remove Member(s)",
        style: "DESTRUCTIVE",
        confirmMessage: "Are you sure you want to remove the selected members?"
      )
    },
    secondaryButtons: {
      #"SYSTEM_SYSRULES_ButtonWidgetSubmit"(
        label: "Cancel",
        value: true,
        saveInto: ri!cancel,
        skipValidation: true
      )
    }
  )
)</definition>
        <namedTypedValue>
            <name>groupId</name>
            <type>
                <name>int</name>
                <namespace>http://www.w3.org/2001/XMLSchema</namespace>
            </type>
        </namedTypedValue>
        <namedTypedValue>
            <name>cancel</name>
            <type>
                <name>boolean</name>
                <namespace>http://www.w3.org/2001/XMLSchema</namespace>
            </type>
        </namedTypedValue>
        <namedTypedValue>
            <name>adminSelection</name>
            <type>
                <name>Text?list</name>
                <namespace>http://www.appian.com/ae/types/2009</namespace>
            </type>
        </namedTypedValue>
        <namedTypedValue>
            <name>memberSelection</name>
            <type>
                <name>Text?list</name>
                <namespace>http://www.appian.com/ae/types/2009</namespace>
            </type>
        </namedTypedValue>
        <namedTypedValue>
            <name>groupName</name>
            <type>
                <name>string</name>
                <namespace>http://www.w3.org/2001/XMLSchema</namespace>
            </type>
            <value/>
        </namedTypedValue>
        <preferredEditor>interface</preferredEditor>
        <offlineEnabled>false</offlineEnabled>
    </rule>
    <roleMap public="true">
        <role inherit="true" allowForAll="false" name="readers">
            <users/>
            <groups/>
        </role>
        <role inherit="true" allowForAll="false" name="authors">
            <users/>
            <groups/>
        </role>
        <role inherit="true" allowForAll="false" name="administrators">
            <users/>
            <groups/>
        </role>
        <role inherit="false" allowForAll="false" name="denyReaders">
            <users/>
            <groups/>
        </role>
        <role inherit="false" allowForAll="false" name="denyAuthors">
            <users/>
            <groups/>
        </role>
        <role inherit="false" allowForAll="false" name="denyAdministrators">
            <users/>
            <groups/>
        </role>
    </roleMap>
</contentHaul>
