<?xml version="1.0" encoding="UTF-8" standalone="yes"?>
<contentHaul xmlns:a="http://www.appian.com/ae/types/2009">
    <rule>
        <name>UGMTA_updateProfileForm</name>
        <uuid>_a-0000dba6-6369-8000-7918-010000010000_2400</uuid>
        <description>Form that allows for a system administrator to update a profile through a related action.</description>
        <parentUuid>_a-0000d9a7-1a81-8000-9e06-010000010000_610</parentUuid>
        <visibility>
            <advertise>false</advertise>
            <hierarchy>true</hierarchy>
            <indexable>true</indexable>
            <quota>false</quota>
            <searchable>true</searchable>
            <system>false</system>
            <unlogged>false</unlogged>
        </visibility>
        <definition>=#"SYSTEM_SYSRULES_formLayout"(
  label: "Update User",
  instructions: "",
  firstColumnContents: {
    #"SYSTEM_SYSRULES_sectionLayout"(
      label: "Profile",
      firstColumnContents: {
        #"SYSTEM_SYSRULES_textField"(
          label: "Username",
          labelPosition: "ADJACENT",
          value: ri!username,
          saveInto: ri!username,
          refreshAfter: "UNFOCUS",
          required: false,
          readonly: true,
          validations: {}
        ),
        #"SYSTEM_SYSRULES_textField"(
          label: "First Name",
          labelPosition: "ADJACENT",
          value: ri!firstName,
          saveInto: ri!firstName,
          refreshAfter: "UNFOCUS",
          required: true,
          validations: if(len(ri!firstName) &gt; 35, "First name must not exceed 35 characters", ""),
          validationgroup: "submit"
          ),
        #"SYSTEM_SYSRULES_textField"(
          label: "Middle Name",
          labelPosition: "ADJACENT",
          value: ri!middleName,
          saveInto: ri!middleName,
          refreshAfter: "UNFOCUS",
          validations: if(len(ri!middleName) &gt; 35, "Middle name must not exceed 35 characters", "")
        ),
        #"SYSTEM_SYSRULES_textField"(
          label: "Last Name",
          labelPosition: "ADJACENT",
          value: ri!lastName,
          saveInto: ri!lastName,
          refreshAfter: "UNFOCUS",
          required: true,
          validations: if(len(ri!lastName) &gt; 35, "Last name must not exceed 35 characters", ""),
          validationgroup: "submit"
        )
      },
      secondColumnContents: {
        
        #"SYSTEM_SYSRULES_pickerFieldUsers"(
          label: "Supervisor",
          labelPosition: "ADJACENT",
          maxselections: 1,
          value: ri!supervisor,
          saveInto: ri!supervisor,
          validations: {}
        )
        },
      iscollapsible: true
    ),
    #"SYSTEM_SYSRULES_sectionLayout"(
      label: "Security",
      firstColumnContents: {
        #"SYSTEM_SYSRULES_radioButtonField"(
          label: "User Type",
          labelPosition: "ADJACENT",
          instructions: "Changes will take effect when the user next logs in",
          choiceLabels: {"Basic User", "System Administrator"},
          choiceValues: {false, true},
          value: ri!isAdmin,
          saveInto: ri!isAdmin,
          required: true,
          choiceLayout: "COMPACT",
          validations: {},
          validationgroup: "submit"
        )
      },
      secondColumnContents: {},
      iscollapsible: true
    ),
    #"SYSTEM_SYSRULES_sectionLayout"(
      label: "Contact",
      firstColumnContents: {
        
        #"SYSTEM_SYSRULES_textField"(
          label: "Email",
          labelPosition: "ADJACENT",
          value: ri!email,
          saveInto: ri!email,
          refreshAfter: "UNFOCUS",
          required: true,
          validations: if(fn!validateemailaddress(ri!email), "", "Please enter a valid email address"),
          validationgroup: "submit"
          ),
        #"SYSTEM_SYSRULES_textField"(
          label: "Mobile Phone",
          labelPosition: "ADJACENT",
          value: ri!phoneMobile,
          saveInto: ri!phoneMobile,
          refreshAfter: "UNFOCUS",
          validations: {}
        )
      
        
      },
      secondColumnContents: {
        #"SYSTEM_SYSRULES_textField"(
          label: "Home Phone",
          labelPosition: "ADJACENT",
          value: ri!phoneHome,
          saveInto: ri!phoneHome,
          refreshAfter: "UNFOCUS",
          validations: {}
        ),
        #"SYSTEM_SYSRULES_textField"(
          label: "Office Phone",
          labelPosition: "ADJACENT",
          value: ri!phoneOffice,
          saveInto: ri!phoneOffice,
          refreshAfter: "UNFOCUS",
          validations: {}
        )
        
      },
      iscollapsible: true
    ),
    #"SYSTEM_SYSRULES_sectionLayout"(
      label: "Location",
      firstColumnContents: {
      
      #"SYSTEM_SYSRULES_textField"(
          label: "Address 1",
          labelPosition: "ADJACENT",
          value: ri!address1,
          saveInto: ri!address1,
          refreshAfter: "UNFOCUS",
          validations: {}
        ),
        #"SYSTEM_SYSRULES_textField"(
          label: "Address 2",
          labelPosition: "ADJACENT",
          value: ri!address2,
          saveInto: ri!address2,
          refreshAfter: "UNFOCUS",
          validations: {}
        ),
        #"SYSTEM_SYSRULES_textField"(
          label: "Address 3",
          labelPosition: "ADJACENT",
          value: ri!address3,
          saveInto: ri!address3,
          refreshAfter: "UNFOCUS",
          validations: {}
        )
      
      },
      secondColumnContents: {
           
        #"SYSTEM_SYSRULES_textField"(
          label: "City",
          labelPosition: "ADJACENT",
          value: ri!city,
          saveInto: ri!city,
          refreshAfter: "UNFOCUS",
          validations: {}
        ),
        #"SYSTEM_SYSRULES_textField"(
          label: "State",
          labelPosition: "ADJACENT",
          value: ri!state,
          saveInto: ri!state,
          refreshAfter: "UNFOCUS",
          validations: {}
        ),
        #"SYSTEM_SYSRULES_textField"(
          label: "Zip Code",
          labelPosition: "ADJACENT",
          value: ri!zipCode,
          saveInto: ri!zipCode,
          refreshAfter: "UNFOCUS",
          validations: {}
        ),
        #"SYSTEM_SYSRULES_textField"(
          label: "Country",
          labelPosition: "ADJACENT",
          value: ri!country,
          saveInto: ri!country,
          refreshAfter: "UNFOCUS",
          validations: {}
        )

      },
      iscollapsible: true
    )
  },
  
  secondColumnContents: {},
  buttons: #"SYSTEM_SYSRULES_ButtonLayout"(
    primaryButtons: {
      #"SYSTEM_SYSRULES_ButtonWidgetSubmit"(
        label: "Submit",
        style: "PRIMARY",
        confirmmessage: "",
        saveInto: {},
        validationgroup: "submit"
      )
    },
    secondaryButtons: {
      #"SYSTEM_SYSRULES_ButtonWidgetSubmit"(
        label: "Cancel",
        style: "NORMAL",
        value: true,
        saveInto: ri!cancel,
        skipValidation: true
      )
    }
  ),
  validations: {}
)</definition>
        <namedTypedValue>
            <name>cancel</name>
            <type>
                <name>boolean</name>
                <namespace>http://www.w3.org/2001/XMLSchema</namespace>
            </type>
        </namedTypedValue>
        <namedTypedValue>
            <name>lastName</name>
            <type>
                <name>string</name>
                <namespace>http://www.w3.org/2001/XMLSchema</namespace>
            </type>
            <value/>
        </namedTypedValue>
        <namedTypedValue>
            <name>middleName</name>
            <type>
                <name>string</name>
                <namespace>http://www.w3.org/2001/XMLSchema</namespace>
            </type>
            <value/>
        </namedTypedValue>
        <namedTypedValue>
            <name>username</name>
            <type>
                <name>string</name>
                <namespace>http://www.w3.org/2001/XMLSchema</namespace>
            </type>
            <value/>
        </namedTypedValue>
        <namedTypedValue>
            <name>supervisor</name>
            <type>
                <name>User</name>
                <namespace>http://www.appian.com/ae/types/2009</namespace>
            </type>
        </namedTypedValue>
        <namedTypedValue>
            <name>isAdmin</name>
            <type>
                <name>boolean</name>
                <namespace>http://www.w3.org/2001/XMLSchema</namespace>
            </type>
        </namedTypedValue>
        <namedTypedValue>
            <name>email</name>
            <type>
                <name>string</name>
                <namespace>http://www.w3.org/2001/XMLSchema</namespace>
            </type>
            <value/>
        </namedTypedValue>
        <namedTypedValue>
            <name>firstName</name>
            <type>
                <name>string</name>
                <namespace>http://www.w3.org/2001/XMLSchema</namespace>
            </type>
            <value/>
        </namedTypedValue>
        <namedTypedValue>
            <name>address1</name>
            <type>
                <name>string</name>
                <namespace>http://www.w3.org/2001/XMLSchema</namespace>
            </type>
            <value/>
        </namedTypedValue>
        <namedTypedValue>
            <name>address2</name>
            <type>
                <name>string</name>
                <namespace>http://www.w3.org/2001/XMLSchema</namespace>
            </type>
            <value/>
        </namedTypedValue>
        <namedTypedValue>
            <name>address3</name>
            <type>
                <name>string</name>
                <namespace>http://www.w3.org/2001/XMLSchema</namespace>
            </type>
            <value/>
        </namedTypedValue>
        <namedTypedValue>
            <name>city</name>
            <type>
                <name>string</name>
                <namespace>http://www.w3.org/2001/XMLSchema</namespace>
            </type>
            <value/>
        </namedTypedValue>
        <namedTypedValue>
            <name>state</name>
            <type>
                <name>string</name>
                <namespace>http://www.w3.org/2001/XMLSchema</namespace>
            </type>
            <value/>
        </namedTypedValue>
        <namedTypedValue>
            <name>zipCode</name>
            <type>
                <name>string</name>
                <namespace>http://www.w3.org/2001/XMLSchema</namespace>
            </type>
            <value/>
        </namedTypedValue>
        <namedTypedValue>
            <name>country</name>
            <type>
                <name>string</name>
                <namespace>http://www.w3.org/2001/XMLSchema</namespace>
            </type>
            <value/>
        </namedTypedValue>
        <namedTypedValue>
            <name>phoneHome</name>
            <type>
                <name>string</name>
                <namespace>http://www.w3.org/2001/XMLSchema</namespace>
            </type>
            <value/>
        </namedTypedValue>
        <namedTypedValue>
            <name>phoneMobile</name>
            <type>
                <name>string</name>
                <namespace>http://www.w3.org/2001/XMLSchema</namespace>
            </type>
            <value/>
        </namedTypedValue>
        <namedTypedValue>
            <name>phoneOffice</name>
            <type>
                <name>string</name>
                <namespace>http://www.w3.org/2001/XMLSchema</namespace>
            </type>
            <value/>
        </namedTypedValue>
        <preferredEditor>interface</preferredEditor>
        <offlineEnabled>false</offlineEnabled>
    </rule>
    <roleMap public="true">
        <role inherit="true" allowForAll="false" name="readers">
            <users/>
            <groups/>
        </role>
        <role inherit="true" allowForAll="false" name="authors">
            <users/>
            <groups/>
        </role>
        <role inherit="true" allowForAll="false" name="administrators">
            <users/>
            <groups/>
        </role>
        <role inherit="false" allowForAll="false" name="denyReaders">
            <users/>
            <groups/>
        </role>
        <role inherit="false" allowForAll="false" name="denyAuthors">
            <users/>
            <groups/>
        </role>
        <role inherit="false" allowForAll="false" name="denyAdministrators">
            <users/>
            <groups/>
        </role>
    </roleMap>
</contentHaul>
