<?xml version="1.0" encoding="UTF-8" standalone="yes"?>
<contentHaul xmlns:a="http://www.appian.com/ae/types/2009">
    <rule>
        <name>UGMTA_addUserForm</name>
        <uuid>_a-0000dba6-6369-8000-7918-010000010000_2346</uuid>
        <description>A layout to add users to the User and Group Mgmt App.</description>
        <parentUuid>_a-0000d9a7-1a81-8000-9e06-010000010000_610</parentUuid>
        <visibility>
            <advertise>false</advertise>
            <hierarchy>true</hierarchy>
            <indexable>true</indexable>
            <quota>false</quota>
            <searchable>true</searchable>
            <system>false</system>
            <unlogged>false</unlogged>
        </visibility>
        <definition>=#"SYSTEM_SYSRULES_formLayout"(
  label: "Create User",
  instructions: "",
  firstColumnContents: {
    #"SYSTEM_SYSRULES_sectionLayout"(
      label: "Profile",
      firstColumnContents: {
        #"SYSTEM_SYSRULES_textField"(
          label: "Username",
          labelPosition: "ADJACENT",
          value: ri!username,
          saveInto: ri!username,
          refreshAfter: "UNFOCUS",
          required: true,
          validations: if(IsUsernameTaken(ri!username), "This username is not available",            
          if( len(ri!username) &gt; 255, "Username must not exceed 255 characters",            
          if (#"_a-0000dba6-6369-8000-7918-010000010000_2350"(ri!username), "", "This username contains an invalid character") )  ),
          validationgroup: "submit"
        ),
        #"SYSTEM_SYSRULES_textField"(
          label: "First Name",
          labelPosition: "ADJACENT",
          value: ri!firstName,
          saveInto: ri!firstName,
          refreshAfter: "UNFOCUS",
          required: true,
          validations: if(len(ri!firstName) &gt; 35, "First name must not exceed 35 characters", ""),
          validationgroup: "submit"
          ),
        #"SYSTEM_SYSRULES_textField"(
          label: "Middle Name",
          labelPosition: "ADJACENT",
          value: ri!middleName,
          saveInto: ri!middleName,
          refreshAfter: "UNFOCUS",
          validations: if(len(ri!middleName) &gt; 35, "Middle name must not exceed 35 characters", "")
        ),
        #"SYSTEM_SYSRULES_textField"(
          label: "Last Name",
          labelPosition: "ADJACENT",
          value: ri!lastName,
          saveInto: ri!lastName,
          refreshAfter: "UNFOCUS",
          required: true,
          validations: if(len(ri!lastName) &gt; 35, "Last name must not exceed 35 characters", ""),
          validationgroup: "submit"
        )
      },
      secondColumnContents: {
        #"SYSTEM_SYSRULES_pickerFieldUsers"(
          label: "Supervisor",
          labelPosition: "ADJACENT",
          maxselections: 1,
          value: ri!supervisor,
          saveInto: ri!supervisor,
          validations: {}
        ),
        #"SYSTEM_SYSRULES_textField"(
          label: "Nickname",
          labelPosition: "ADJACENT",
          value: ri!nickName,
          saveInto: ri!nickName,
          refreshAfter: "UNFOCUS",
          validations: if(len(ri!nickName) &gt; 35, "Nickname must not exceed 35 characters",           
          if (#"_a-0000dba6-6369-8000-7918-010000010000_2350"(ri!nickName),"", "This nickname contains an invalid character"))
        ),
        #"SYSTEM_SYSRULES_textField"(
          label: "Email",
          labelPosition: "ADJACENT",
          value: ri!email,
          saveInto: ri!email,
          refreshAfter: "UNFOCUS",
          required: true,
          validations: if(fn!validateemailaddress(ri!email), "", "Please enter a valid email address"),
          validationgroup: "submit")
      }
    ),
    #"SYSTEM_SYSRULES_sectionLayout"(
      label: "Security",
      firstColumnContents: {
        #"SYSTEM_SYSRULES_radioButtonField"(
          label: "User Type",
          labelPosition: "ADJACENT",
          choiceLabels: {"Basic User", "System Administrator"},
          choiceValues: {false, true},
          value: ri!isAdmin,
          saveInto: ri!isAdmin,
          required: true,
          choiceLayout: "COMPACT",
          validations: {},
          validationgroup: "submit"
        )
      },
      secondColumnContents: {}
    )
  },
  secondColumnContents: {},
  buttons: #"SYSTEM_SYSRULES_ButtonLayout"(
    primaryButtons: {
      #"SYSTEM_SYSRULES_ButtonWidgetSubmit"(
        label: "Submit",
        style: "PRIMARY",
        saveInto: {},
        validationgroup: "submit"
      )
    },
    secondaryButtons: {
      #"SYSTEM_SYSRULES_ButtonWidgetSubmit"(
        label: "Cancel",
        style: "NORMAL",
        value: true,
        saveInto: ri!cancel,
        skipValidation: true
      )
    }
  ),
  validations: {}
)</definition>
        <namedTypedValue>
            <name>cancel</name>
            <type>
                <name>boolean</name>
                <namespace>http://www.w3.org/2001/XMLSchema</namespace>
            </type>
        </namedTypedValue>
        <namedTypedValue>
            <name>isAdmin</name>
            <type>
                <name>boolean</name>
                <namespace>http://www.w3.org/2001/XMLSchema</namespace>
            </type>
        </namedTypedValue>
        <namedTypedValue>
            <name>username</name>
            <type>
                <name>string</name>
                <namespace>http://www.w3.org/2001/XMLSchema</namespace>
            </type>
            <value/>
        </namedTypedValue>
        <namedTypedValue>
            <name>firstName</name>
            <type>
                <name>string</name>
                <namespace>http://www.w3.org/2001/XMLSchema</namespace>
            </type>
            <value/>
        </namedTypedValue>
        <namedTypedValue>
            <name>middleName</name>
            <type>
                <name>string</name>
                <namespace>http://www.w3.org/2001/XMLSchema</namespace>
            </type>
            <value/>
        </namedTypedValue>
        <namedTypedValue>
            <name>lastName</name>
            <type>
                <name>string</name>
                <namespace>http://www.w3.org/2001/XMLSchema</namespace>
            </type>
            <value/>
        </namedTypedValue>
        <namedTypedValue>
            <name>nickName</name>
            <type>
                <name>string</name>
                <namespace>http://www.w3.org/2001/XMLSchema</namespace>
            </type>
            <value/>
        </namedTypedValue>
        <namedTypedValue>
            <name>email</name>
            <type>
                <name>string</name>
                <namespace>http://www.w3.org/2001/XMLSchema</namespace>
            </type>
            <value/>
        </namedTypedValue>
        <namedTypedValue>
            <name>supervisor</name>
            <type>
                <name>User</name>
                <namespace>http://www.appian.com/ae/types/2009</namespace>
            </type>
        </namedTypedValue>
        <preferredEditor>interface</preferredEditor>
        <offlineEnabled>false</offlineEnabled>
    </rule>
    <roleMap public="true">
        <role inherit="true" allowForAll="false" name="readers">
            <users/>
            <groups/>
        </role>
        <role inherit="true" allowForAll="false" name="authors">
            <users/>
            <groups/>
        </role>
        <role inherit="true" allowForAll="false" name="administrators">
            <users/>
            <groups/>
        </role>
        <role inherit="false" allowForAll="false" name="denyReaders">
            <users/>
            <groups/>
        </role>
        <role inherit="false" allowForAll="false" name="denyAuthors">
            <users/>
            <groups/>
        </role>
        <role inherit="false" allowForAll="false" name="denyAdministrators">
            <users/>
            <groups/>
        </role>
    </roleMap>
</contentHaul>
