<?xml version="1.0" encoding="UTF-8" standalone="yes"?>
<contentHaul xmlns:a="http://www.appian.com/ae/types/2009">
    <rule>
        <name>GMTA_recordSource</name>
        <uuid>_a-0000d9b0-0753-8000-9e06-010000010000_8296</uuid>
        <description>Function to create data for the service backed record</description>
        <parentUuid>_a-0000d9a6-d0f0-8000-9e06-010000010000_606</parentUuid>
        <visibility>
            <advertise>false</advertise>
            <hierarchy>true</hierarchy>
            <indexable>true</indexable>
            <quota>false</quota>
            <searchable>true</searchable>
            <system>false</system>
            <unlogged>false</unlogged>
        </visibility>
        <definition>= with(&#xD;
  local!queryInformation: #"_a-0000de5f-9405-8000-9ba2-011c48011c48_179281"(&#xD;
    ri!query&#xD;
  ),&#xD;
  local!groupId: displayvalue(&#xD;
    "rp!id",&#xD;
    index(&#xD;
      local!queryInformation.filters,&#xD;
      "field",&#xD;
      {}&#xD;
    ),&#xD;
    index(&#xD;
      local!queryInformation.filters,&#xD;
      "value",&#xD;
      {}&#xD;
    ),&#xD;
    null&#xD;
  ),&#xD;
  local!searchText: if(#"_a-0000d62a-67b3-8000-da6f-010000010000_950"(index(local!queryInformation, "searchText", {})), {}, index(local!queryInformation, "searchText", {})),&#xD;
  local!queryCondition: index(ri!query, "logicalExpression|filter|search", null),&#xD;
  local!requestedId: if(&#xD;
    and(index(local!queryCondition, "field", null)="rp!id", index(local!queryCondition, "operator", null)="="),&#xD;
    index(local!queryCondition, "value", null),&#xD;
    null&#xD;
  ),&#xD;
  &#xD;
  local!adminGroupIds: tointeger(getgroupsforadminuser(loggedInUser())),&#xD;
  local!adminGroupNames: apply(group(groupId:_, property:"groupName"), local!adminGroupIds),&#xD;
  local!nameIndices: if(#"_a-0000d62a-67b3-8000-da6f-010000010000_950"(local!searchText), {}, where(search(local!searchText, {local!adminGroupNames}, 1) &gt; 0, 0)),&#xD;
  local!filteredGroupIds: index(local!adminGroupIds, local!nameIndices, {}),&#xD;
  local!adminGroupProfiles: apply(getgroupprofile(_), if(#"_a-0000d62a-67b3-8000-da6f-010000010000_950"(local!filteredGroupIds), local!adminGroupIds, local!filteredGroupIds)),&#xD;
  local!adminGroupProfilesDataSubset: todatasubset(local!adminGroupProfiles, ri!query.pagingInfo),&#xD;
  &#xD;
  if(isnull(local!groupId),&#xD;
    if(isusersystemadministrator(loggedInUser()),&#xD;
      groupprofilerecordtypesource(ri!query),&#xD;
      #"_a-0000de5f-9405-8000-9ba2-011c48011c48_179457"(data:index(local!adminGroupProfilesDataSubset, "data", {}), pagingInfo: ri!query.pagingInfo)&#xD;
    ),&#xD;
  if(or(isusersystemadministrator(loggedInUser()),&#xD;
    contains(getadminuserspaging(local!groupId, 0, -1), loggedInUser())&#xD;
  ),&#xD;
  todatasubset(getgroupprofile(tointeger(local!groupId)), ri!query.pagingInfo), &#xD;
  todatasubset({}, ri!query.pagingInfo)&#xD;
  )&#xD;
 )&#xD;
)</definition>
        <namedTypedValue>
            <name>query</name>
            <type>
                <name>Variant</name>
                <namespace>http://www.appian.com/ae/types/2009</namespace>
            </type>
        </namedTypedValue>
        <preferredEditor>legacy</preferredEditor>
        <offlineEnabled>false</offlineEnabled>
    </rule>
    <roleMap public="true">
        <role inherit="true" allowForAll="false" name="readers">
            <users/>
            <groups/>
        </role>
        <role inherit="true" allowForAll="false" name="authors">
            <users/>
            <groups/>
        </role>
        <role inherit="true" allowForAll="false" name="administrators">
            <users/>
            <groups/>
        </role>
        <role inherit="false" allowForAll="false" name="denyReaders">
            <users/>
            <groups/>
        </role>
        <role inherit="false" allowForAll="false" name="denyAuthors">
            <users/>
            <groups/>
        </role>
        <role inherit="false" allowForAll="false" name="denyAdministrators">
            <users/>
            <groups/>
        </role>
    </roleMap>
</contentHaul>
