<?xml version="1.0" encoding="UTF-8" standalone="yes"?>
<contentHaul xmlns:a="http://www.appian.com/ae/types/2009">
    <rule>
        <name>UGMTA_groupMembershipDashboard</name>
        <uuid>_a-0000dba6-6369-8000-7918-010000010000_2256</uuid>
        <description>Dashboard that displays a user's group membership information for the User and Group Management Tempo Application</description>
        <parentUuid>_a-0000d9b0-0753-8000-9e06-010000010000_8320</parentUuid>
        <visibility>
            <advertise>false</advertise>
            <hierarchy>true</hierarchy>
            <indexable>true</indexable>
            <quota>false</quota>
            <searchable>true</searchable>
            <system>false</system>
            <unlogged>false</unlogged>
        </visibility>
        <definition>=load( 
local!allMembers: {
      apply(#"_a-0000d9b2-ab37-8000-9e06-010000010000_8356", #"_a-0000dba6-6369-8000-7918-010000010000_2335"(ri!username), "")
    },
local!onlyAdmin: false,
#"SYSTEM_SYSRULES_dashboardLayout"(
  firstColumnContents: {
    #"SYSTEM_SYSRULES_sectionLayout"(
      label: "Group Memberships",
      firstColumnContents: {
        
        #"SYSTEM_SYSRULES_radioButtonField"(
  label: "Show Admin Groups Only?",
          instructions: "Can toggle between all groups that a given user is an administrator of or member of. Note: System Administrators will appear as admins of all groups they are members of.",
  choiceLabels: {"Yes", "No"},
  choiceValues: {true, false},
  value: local!onlyAdmin,
  saveInto: local!onlyAdmin,
          choicelayout: "STACKED"
),
#"_a-0000dba6-6369-8000-7918-010000010000_2262"(username: ri!username, onlyAdmin: local!onlyAdmin )
      },
      secondColumnContents: {}
    )

  },
  secondColumnContents: {}
)
)</definition>
        <namedTypedValue>
            <name>username</name>
            <type>
                <name>string</name>
                <namespace>http://www.w3.org/2001/XMLSchema</namespace>
            </type>
            <value/>
        </namedTypedValue>
        <preferredEditor>interface</preferredEditor>
        <offlineEnabled>false</offlineEnabled>
    </rule>
    <roleMap public="true">
        <role inherit="false" allowForAll="true" name="readers">
            <users/>
            <groups>
                <groupUuid>_e-0000d9bd-3833-8000-9e04-010000010000_111</groupUuid>
            </groups>
        </role>
        <role inherit="false" allowForAll="false" name="authors">
            <users/>
            <groups>
                <groupUuid>_e-0000d9eb-6a3f-8000-9e04-010000010000_32</groupUuid>
            </groups>
        </role>
        <role inherit="false" allowForAll="false" name="administrators">
            <users/>
            <groups>
                <groupUuid>_e-0000d9bd-3833-8000-9e04-010000010000_112</groupUuid>
            </groups>
        </role>
        <role inherit="false" allowForAll="false" name="denyReaders">
            <users/>
            <groups/>
        </role>
        <role inherit="false" allowForAll="false" name="denyAuthors">
            <users/>
            <groups/>
        </role>
        <role inherit="false" allowForAll="false" name="denyAdministrators">
            <users/>
            <groups/>
        </role>
    </roleMap>
</contentHaul>
