<?xml version="1.0" encoding="UTF-8" standalone="yes"?>
<contentHaul xmlns:a="http://www.appian.com/ae/types/2009">
    <rule>
        <name>GMTA_constructGroupProfileDataSubset</name>
        <uuid>_a-0000de5f-9405-8000-9ba2-011c48011c48_179457</uuid>
        <description>Type constructor for GroupProfileDataSubset</description>
        <parentUuid>_a-0000d9a6-d0f0-8000-9e06-010000010000_606</parentUuid>
        <visibility>
            <advertise>false</advertise>
            <hierarchy>true</hierarchy>
            <indexable>true</indexable>
            <quota>false</quota>
            <searchable>true</searchable>
            <system>false</system>
            <unlogged>false</unlogged>
        </visibility>
        <definition>cast(&#xD;
  typeof(&#xD;
      'type!{urn:appian:plugin:groupprofile:types}GroupProfileDataSubset'(&#xD;
      )&#xD;
  ),&#xD;
   {&#xD;
     startIndex: ri!pagingInfo.startIndex,&#xD;
     batchSize: ri!pagingInfo.batchSize,&#xD;
     sort: ri!pagingInfo.sort,&#xD;
     totalCount: count(ri!data.id),&#xD;
     data: ri!data,&#xD;
     identifiers: ri!data.id&#xD;
  }&#xD;
)</definition>
        <namedTypedValue>
            <name>data</name>
            <type>
                <name>GroupProfile?list</name>
                <namespace>urn:appian:plugin:groupprofile:types</namespace>
            </type>
        </namedTypedValue>
        <namedTypedValue>
            <name>pagingInfo</name>
            <type>
                <name>PagingInfo</name>
                <namespace>http://www.appian.com/ae/types/2009</namespace>
            </type>
        </namedTypedValue>
        <preferredEditor>legacy</preferredEditor>
        <offlineEnabled>false</offlineEnabled>
    </rule>
    <roleMap public="true">
        <role inherit="true" allowForAll="false" name="readers">
            <users/>
            <groups/>
        </role>
        <role inherit="true" allowForAll="false" name="authors">
            <users/>
            <groups/>
        </role>
        <role inherit="true" allowForAll="false" name="administrators">
            <users/>
            <groups/>
        </role>
        <role inherit="false" allowForAll="false" name="denyReaders">
            <users/>
            <groups/>
        </role>
        <role inherit="false" allowForAll="false" name="denyAuthors">
            <users/>
            <groups/>
        </role>
        <role inherit="false" allowForAll="false" name="denyAdministrators">
            <users/>
            <groups/>
        </role>
    </roleMap>
</contentHaul>
