<?xml version="1.0" encoding="UTF-8" standalone="yes"?>
<contentHaul xmlns:a="http://www.appian.com/ae/types/2009">
    <rule>
        <name>GMTA_recordFacet_modifiedWithin</name>
        <uuid>_a-0000d9b7-f1a7-8000-9e06-010000010000_8381</uuid>
        <description>Record facet that shows all records modified within a certain timeframe. This facet is not exclusive; groups that appear within the "Last Hour" will also appear in Last 6 Hours, Today, etc. This limitation is due to the unavailability of a BETWEEN operator in GroupSearch.</description>
        <parentUuid>_a-0000d9a6-d0f0-8000-9e06-010000010000_606</parentUuid>
        <visibility>
            <advertise>false</advertise>
            <hierarchy>true</hierarchy>
            <indexable>true</indexable>
            <quota>false</quota>
            <searchable>true</searchable>
            <system>false</system>
            <unlogged>false</unlogged>
        </visibility>
        <definition>= #"SYSTEM_SYSRULES_facet"(
  name: "Modified Within",
  options: {
    #"SYSTEM_SYSRULES_facetOption"(
      id: 120,
      name: "Last Hour",
      filter: #"SYSTEM_SYSRULES_queryFilter"(
        field: "lastModified",
        operator: "&gt;",
        value: now() - 1 / 24
      )
    ),
    #"SYSTEM_SYSRULES_facetOption"(
      id: 121,
      name: "Last 6 Hours",
      filter: #"SYSTEM_SYSRULES_queryFilter"(
        field: "lastModified",
        operator: "&gt;",
        value: now() - 1 / 4
      )
    ),
    #"SYSTEM_SYSRULES_facetOption"(
      id: 122,
      name: "Today",
      filter: #"SYSTEM_SYSRULES_queryFilter"(
        field: "lastModified",
        operator: "&gt;",
        value: now() - 1
      )
    ),
    #"SYSTEM_SYSRULES_facetOption"(
      id: 123,
      name: "Last Week",
      filter: #"SYSTEM_SYSRULES_queryFilter"(
        field: "lastModified",
        operator: "&gt;",
        value: now() - 7
      )
    ),
    #"SYSTEM_SYSRULES_facetOption"(
      id: 124,
      name: "Last Month",
      filter: #"SYSTEM_SYSRULES_queryFilter"(
        field: "lastModified",
        operator: "&gt;",
        value: now() - 30
      )
    ),
    #"SYSTEM_SYSRULES_facetOption"(
      id: 125,
      name: "Last 6 Months",
      filter: #"SYSTEM_SYSRULES_queryFilter"(
        field: "lastModified",
        operator: "&gt;",
        value: now() - 180
      )
    ),
    #"SYSTEM_SYSRULES_facetOption"(
      id: 126,
      name: "Last Year",
      filter: #"SYSTEM_SYSRULES_queryFilter"(
        field: "lastModified",
        operator: "&gt;",
        value: now() - 365
      )
    )	
  }
)</definition>
        <preferredEditor>legacy</preferredEditor>
        <offlineEnabled>false</offlineEnabled>
    </rule>
    <roleMap public="true">
        <role inherit="true" allowForAll="false" name="readers">
            <users/>
            <groups/>
        </role>
        <role inherit="true" allowForAll="false" name="authors">
            <users/>
            <groups/>
        </role>
        <role inherit="true" allowForAll="false" name="administrators">
            <users/>
            <groups/>
        </role>
        <role inherit="false" allowForAll="false" name="denyReaders">
            <users/>
            <groups/>
        </role>
        <role inherit="false" allowForAll="false" name="denyAuthors">
            <users/>
            <groups/>
        </role>
        <role inherit="false" allowForAll="false" name="denyAdministrators">
            <users/>
            <groups/>
        </role>
    </roleMap>
</contentHaul>
