<?xml version="1.0" encoding="UTF-8" standalone="yes"?>
<contentHaul xmlns:a="http://www.appian.com/ae/types/2009">
    <rule>
        <name>GMTA_recordFacet_groupType</name>
        <uuid>_a-0000d9b4-015d-8000-9e06-010000010000_8378</uuid>
        <description>Group Type facet for the Group record in the Groups Management Tempo Application</description>
        <parentUuid>_a-0000d9a6-d0f0-8000-9e06-010000010000_606</parentUuid>
        <visibility>
            <advertise>false</advertise>
            <hierarchy>true</hierarchy>
            <indexable>true</indexable>
            <quota>false</quota>
            <searchable>true</searchable>
            <system>false</system>
            <unlogged>false</unlogged>
        </visibility>
        <definition>= #"SYSTEM_SYSRULES_facet"(
  name: "Group Type",
  options: {
    #"SYSTEM_SYSRULES_facetOption"(
      id: 180,
      name: "Custom",
      filter: #"SYSTEM_SYSRULES_queryFilter"(
        field: "groupType",
        operator: "=",
        value: "Custom"
      )
    ),
    #"SYSTEM_SYSRULES_facetOption"(
      id: 181,
      name: "Department",
      filter: #"SYSTEM_SYSRULES_queryFilter"(
        field: "groupType",
        operator: "=",
        value: "Department"
      )
    ),
    #"SYSTEM_SYSRULES_facetOption"(
      id: 182,
      name: "Team",
      filter: #"SYSTEM_SYSRULES_queryFilter"(
        field: "groupType",
        operator: "=",
        value: "Team"
      )
    )
  }
)</definition>
        <preferredEditor>legacy</preferredEditor>
        <offlineEnabled>false</offlineEnabled>
    </rule>
    <roleMap public="true">
        <role inherit="true" allowForAll="false" name="readers">
            <users/>
            <groups/>
        </role>
        <role inherit="true" allowForAll="false" name="authors">
            <users/>
            <groups/>
        </role>
        <role inherit="true" allowForAll="false" name="administrators">
            <users/>
            <groups/>
        </role>
        <role inherit="false" allowForAll="false" name="denyReaders">
            <users/>
            <groups/>
        </role>
        <role inherit="false" allowForAll="false" name="denyAuthors">
            <users/>
            <groups/>
        </role>
        <role inherit="false" allowForAll="false" name="denyAdministrators">
            <users/>
            <groups/>
        </role>
    </roleMap>
</contentHaul>
