<?xml version="1.0" encoding="UTF-8" standalone="yes"?>
<contentHaul xmlns:a="http://www.appian.com/ae/types/2009">
    <rule>
        <name>GMTA_getUserOrGroupLink</name>
        <uuid>_a-0000d9bd-3832-8000-9e06-010000010000_8527</uuid>
        <description>Returns a recordLink if the input is a group, otherwise returns a userRecordLink</description>
        <parentUuid>_a-0000d9a6-d0f0-8000-9e06-010000010000_606</parentUuid>
        <visibility>
            <advertise>false</advertise>
            <hierarchy>true</hierarchy>
            <indexable>true</indexable>
            <quota>false</quota>
            <searchable>true</searchable>
            <system>false</system>
            <unlogged>false</unlogged>
        </visibility>
        <definition>=if(isnull(ri!userOrGroupText), {}, if(#"_a-0000d9c6-7d38-8000-9e06-010000010000_8669"(ri!userOrGroupText), 
#"SYSTEM_SYSRULES_recordLink"( recordType: #"_a-0000d9bd-3832-8000-9e06-010000010000_8528", identifier: tointeger(togroup(ri!userOrGroupText)))  ,
#"SYSTEM_SYSRULES_userRecordLink"( user: touser(ri!userOrGroupText))  )
)</definition>
        <namedTypedValue>
            <name>userOrGroupText</name>
            <type>
                <name>string</name>
                <namespace>http://www.w3.org/2001/XMLSchema</namespace>
            </type>
            <value/>
        </namedTypedValue>
        <preferredEditor>interface</preferredEditor>
        <offlineEnabled>false</offlineEnabled>
    </rule>
    <roleMap public="true">
        <role inherit="true" allowForAll="false" name="readers">
            <users/>
            <groups/>
        </role>
        <role inherit="true" allowForAll="false" name="authors">
            <users/>
            <groups/>
        </role>
        <role inherit="true" allowForAll="false" name="administrators">
            <users/>
            <groups/>
        </role>
        <role inherit="false" allowForAll="false" name="denyReaders">
            <users/>
            <groups/>
        </role>
        <role inherit="false" allowForAll="false" name="denyAuthors">
            <users/>
            <groups/>
        </role>
        <role inherit="false" allowForAll="false" name="denyAdministrators">
            <users/>
            <groups/>
        </role>
    </roleMap>
</contentHaul>
