<?xml version="1.0" encoding="UTF-8" standalone="yes"?>
<contentHaul xmlns:a="http://www.appian.com/ae/types/2009">
    <rule>
        <name>UGMTA_manageGroupMembership</name>
        <uuid>_a-0000dc54-c626-8000-8b26-01ef9001ef90_3725</uuid>
        <description>Generic membership management form using the user and group browsers</description>
        <parentUuid>_a-0000d9a7-1a81-8000-9e06-010000010000_610</parentUuid>
        <visibility>
            <advertise>false</advertise>
            <hierarchy>true</hierarchy>
            <indexable>true</indexable>
            <quota>false</quota>
            <searchable>true</searchable>
            <system>false</system>
            <unlogged>false</unlogged>
        </visibility>
        <definition>load(&#xD;
  local!selectionValue,&#xD;
  with(&#xD;
    local!noSelection: isnull(local!selectionValue),&#xD;
    local!isGroupSelected: #"_a-0000dc66-4527-8000-0430-01ef9001ef90_2947"(local!selectionValue),&#xD;
    local!isUserSelected: #"_a-0000dc66-4527-8000-0430-01ef9001ef90_2954"(local!selectionValue),&#xD;
    local!actionTaken: not(isnull(ri!btnAction)),&#xD;
    #"SYSTEM_SYSRULES_formLayout"(&#xD;
      label: "Manage Membership of " &amp; group(ri!initialGroup, "groupName"),&#xD;
      firstColumnContents: {&#xD;
        #"SYSTEM_SYSRULES_sectionLayout"(&#xD;
          firstColumnContents: {&#xD;
            #"SYSTEM_SYSRULES_ButtonLayout"(&#xD;
              secondaryButtons: {&#xD;
                &#xD;
                #"SYSTEM_SYSRULES_ButtonWidget"(&#xD;
                  label: "Add Members",&#xD;
                  disabled: local!actionTaken,&#xD;
                  value: "ADD",&#xD;
                  saveInto: {&#xD;
                    ri!btnAction,&#xD;
                  &#xD;
                    /*&#xD;
                      saves the end of the path or the intial group if path &#xD;
                      is empty to ri!addToGroup&#xD;
                    */&#xD;
                    a!save(&#xD;
                      ri!addToGroup,&#xD;
                      if(&#xD;
                        isnull(ri!navigationPath),&#xD;
                        ri!initialGroup,&#xD;
                        if(&#xD;
                          length(ri!navigationPath) = 0,&#xD;
                          ri!initialGroup,&#xD;
                          togroup(ri!navigationPath[length(ri!navigationPath)])&#xD;
                        )&#xD;
                      )&#xD;
                    )&#xD;
                  }&#xD;
                ),&#xD;
                &#xD;
                #"SYSTEM_SYSRULES_ButtonWidgetSubmit"(&#xD;
                  label: "Remove Member",&#xD;
                  value: "REMOVE",&#xD;
                  saveInto: {&#xD;
                    ri!btnAction,&#xD;
                    a!save(ri!userOrGroupToRemove, local!selectionValue),&#xD;
                    &#xD;
                    /*&#xD;
                      Since a user needs to be removed from a group, the button&#xD;
                      needs to determine what group the user should be removed from.&#xD;
                      This logic says, if the user is in the first column, the group&#xD;
                      to remove from is the initial group; otherwise, the group is&#xD;
                      the second-to-last value in the navigation path.&#xD;
                    */&#xD;
                    a!save(&#xD;
                      ri!removeFromGroup, &#xD;
                      if(&#xD;
                        length(ri!navigationPath) = 1,&#xD;
                        ri!initialGroup,&#xD;
                        ri!navigationPath[length(ri!navigationPath) - 1]&#xD;
                      )&#xD;
                    ),&#xD;
                    &#xD;
                    /*&#xD;
                      Since the navigation path will be passed into process then back&#xD;
                      to this interface, we need to make sure it does not include the&#xD;
                      user that we are removing. If we don't drop the user, the interface&#xD;
                      will throw an error.&#xD;
                    */&#xD;
                    a!save(ri!navigationPath, rdrop(ri!navigationPath, 1))&#xD;
                  },&#xD;
                  disabled: or(&#xD;
                    local!actionTaken,&#xD;
                    #"_a-0000d62a-67b3-8000-da6f-010000010000_950"(local!selectionValue)&#xD;
                  )&#xD;
                ),&#xD;
                &#xD;
                /*a!buttonWidget(*/&#xD;
                /*  label: "Move Member",*/&#xD;
                /*  style: "NORMAL",*/&#xD;
                /*  value: "MOVE",*/&#xD;
                /*  saveInto: {*/&#xD;
                /*    ri!btnAction,*/&#xD;
                /*    a!save(ri!userOrGroupToMove, local!selectionValue),*/&#xD;
                /*    a!save(local!selectionValue, null),*/&#xD;
                    /*&#xD;
                      Since a user needs to be removed from a group, the button&#xD;
                      needs to determine what group the user should be removed from.&#xD;
                      This logic says, if the user is in the first column, the group&#xD;
                      to remove from is the initial group; otherwise, the group is&#xD;
                      the second-to-last value in the navigation path.&#xD;
                    */&#xD;
                /*    a!save(*/&#xD;
                /*      ri!moveFromGroup, */&#xD;
                /*      if(*/&#xD;
                /*        length(ri!navigationPath) = 1,*/&#xD;
                /*        ri!initialGroup,*/&#xD;
                /*        ri!navigationPath[length(ri!navigationPath) - 1]*/&#xD;
                /*      )*/&#xD;
                /*    )*/&#xD;
                /*  },*/&#xD;
                /*  disabled: local!actionTaken*/&#xD;
                /*)*/&#xD;
                &#xD;
              }&#xD;
            ),&#xD;
            if(&#xD;
              ri!btnAction = "MOVE",&#xD;
              &#xD;
              /*&#xD;
                After selecting a member to move, the interface needs to allow the &#xD;
                user to select a group to move the member to. To limit what can&#xD;
                be selected to a group and not a user, we switch the component&#xD;
                to a group browser&#xD;
              */&#xD;
              #"SYSTEM_SYSRULES_groupBrowserFieldColumns"(&#xD;
                labelPosition: "COLLAPSED", &#xD;
                rootGroup: ri!initialGroup,&#xD;
                pathValue: ri!navigationPath,&#xD;
                pathSaveInto: ri!navigationPath,&#xD;
                selectionValue: ri!moveToGroup,&#xD;
                selectionSaveInto: {&#xD;
                  ri!moveToGroup,&#xD;
                  local!selectionValue&#xD;
                }&#xD;
              ),&#xD;
              &#xD;
              /*&#xD;
                Unless the user is in the process of adding or moving members,&#xD;
                the user has the option to select a user to move or remove.&#xD;
              */&#xD;
              #"SYSTEM_SYSRULES_userAndGroupBrowserFieldColumns"(&#xD;
                labelPosition: "COLLAPSED",&#xD;
                rootGroup: ri!initialGroup,&#xD;
                pathValue: ri!navigationPath,&#xD;
                pathSaveInto: ri!navigationPath,&#xD;
                selectionValue: local!selectionValue,&#xD;
                selectionSaveInto: local!selectionValue,&#xD;
                readOnly: or(&#xD;
                  ri!btnAction = "ADD",&#xD;
                  ri!btnAction = "REMOVE"&#xD;
                )&#xD;
              )&#xD;
            )&#xD;
          }&#xD;
        ),&#xD;
        #"SYSTEM_SYSRULES_sectionLayout"(&#xD;
          firstColumnContents: {&#xD;
            /*&#xD;
              Navigation cannot be cleared without configuration, so the adding&#xD;
              this link lets the user add members to the root.&#xD;
            */&#xD;
            if(&#xD;
              local!actionTaken,&#xD;
              #"SYSTEM_SYSRULES_richTextDisplayField"(&#xD;
                labelPosition: "COLLAPSED",&#xD;
                readOnly: true&#xD;
              ),&#xD;
              #"SYSTEM_SYSRULES_linkField"(&#xD;
                labelPosition: "COLLAPSED",&#xD;
                links: {&#xD;
                  #"SYSTEM_SYSRULES_dynamicLink"(&#xD;
                    label: "+ Add Users to " &amp; group(ri!initialGroup, "groupName"),&#xD;
                    value: "ADD",&#xD;
                    saveInto: {&#xD;
                      ri!btnAction,&#xD;
                      a!save(ri!addToGroup, ri!initialGroup)&#xD;
                    }&#xD;
                  )&#xD;
                }&#xD;
              )&#xD;
            )&#xD;
          },&#xD;
          secondColumnContents: {&#xD;
            if(&#xD;
              local!isGroupSelected,&#xD;
              #"SYSTEM_SYSRULES_richTextDisplayField"(&#xD;
                labelPosition: "COLLAPSED",&#xD;
                align: "RIGHT",&#xD;
                value: {&#xD;
                  #"SYSTEM_SYSRULES_richTextItem"(&#xD;
                    text: {&#xD;
                      "Go to ",&#xD;
                      #"_a-0000dc66-4527-8000-0430-01ef9001ef90_2959"(userOrGroup: local!selectionValue),&#xD;
                      " ",&#xD;
                      #"SYSTEM_SYSRULES_richTextItem"(&#xD;
                        text: char(8599),&#xD;
                        style: "STRONG"&#xD;
                      )&#xD;
                    },&#xD;
                    link: #"_a-0000d9bd-3832-8000-9e06-010000010000_8527"(local!selectionValue)&#xD;
                  )&#xD;
                }&#xD;
              ),&#xD;
              {}&#xD;
            )&#xD;
          }&#xD;
        ),&#xD;
        if(&#xD;
          ri!btnAction = "ADD",&#xD;
          #"SYSTEM_SYSRULES_sectionLayout"(&#xD;
            label: "Add Users and Groups",&#xD;
            firstColumnContents: {&#xD;
              #"SYSTEM_SYSRULES_richTextDisplayField"(&#xD;
                labelPosition: "COLLAPSED",&#xD;
                value: {&#xD;
                  "Add members to ",&#xD;
                  #"SYSTEM_SYSRULES_richTextItem"(&#xD;
                    text: group(ri!addToGroup, "groupName"),&#xD;
                    style: "STRONG",&#xD;
                    link: #"_a-0000dc66-4527-8000-0430-01ef9001ef90_2944"(ri!addToGroup)&#xD;
                  )&#xD;
                }&#xD;
              ),&#xD;
              #"SYSTEM_SYSRULES_pickerFieldUsersAndGroups"(&#xD;
                labelPosition: "COLLAPSED",&#xD;
                value: ri!usersAndGroupsToAdd,&#xD;
                saveInto: ri!usersAndGroupsToAdd,&#xD;
                validations: if(&#xD;
                  isNull(ri!usersAndGroupsToAdd), &#xD;
                  "",&#xD;
                  if(&#xD;
                    length(ri!usersAndGroupsToAdd) = 0,&#xD;
                    "",&#xD;
                    /* Need to figure out how to prevent circular membership error */&#xD;
                    ""&#xD;
                  )&#xD;
                ),&#xD;
                required: true&#xD;
              )&#xD;
            }&#xD;
          ),&#xD;
          if(&#xD;
            ri!btnAction = "MOVE",&#xD;
            with(&#xD;
              local!movingGroup: #"_a-0000dc66-4527-8000-0430-01ef9001ef90_2947"(ri!userOrGroupToMove),&#xD;
              #"SYSTEM_SYSRULES_sectionLayout"(&#xD;
                label: "Move " &amp; if(local!movingGroup, "Group", "User"),&#xD;
                firstColumnContents: {&#xD;
                  #"SYSTEM_SYSRULES_richTextDisplayField"(&#xD;
                    labelPosition: "COLLAPSED",&#xD;
                    value: {&#xD;
                      "Move ",&#xD;
                      if(&#xD;
                        local!movingGroup,&#xD;
                        {&#xD;
                          "group ",&#xD;
                          #"SYSTEM_SYSRULES_richTextItem"(&#xD;
                            text: #"_a-0000dc66-4527-8000-0430-01ef9001ef90_2959"(userOrGroup: ri!userOrGroupToMove),&#xD;
                            style: "STRONG"&#xD;
                          )&#xD;
                        },&#xD;
                        {&#xD;
                          "user ",&#xD;
                          #"SYSTEM_SYSRULES_richTextItem"(&#xD;
                            text: #"_a-0000dc66-4527-8000-0430-01ef9001ef90_2959"(userOrGroup: ri!userOrGroupToMove),&#xD;
                            style: "STRONG"&#xD;
                          )&#xD;
                        }&#xD;
                      ),&#xD;
                      " from ",&#xD;
                      #"SYSTEM_SYSRULES_richTextItem"(&#xD;
                        text: group(ri!moveFromGroup, "groupName"),&#xD;
                        style: "STRONG"&#xD;
                      ),&#xD;
                      " to"&#xD;
                    },&#xD;
                    readOnly: true&#xD;
                  ),&#xD;
                  #"SYSTEM_SYSRULES_pickerFieldGroups"(&#xD;
                    labelPosition: "COLLAPSED",&#xD;
                    maxSelections: 1,&#xD;
                    value: ri!moveToGroup,&#xD;
                    saveInto: ri!moveToGroup,&#xD;
                    required: true&#xD;
                  )&#xD;
                }&#xD;
              )&#xD;
            ),&#xD;
            {}&#xD;
          )&#xD;
        ),&#xD;
        if(&#xD;
          local!actionTaken,&#xD;
          #"SYSTEM_SYSRULES_ButtonLayout"(&#xD;
            primaryButtons: {&#xD;
              if(&#xD;
                ri!btnAction = "ADD",&#xD;
                #"SYSTEM_SYSRULES_ButtonWidgetSubmit"(&#xD;
                  label: "Add Users",&#xD;
                  style: "PRIMARY"&#xD;
                ),&#xD;
                #"SYSTEM_SYSRULES_ButtonWidgetSubmit"(&#xD;
                  label: "Move User",&#xD;
                  disabled: ri!moveFromGroup = ri!moveToGroup,&#xD;
                  style: "PRIMARY"&#xD;
                )&#xD;
              )&#xD;
            },&#xD;
            secondaryButtons: {&#xD;
              &#xD;
              /*&#xD;
                Allows the user to cancel the selected action. If the designer &#xD;
                cancels out of the action, we need to clear all the &#xD;
                selection variables&#xD;
              */&#xD;
              if(&#xD;
                local!actionTaken,&#xD;
                #"SYSTEM_SYSRULES_ButtonWidget"(&#xD;
                  label: "Cancel",&#xD;
                  style: "NORMAL",&#xD;
                  value: "",&#xD;
                  saveInto: {&#xD;
                    ri!btnAction,&#xD;
                    ri!userOrGroupToRemove,&#xD;
                    ri!userOrGroupToMove,&#xD;
                    ri!addToGroup,&#xD;
                    ri!removeFromGroup,&#xD;
                    ri!moveFromGroup,&#xD;
                    ri!moveToGroup,&#xD;
                    ri!usersAndGroupsToAdd,&#xD;
                    local!selectionValue&#xD;
                  }&#xD;
                ),&#xD;
                {}&#xD;
              )&#xD;
            }&#xD;
          ),&#xD;
          {}&#xD;
        )&#xD;
      },&#xD;
      buttons: #"SYSTEM_SYSRULES_ButtonLayout"(&#xD;
        primaryButtons: {&#xD;
          #"SYSTEM_SYSRULES_ButtonWidgetSubmit"(&#xD;
            label: "Close",&#xD;
            value: "CLOSE",&#xD;
            saveInto: ri!btnAction,&#xD;
            skipValidation: true&#xD;
          )&#xD;
        }&#xD;
      )&#xD;
    )&#xD;
  )&#xD;
)</definition>
        <namedTypedValue>
            <name>moveFromGroup</name>
            <type>
                <name>Group</name>
                <namespace>http://www.appian.com/ae/types/2009</namespace>
            </type>
        </namedTypedValue>
        <namedTypedValue>
            <name>moveToGroup</name>
            <type>
                <name>Group</name>
                <namespace>http://www.appian.com/ae/types/2009</namespace>
            </type>
        </namedTypedValue>
        <namedTypedValue>
            <name>btnAction</name>
            <type>
                <name>string</name>
                <namespace>http://www.w3.org/2001/XMLSchema</namespace>
            </type>
            <value/>
        </namedTypedValue>
        <namedTypedValue>
            <name>navigationPath</name>
            <type>
                <name>UserOrGroup?list</name>
                <namespace>http://www.appian.com/ae/types/2009</namespace>
            </type>
        </namedTypedValue>
        <namedTypedValue>
            <name>addToGroup</name>
            <type>
                <name>Group</name>
                <namespace>http://www.appian.com/ae/types/2009</namespace>
            </type>
        </namedTypedValue>
        <namedTypedValue>
            <name>removeFromGroup</name>
            <type>
                <name>Group</name>
                <namespace>http://www.appian.com/ae/types/2009</namespace>
            </type>
        </namedTypedValue>
        <namedTypedValue>
            <name>initialGroup</name>
            <type>
                <name>Group</name>
                <namespace>http://www.appian.com/ae/types/2009</namespace>
            </type>
        </namedTypedValue>
        <namedTypedValue>
            <name>usersAndGroupsToAdd</name>
            <type>
                <name>UserOrGroup?list</name>
                <namespace>http://www.appian.com/ae/types/2009</namespace>
            </type>
        </namedTypedValue>
        <namedTypedValue>
            <name>targetUserOrGroup</name>
            <type>
                <name>UserOrGroup</name>
                <namespace>http://www.appian.com/ae/types/2009</namespace>
            </type>
        </namedTypedValue>
        <namedTypedValue>
            <name>userOrGroupToRemove</name>
            <type>
                <name>UserOrGroup</name>
                <namespace>http://www.appian.com/ae/types/2009</namespace>
            </type>
        </namedTypedValue>
        <namedTypedValue>
            <name>userOrGroupToMove</name>
            <type>
                <name>UserOrGroup</name>
                <namespace>http://www.appian.com/ae/types/2009</namespace>
            </type>
        </namedTypedValue>
        <metadataExpr></metadataExpr>
        <preferredEditor>interface</preferredEditor>
        <offlineEnabled>false</offlineEnabled>
    </rule>
    <roleMap public="true">
        <role inherit="true" allowForAll="false" name="readers">
            <users/>
            <groups/>
        </role>
        <role inherit="true" allowForAll="false" name="authors">
            <users/>
            <groups/>
        </role>
        <role inherit="true" allowForAll="false" name="administrators">
            <users>
                <userUuid>Administrator</userUuid>
            </users>
            <groups/>
        </role>
        <role inherit="false" allowForAll="false" name="denyReaders">
            <users/>
            <groups/>
        </role>
        <role inherit="false" allowForAll="false" name="denyAuthors">
            <users/>
            <groups/>
        </role>
        <role inherit="false" allowForAll="false" name="denyAdministrators">
            <users/>
            <groups/>
        </role>
    </roleMap>
</contentHaul>
