<?xml version="1.0" encoding="UTF-8" standalone="yes"?>
<contentHaul xmlns:a="http://www.appian.com/ae/types/2009">
    <rule>
        <name>UGMTA_userAuditHistoryGrid</name>
        <uuid>_a-0000dba6-6369-8000-7918-010000010000_2528</uuid>
        <description>Grid of user reactivation and deactivation audit history.</description>
        <parentUuid>_a-0000d9b0-0753-8000-9e06-010000010000_8320</parentUuid>
        <visibility>
            <advertise>false</advertise>
            <hierarchy>true</hierarchy>
            <indexable>true</indexable>
            <quota>false</quota>
            <searchable>true</searchable>
            <system>false</system>
            <unlogged>false</unlogged>
        </visibility>
        <definition>if(isnull(ri!id), {},
load(
   local!pagingInfo: #"SYSTEM_SYSRULES_pagingInfo"(startIndex: 1, batchSize: 10, sort: #"SYSTEM_SYSRULES_sortInfo"(field: "datetime", ascending: false)),

   local!selectedMember,
   local!selectedUser,
    local!selectedUser2,
   local!selectedInitiator,
    local!userLabels: #"_a-0000dba6-6369-8000-7918-010000010000_2537"(),
  local!userS: #"_a-0000dba6-6369-8000-7918-010000010000_2537"(),
   with(
      local!datasubset: #"SYSTEM_SYSRULES_queryEntity"(
        entity: #"_a-0000d9c3-e1a8-8000-9e06-010000010000_8559",
        query: #"SYSTEM_SYSRULES_query"(
          selection: #"SYSTEM_SYSRULES_querySelection"(columns: {
            #"SYSTEM_SYSRULES_queryColumn"(field: "datetime"),
            #"SYSTEM_SYSRULES_queryColumn"(field: "member"),
            #"SYSTEM_SYSRULES_queryColumn"(field: "memberType"),
            #"SYSTEM_SYSRULES_queryColumn"(field: "action"),
            #"SYSTEM_SYSRULES_queryColumn"(field: "initiator"),
            #"SYSTEM_SYSRULES_queryColumn"(field: "groupId")
          }),
          logicalExpression: if(and(isnull(local!selectedMember), isnull(local!selectedInitiator)), 
            #"SYSTEM_SYSRULES_queryLogicalExpression"(
              operator: "AND",
              filters: {
                #"SYSTEM_SYSRULES_queryFilter"(
                  field: "groupId",
                  operator: "=",
                  value: ri!id
                )
              }
              ), 
            if(and(isnull(local!selectedMember), isnull(local!selectedInitiator)), "",
              #"SYSTEM_SYSRULES_queryLogicalExpression"(
              operator: "AND",
                filters: { 
                  #"SYSTEM_SYSRULES_queryFilter"(
                  field: "groupId",
                  operator: "=",
                  value: ri!id
                ),
                  if(isnull(local!selectedMember), "", 
                    #"SYSTEM_SYSRULES_queryFilter"(
                      field: "member",
                      operator: "=",
                      value: local!selectedMember
                  )),
                  if(isnull(local!selectedInitiator), "",
                    #"SYSTEM_SYSRULES_queryFilter"(
                      field: "initiator",
                      operator: "=",
                      value: local!selectedInitiator
                    )
                  )
                  
                }
              )
            )
             
          ),
          pagingInfo: local!pagingInfo
        )
      ),
      {
      if(ri!fromDashboard, {}, {

        #"SYSTEM_SYSRULES_pickerFieldCustom"(
          label: "Filter by User",
          labelPosition: "ADJACENT",
          maxselections: 1,
          suggestFunction: #"_a-0000dba6-6369-8000-7918-010000010000_2515"(filter:_, labels: local!userLabels, identifiers: local!userS),
          selectedLabels: if( isnull(local!selectedMember), null, 
          #"_a-0000dba6-6369-8000-7918-010000010000_2517"(identifier: local!selectedUser2, labels: local!userLabels, identifiers: local!userS)
          ),
          value: local!selectedUser2,
          saveInto: { local!selectedUser2,
              a!save(local!selectedMember, tostring(local!selectedUser2)),
              a!save(local!pagingInfo.startIndex, 1)
            },
          validations: {}
        ),
        
          /*a!pickerFieldUsers(*/
          /*  label: "Filter by Member",*/
          /*  labelPosition: "ADJACENT",*/
          /*  maxSelections: 1,*/
          /*  value: local!selectedUser2,*/
          /*  saveInto: { local!selectedUser2,*/
          /*    a!save(local!selectedMember, tostring(local!selectedUser2)),*/
          /*    a!save(local!pagingInfo.startIndex, 1)*/
          /*  }*/
          /*),*/
          #"SYSTEM_SYSRULES_pickerFieldUsers"(
            label: "Filter by Initiator",
            labelPosition: "ADJACENT",
            maxSelections: 1,
            value: local!selectedUser,
            saveInto: { local!selectedUser,
              a!save(local!selectedInitiator, tostring(local!selectedUser)),
              a!save(local!pagingInfo.startIndex, 1)
            }
          )
        }
      ),
      #"SYSTEM_SYSRULES_gridField"(
        totalCount: local!datasubset.totalCount,
        columns: {
          #"SYSTEM_SYSRULES_gridTextColumn"(
            label: "Date",
            field: "datetime",
            data: 
            /*local( */
            datetime(
            apply(fn!useryear, index(local!datasubset.data, "datetime", {})),
            apply(fn!usermonth, index(local!datasubset.data, "datetime", {})) ,
            apply(fn!userday , index(local!datasubset.data, "datetime", {})) ,
            apply(fn!hour , index(local!datasubset.data, "datetime", {})) ,
            apply(fn!minute , index(local!datasubset.data, "datetime", {})) ,
            apply(fn!second , index(local!datasubset.data, "datetime", {}))
            )
            /*,*/
            /*usertimezone(index(local!datasubset.data, "initiator", {}))*/
            /*)*/
          ), 
          #"SYSTEM_SYSRULES_gridTextColumn"(
            label: "Initiator",
            field: "initiator",
            data: apply(if(isnull(_), {}, #"_a-0000d9a7-1a81-8000-9e06-010000010000_621"(_)), index(local!datasubset.data, "initiator", {})),
            links:  #"SYSTEM_SYSRULES_applyComponents"(
              function: #"SYSTEM_SYSRULES_userRecordLink"(user: _),
              array: index(local!datasubset.data, "initiator", {})
            )         
          ),  

          #"SYSTEM_SYSRULES_gridTextColumn"(
            label: "Action",
            field: "action",
            data: index(local!datasubset.data, "action", {})
          ),
          
          #"SYSTEM_SYSRULES_gridTextColumn"(
            label: "User",
            field: "member",
            data: apply(#"_a-0000d9c3-e1a8-8000-9e06-010000010000_8556"(_), index(local!datasubset.data, "member", {})),
            links: #"SYSTEM_SYSRULES_applyComponents"(
              function: #"_a-0000d9bd-3832-8000-9e06-010000010000_8527"(userOrGroupText: _),
              array: index(local!datasubset.data, "member", {})
            )            
          )
        },
        value: local!pagingInfo,
        saveInto: local!pagingInfo
      )
      }
    )
  )

)</definition>
        <namedTypedValue>
            <name>id</name>
            <type>
                <name>int</name>
                <namespace>http://www.w3.org/2001/XMLSchema</namespace>
            </type>
        </namedTypedValue>
        <namedTypedValue>
            <name>fromDashboard</name>
            <type>
                <name>string</name>
                <namespace>http://www.w3.org/2001/XMLSchema</namespace>
            </type>
            <value/>
        </namedTypedValue>
        <preferredEditor>interface</preferredEditor>
        <offlineEnabled>false</offlineEnabled>
    </rule>
    <roleMap public="true">
        <role inherit="true" allowForAll="false" name="readers">
            <users/>
            <groups/>
        </role>
        <role inherit="true" allowForAll="false" name="authors">
            <users/>
            <groups/>
        </role>
        <role inherit="true" allowForAll="false" name="administrators">
            <users/>
            <groups/>
        </role>
        <role inherit="false" allowForAll="false" name="denyReaders">
            <users/>
            <groups/>
        </role>
        <role inherit="false" allowForAll="false" name="denyAuthors">
            <users/>
            <groups/>
        </role>
        <role inherit="false" allowForAll="false" name="denyAdministrators">
            <users/>
            <groups/>
        </role>
    </roleMap>
</contentHaul>
