<?xml version="1.0" encoding="UTF-8" standalone="yes"?>
<contentHaul xmlns:a="http://www.appian.com/ae/types/2009">
    <rule>
        <name>UGMTA_getUserOrGroupDisplayName</name>
        <uuid>_a-0000dc66-4527-8000-0430-01ef9001ef90_2959</uuid>
        <description>Gets group name or first &amp; last name</description>
        <parentUuid>_a-0000d9a6-d0f0-8000-9e06-010000010000_606</parentUuid>
        <visibility>
            <advertise>false</advertise>
            <hierarchy>true</hierarchy>
            <indexable>true</indexable>
            <quota>false</quota>
            <searchable>true</searchable>
            <system>false</system>
            <unlogged>false</unlogged>
        </visibility>
        <definition>if(&#xD;
  isnull(ri!userOrGroup),&#xD;
  "",&#xD;
  if(&#xD;
    #"_a-0000dc66-4527-8000-0430-01ef9001ef90_2947"(ri!userOrGroup),&#xD;
    group(togroup(ri!userOrGroup), "groupName"),&#xD;
    user(touser(ri!userOrGroup), "firstName") &amp; " " &amp; user(touser(ri!userOrGroup), "lastName")&#xD;
  )&#xD;
)</definition>
        <namedTypedValue>
            <name>userOrGroup</name>
            <type>
                <name>UserOrGroup</name>
                <namespace>http://www.appian.com/ae/types/2009</namespace>
            </type>
        </namedTypedValue>
        <preferredEditor>legacy</preferredEditor>
        <offlineEnabled>false</offlineEnabled>
    </rule>
    <roleMap public="true">
        <role inherit="true" allowForAll="false" name="readers">
            <users/>
            <groups/>
        </role>
        <role inherit="true" allowForAll="false" name="authors">
            <users/>
            <groups/>
        </role>
        <role inherit="true" allowForAll="false" name="administrators">
            <users/>
            <groups/>
        </role>
        <role inherit="false" allowForAll="false" name="denyReaders">
            <users/>
            <groups/>
        </role>
        <role inherit="false" allowForAll="false" name="denyAuthors">
            <users/>
            <groups/>
        </role>
        <role inherit="false" allowForAll="false" name="denyAdministrators">
            <users/>
            <groups/>
        </role>
    </roleMap>
</contentHaul>
