<?xml version="1.0" encoding="UTF-8" standalone="yes"?>
<contentHaul xmlns:a="http://www.appian.com/ae/types/2009">
    <rule>
        <name>GMTA_groupGrid</name>
        <uuid>_a-0000def2-cb5b-8000-9ba2-011c48011c48_238245</uuid>
        <description>Grid Field component that shows all the groups within a particular group (takes input of group ID)</description>
        <parentUuid>_a-0000d9b0-0753-8000-9e06-010000010000_8320</parentUuid>
        <visibility>
            <advertise>false</advertise>
            <hierarchy>true</hierarchy>
            <indexable>true</indexable>
            <quota>false</quota>
            <searchable>true</searchable>
            <system>false</system>
            <unlogged>false</unlogged>
        </visibility>
        <definition>if(
  isnull(
    ri!id
  ),
  {},
  load(
    local!pagingInfo: ri!pagingInfo,
    local!selectedGroup,
    with(
      local!datasubset: todatasubset(
        ri!allGroups,
        local!pagingInfo
      ),
      {
        #"SYSTEM_SYSRULES_pickerFieldGroups"(
          placeholder: "Begin typing the name of a group to see if that group is a member of " &amp; group(
            groupId: ri!id,
            property: "groupName"
          ) &amp; ".",
          value: local!selectedGroup,
          saveInto: local!selectedGroup,
          maxSelections: 1,
          groupFilter: togroup(
            ri!id
          )
        ),
        #"SYSTEM_SYSRULES_gridField"(
          /*instructions: "Additionally, the below grid shows all of the groups in the " &amp; group(*/
            /*groupId: ri!id,*/
            /*property: "groupName"*/
          /*) &amp; " group.",*/
          totalCount: local!datasubset.totalCount,
          columns: {
            #"SYSTEM_SYSRULES_gridTextColumn"(
              label: ri!gridLabel,
              /*field: "name",*/
              data: apply(
                #"_a-0000d9c3-e1a8-8000-9e06-010000010000_8556"(
                  input: _
                ),
                local!datasubset.data
              ),
              links: #"SYSTEM_SYSRULES_applyComponents"(
                function: #"_a-0000d9bd-3832-8000-9e06-010000010000_8527"(
                  userOrGroupText: _
                ),
                array: local!datasubset.data
              )
            )
          },
          value: local!pagingInfo,
          saveInto: local!pagingInfo
        )
      }
    )
  )
)</definition>
        <namedTypedValue>
            <name>id</name>
            <type>
                <name>int</name>
                <namespace>http://www.w3.org/2001/XMLSchema</namespace>
            </type>
        </namedTypedValue>
        <namedTypedValue>
            <name>allGroups</name>
            <type>
                <name>Variant</name>
                <namespace>http://www.appian.com/ae/types/2009</namespace>
            </type>
        </namedTypedValue>
        <namedTypedValue>
            <name>showUsers</name>
            <type>
                <name>boolean</name>
                <namespace>http://www.w3.org/2001/XMLSchema</namespace>
            </type>
        </namedTypedValue>
        <namedTypedValue>
            <name>pagingInfo</name>
            <type>
                <name>PagingInfo</name>
                <namespace>http://www.appian.com/ae/types/2009</namespace>
            </type>
        </namedTypedValue>
        <namedTypedValue>
            <name>gridLabel</name>
            <type>
                <name>string</name>
                <namespace>http://www.w3.org/2001/XMLSchema</namespace>
            </type>
            <value/>
        </namedTypedValue>
        <metadataExpr></metadataExpr>
        <preferredEditor>interface</preferredEditor>
        <offlineEnabled>false</offlineEnabled>
    </rule>
    <roleMap public="true">
        <role inherit="true" allowForAll="false" name="readers">
            <users/>
            <groups/>
        </role>
        <role inherit="true" allowForAll="false" name="authors">
            <users/>
            <groups/>
        </role>
        <role inherit="true" allowForAll="false" name="administrators">
            <users/>
            <groups/>
        </role>
        <role inherit="false" allowForAll="false" name="denyReaders">
            <users/>
            <groups/>
        </role>
        <role inherit="false" allowForAll="false" name="denyAuthors">
            <users/>
            <groups/>
        </role>
        <role inherit="false" allowForAll="false" name="denyAdministrators">
            <users/>
            <groups/>
        </role>
    </roleMap>
</contentHaul>
