<?xml version="1.0" encoding="UTF-8" standalone="yes"?>
<contentHaul xmlns:a="http://www.appian.com/ae/types/2009">
    <rule>
        <name>UGMTA_reactivateUserForm</name>
        <uuid>_a-0000dba6-6369-8000-7918-010000010000_2418</uuid>
        <description>Layout to reactivate a user.</description>
        <parentUuid>_a-0000d9a7-1a81-8000-9e06-010000010000_610</parentUuid>
        <visibility>
            <advertise>false</advertise>
            <hierarchy>true</hierarchy>
            <indexable>true</indexable>
            <quota>false</quota>
            <searchable>true</searchable>
            <system>false</system>
            <unlogged>false</unlogged>
        </visibility>
        <definition>= load(
  /*local!pickedUser,*/
  local!userLabels:  apply( #"_a-0000d9a7-1a81-8000-9e06-010000010000_621", #"_a-0000dba6-6369-8000-7918-010000010000_2417"()),
  local!userS: #"_a-0000dba6-6369-8000-7918-010000010000_2417"(),
  #"SYSTEM_SYSRULES_formLayout"(
  label: if(isnull(ri!user), "Reactivate User" , "Reactivate " &amp; #"_a-0000d9a7-1a81-8000-9e06-010000010000_621"(ri!user)),
  instructions: "",
  firstColumnContents: {
    #"SYSTEM_SYSRULES_sectionLayout"(
      label: "",
      firstColumnContents: {
        #"SYSTEM_SYSRULES_pickerFieldCustom"(
          label: "User to reactivate.",
          labelPosition: "ABOVE",
          instructions: "Enter a user to reactivate.",
          maxselections: 1,
          suggestFunction: #"_a-0000dba6-6369-8000-7918-010000010000_2515"(filter:_, labels: local!userLabels, identifiers: local!userS),
          selectedLabels: if( isnull(ri!user), null, 
          #"_a-0000dba6-6369-8000-7918-010000010000_2517"(identifier: ri!user, labels: local!userLabels, identifiers: local!userS)
          ),
          value: ri!user,
          saveInto: ri!user,
          required: true,
          validations: {},
          validationgroup: "submit"
        )
      },
      secondColumnContents: {}
    )
   
  },
  secondColumnContents: {},
  buttons: #"SYSTEM_SYSRULES_ButtonLayout"(
    primaryButtons: {
      #"SYSTEM_SYSRULES_ButtonWidgetSubmit"(
        label: "Reactivate",
        style: "PRIMARY",
        confirmmessage: concat({"Are you sure you want to reactivate "}, #"_a-0000d9a7-1a81-8000-9e06-010000010000_621"(ri!user)) ,
        saveInto: {},
        validationgroup: "submit"
      )
    },
    secondaryButtons: {
      #"SYSTEM_SYSRULES_ButtonWidgetSubmit"(
        label: "Cancel",
        style: "NORMAL",
        value: true,
        saveInto: ri!cancel,
        skipValidation: true
      )
    }
  ),
  validations: {}
)
)
</definition>
        <namedTypedValue>
            <name>cancel</name>
            <type>
                <name>boolean</name>
                <namespace>http://www.w3.org/2001/XMLSchema</namespace>
            </type>
        </namedTypedValue>
        <namedTypedValue>
            <name>user</name>
            <type>
                <name>User</name>
                <namespace>http://www.appian.com/ae/types/2009</namespace>
            </type>
        </namedTypedValue>
        <preferredEditor>interface</preferredEditor>
        <offlineEnabled>false</offlineEnabled>
    </rule>
    <roleMap public="true">
        <role inherit="true" allowForAll="false" name="readers">
            <users/>
            <groups/>
        </role>
        <role inherit="true" allowForAll="false" name="authors">
            <users/>
            <groups/>
        </role>
        <role inherit="true" allowForAll="false" name="administrators">
            <users/>
            <groups/>
        </role>
        <role inherit="false" allowForAll="false" name="denyReaders">
            <users/>
            <groups/>
        </role>
        <role inherit="false" allowForAll="false" name="denyAuthors">
            <users/>
            <groups/>
        </role>
        <role inherit="false" allowForAll="false" name="denyAdministrators">
            <users/>
            <groups/>
        </role>
    </roleMap>
</contentHaul>
