<?xml version="1.0" encoding="UTF-8" standalone="yes"?>
<contentHaul xmlns:a="http://www.appian.com/ae/types/2009">
    <rule>
        <name>UGMTA_deactivateUserForm</name>
        <uuid>_a-0000dba6-6369-8000-7918-010000010000_2360</uuid>
        <description>A layout to deactivate a user.</description>
        <parentUuid>_a-0000d9a7-1a81-8000-9e06-010000010000_610</parentUuid>
        <visibility>
            <advertise>false</advertise>
            <hierarchy>true</hierarchy>
            <indexable>true</indexable>
            <quota>false</quota>
            <searchable>true</searchable>
            <system>false</system>
            <unlogged>false</unlogged>
        </visibility>
        <definition>= #"SYSTEM_SYSRULES_formLayout"(
  label: "Deactivate " &amp; #"_a-0000d9a7-1a81-8000-9e06-010000010000_621"(ri!user),
  instructions: "",
  firstColumnContents: {
    #"SYSTEM_SYSRULES_sectionLayout"(
      label: "",
      firstColumnContents: {
        #"SYSTEM_SYSRULES_pickerFieldUsers"(
          
          label: "User to Deactivate",
          labelPosition: "ABOVE",
          instructions: "Enter a user to deactivate.",
          maxselections: 1,
          value: ri!user,
          saveInto: ri!user,
          required: true,
          validations: if(exact(ri!user, loggedInUser()), "A username cannot deactivate their own account", ""),
          validationgroup: "submit"
        )
      },
      secondColumnContents: {}
    ),
    #"SYSTEM_SYSRULES_sectionLayout"(
      label: "Considerations",
      firstColumnContents: {
        #"SYSTEM_SYSRULES_paragraphField"(
          label: "Label",
          labelPosition: "COLLAPSED",
          value: "Deactivated users are not able to log in and are not returned by user searches."
 &amp; char(10) &amp; char(10) &amp;
 "Processes will fail if they are configured to run as the deactivated user."
 &amp; char(10) &amp; char(10) &amp;
 "Deactivated users can be fully restored at a later time.",
          saveInto: {},
          refreshAfter: "UNFOCUS",
          readonly: true,
          height: "MEDIUM",
          validations: {}
        )
        
      },
      secondColumnContents: {},
      iscollapsible: true
    )
   
  },
  secondColumnContents: {},
  buttons: #"SYSTEM_SYSRULES_ButtonLayout"(
    primaryButtons: {
      #"SYSTEM_SYSRULES_ButtonWidgetSubmit"(
        label: "Deactivate",
        style: "DESTRUCTIVE",
        confirmmessage: concat({"Are you sure you want to deactivate "}, #"_a-0000d9a7-1a81-8000-9e06-010000010000_621"(ri!user)) ,
        saveInto: {},
        validationgroup: "submit"
      )
    },
    secondaryButtons: {
      #"SYSTEM_SYSRULES_ButtonWidgetSubmit"(
        label: "Cancel",
        style: "NORMAL",
        value: true,
        saveInto: ri!cancel,
        skipValidation: true
      )
    }
  ),
  validations: {}
)
</definition>
        <namedTypedValue>
            <name>cancel</name>
            <type>
                <name>boolean</name>
                <namespace>http://www.w3.org/2001/XMLSchema</namespace>
            </type>
        </namedTypedValue>
        <namedTypedValue>
            <name>user</name>
            <type>
                <name>User</name>
                <namespace>http://www.appian.com/ae/types/2009</namespace>
            </type>
        </namedTypedValue>
        <preferredEditor>interface</preferredEditor>
        <offlineEnabled>false</offlineEnabled>
    </rule>
    <roleMap public="true">
        <role inherit="true" allowForAll="false" name="readers">
            <users/>
            <groups/>
        </role>
        <role inherit="true" allowForAll="false" name="authors">
            <users/>
            <groups/>
        </role>
        <role inherit="true" allowForAll="false" name="administrators">
            <users/>
            <groups/>
        </role>
        <role inherit="false" allowForAll="false" name="denyReaders">
            <users/>
            <groups/>
        </role>
        <role inherit="false" allowForAll="false" name="denyAuthors">
            <users/>
            <groups/>
        </role>
        <role inherit="false" allowForAll="false" name="denyAdministrators">
            <users/>
            <groups/>
        </role>
    </roleMap>
</contentHaul>
