<?xml version="1.0" encoding="UTF-8" standalone="yes"?>
<contentHaul xmlns:a="http://www.appian.com/ae/types/2009">
    <rule>
        <name>GMTA_manageMembersForm</name>
        <uuid>_a-0000defe-bf54-8000-9ba2-011c48011c48_242721</uuid>
        <description>Basic form to manage members in a group</description>
        <parentUuid>_a-0000d9a7-1a81-8000-9e06-010000010000_610</parentUuid>
        <visibility>
            <advertise>false</advertise>
            <hierarchy>true</hierarchy>
            <indexable>true</indexable>
            <quota>false</quota>
            <searchable>true</searchable>
            <system>false</system>
            <unlogged>false</unlogged>
        </visibility>
        <definition>= load(
  local!pagingInfo: #"SYSTEM_SYSRULES_pagingInfo"(
    startIndex: 1,
    batchSize: 10
  ),
  /*Grabs direct members for custom picker*/
  local!directUsers: getmemberusersdirectpaging(
    groupId: ri!groupId,
    startIndex: 0,
    batchSize: - 1
  ),
  local!directGroups: getmembergroupsdirectpaging(
    groupId: ri!groupId,
    startIndex: 0,
    batchSize: - 1
  ),
  local!allDirectMembers: {
    local!directUsers,
    local!directGroups
  },
  local!allDirectMembersLabels: apply(
    #"_a-0000dc66-4527-8000-0430-01ef9001ef90_2959"(
      _
    ),
    {
      local!directUsers,
      local!directGroups
    }
  ),
  /*Stores the selected users/groups to remove in the custom picker*/
  local!memberSelectionRemove,
  /*Grabs direct admin members for custom picker*/
  local!directAdminUsers: getadminusersdirectpaging(
    ri!groupId,
    0,
    - 1
  ),
  local!directAdminGroups: tointeger(
    getdirectadmingroupids(
      ri!groupId
    )
  ),
  local!allAdminMembersValues: {
    local!directAdminGroups,
    local!directAdminUsers
  },
  local!allAdminMembersLabels: apply(
    #"_a-0000dc66-4527-8000-0430-01ef9001ef90_2959"(
      _
    ),
    {
      local!directAdminGroups,
      local!directAdminUsers
    }
  ),
  /*Stores the selected admins to remove in the custom picker*/
  local!adminSelectionRemove,
  local!groupName: group(
    groupId: ri!groupId,
    property: "groupName"
  ),
  #"SYSTEM_SYSRULES_formLayout_v1"(
    label: "Manage " &amp; local!groupName &amp; " Membership",
    instructions: "Utilize the below boxes to add/remove users and groups from " &amp; local!groupName &amp; ". Multiple changes can be made with one update. You can only remove direct members from this group. However, even if a direct member is removed, if they are still a member of one of " &amp; local!groupName &amp; "'s subgroups, they will still show up as a member of " &amp; local!groupName &amp; " unless they are also removed from the relevant subgroup. Note: Changes do not take effect until the Commit Changes button is selected at the bottom of the page.",
    contents: {
      #"SYSTEM_SYSRULES_columnsLayout"(
        columns: {
          #"SYSTEM_SYSRULES_columnLayout"(
            contents: {
              #"SYSTEM_SYSRULES_sectionLayout_v1"(
                label: "Add Members",
                contents: {
                  #"SYSTEM_SYSRULES_richTextDisplayField"(
                    value: {
                      #"SYSTEM_SYSRULES_richTextItem"(
                        text: "Adds",
                        style: "POSITIVE"
                      ),
                      #"SYSTEM_SYSRULES_richTextItem"(
                        text: " the selected User(s) and/or Group(s) as members of " &amp; local!groupName &amp; "."
                      )
                    }
                  ),
                  #"SYSTEM_SYSRULES_pickerFieldUsersAndGroups"(
                    placeholder: "Begin typing the name(s) of the User(s) and/or Group(s) to add.",
                    value: ri!selection,
                    saveInto: ri!selection
                  )
                }
              ),
              #"SYSTEM_SYSRULES_sectionLayout_v1"(
                label: "Remove Members",
                contents: {
                  /*Remove Member Instructions*/
                  #"SYSTEM_SYSRULES_richTextDisplayField"(
                    value: {
                      #"SYSTEM_SYSRULES_richTextItem"(
                        text: "Removes",
                        style: "NEGATIVE"
                      ),
                      #"SYSTEM_SYSRULES_richTextItem"(
                        text: " the selected User(s) and/or Group(s) from " &amp; local!groupName &amp; "."
                      )
                    }
                  ),
                  /*Remove Member custom picker*/
                  #"SYSTEM_SYSRULES_pickerFieldCustom"(
                    placeholder: "Begin typing the name(s) of the User(s) and/or Group(s) to remove.",
                    suggestFunction: #"_a-0000dba6-6369-8000-7918-010000010000_2515"(
                      filter: _,
                      labels: local!allDirectMembersLabels,
                      identifiers: local!allDirectMembers
                    ),
                    selectedLabels: if(
                      or(
                        isnull(
                          local!memberSelectionRemove
                        ),
                        count(
                          local!memberSelectionRemove
                        ) = 0
                      ),
                      null,
                      apply(
                        #"_a-0000dba6-6369-8000-7918-010000010000_2517"(
                          identifier: _,
                          labels: local!allDirectMembersLabels,
                          identifiers: local!allDirectMembers
                        ),
                        local!memberSelectionRemove
                      )
                    ),
                    value: local!memberSelectionRemove,
                    saveInto: {
                      local!memberSelectionRemove,
                      a!save(
                        ri!selectionRemove,
                        if(
                          isnull(
                            local!memberSelectionRemove
                          ),
                          {},
                          topeople(
                            apply(
                              #"_a-0000d9bb-e792-8000-9e06-010000010000_8463",
                              local!memberSelectionRemove
                            )
                          )
                        )
                      )
                    }
                  )
                }
              )
            }
          ),
          #"SYSTEM_SYSRULES_columnLayout"(
            contents: {
              #"SYSTEM_SYSRULES_sectionLayout_v1"(
                label: "Add Admins",
                contents: {
                  /*Add Admin Instructions*/
                  #"SYSTEM_SYSRULES_richTextDisplayField"(
                    value: {
                      #"SYSTEM_SYSRULES_richTextItem"(
                        text: "Adds",
                        style: "POSITIVE"
                      ),
                      #"SYSTEM_SYSRULES_richTextItem"(
                        text: " the selected User(s) and/or Group(s) as Administrators of " &amp; local!groupName &amp; "."
                      )
                    }
                  ),
                  /*Add Admin picker*/
                  #"SYSTEM_SYSRULES_pickerFieldUsersAndGroups"(
                    placeholder: "Begin typing the name(s) of the User(s) and/or Group(s) to add.",
                    value: ri!adminSelection,
                    saveInto: ri!adminSelection
                  )
                }
              ),
              #"SYSTEM_SYSRULES_sectionLayout_v1"(
                label: "Remove Admins",
                contents: {
                  /*Remove Admin Instructions*/
                  #"SYSTEM_SYSRULES_richTextDisplayField"(
                    value: {
                      #"SYSTEM_SYSRULES_richTextItem"(
                        text: "Removes",
                        style: "NEGATIVE"
                      ),
                      #"SYSTEM_SYSRULES_richTextItem"(
                        text: " the selected User(s) and/or Group(s) as Administrators from " &amp; local!groupName &amp; "."
                      )
                    }
                  ),
                  /*Remove Admin picker*/
                  #"SYSTEM_SYSRULES_pickerFieldCustom"(
                    placeholder: "Begin typing the name(s) of the User(s) and/or Group(s) to remove.",
                    suggestFunction: #"_a-0000dba6-6369-8000-7918-010000010000_2515"(
                      filter: _,
                      labels: local!allAdminMembersLabels,
                      identifiers: local!allAdminMembersValues
                    ),
                    selectedLabels: if(
                      or(
                        isnull(
                          local!adminSelectionRemove
                        ),
                        count(
                          local!adminSelectionRemove
                        ) = 0
                      ),
                      null,
                      apply(
                        #"_a-0000dba6-6369-8000-7918-010000010000_2517"(
                          identifier: _,
                          labels: local!allAdminMembersLabels,
                          identifiers: local!allAdminMembersValues
                        ),
                        local!adminSelectionRemove
                      )
                    ),
                    value: local!adminSelectionRemove,
                    saveInto: {
                      local!adminSelectionRemove,
                      a!save(
                        ri!adminSelectionRemove,
                        if(
                          isnull(
                            local!adminSelectionRemove
                          ),
                          {},
                          topeople(
                            apply(
                              #"_a-0000d9bb-e792-8000-9e06-010000010000_8463",
                              local!adminSelectionRemove
                            )
                          )
                        )
                      )
                    }
                  )
                }
              )
            }
          )
        }
      ),
      /*Current Membership*/
      #"SYSTEM_SYSRULES_sectionLayout_v1"(
        label: "Current Membership",
        contents: {
          #"SYSTEM_SYSRULES_columnsLayout"(
            columns: {
              #"SYSTEM_SYSRULES_columnLayout"(
                contents: {
                  #"b5b965d3-6503-490b-8151-e31f3eca3a7e"(
                    gridLabel: "Current Member Users and Groups (Direct)",
                    id: ri!groupId,
                    allMembers: local!allDirectMembers,
                    pagingInfo: local!pagingInfo,
                    gridOnly: true
                  )
                }
              ),
              #"SYSTEM_SYSRULES_columnLayout"(
                contents: {
                  #"52df6e44-0b4a-4b0d-a5fc-b57be16e5dbc"(
                    gridLabel: "Current Administrators (Direct)",
                    id: ri!groupId,
                    onlyDirect: true,
                    pagingInfo: local!pagingInfo
                  )
                }
              )
            }
          )
        }
      )
    },
    buttons: #"SYSTEM_SYSRULES_ButtonLayout"(
      primaryButtons: {
        #"SYSTEM_SYSRULES_ButtonWidgetSubmit"(
          label: "Commit Changes",
          style: "PRIMARY"
        )
      }
    )
  )
)</definition>
        <namedTypedValue>
            <name>cancel</name>
            <type>
                <name>boolean</name>
                <namespace>http://www.w3.org/2001/XMLSchema</namespace>
            </type>
        </namedTypedValue>
        <namedTypedValue>
            <name>selection</name>
            <type>
                <name>UserOrGroup?list</name>
                <namespace>http://www.appian.com/ae/types/2009</namespace>
            </type>
        </namedTypedValue>
        <namedTypedValue>
            <name>groupId</name>
            <type>
                <name>int</name>
                <namespace>http://www.w3.org/2001/XMLSchema</namespace>
            </type>
        </namedTypedValue>
        <namedTypedValue>
            <name>groupName</name>
            <type>
                <name>string</name>
                <namespace>http://www.w3.org/2001/XMLSchema</namespace>
            </type>
            <value/>
        </namedTypedValue>
        <namedTypedValue>
            <name>selectionRemove</name>
            <type>
                <name>UserOrGroup?list</name>
                <namespace>http://www.appian.com/ae/types/2009</namespace>
            </type>
        </namedTypedValue>
        <namedTypedValue>
            <name>adminSelection</name>
            <type>
                <name>UserOrGroup?list</name>
                <namespace>http://www.appian.com/ae/types/2009</namespace>
            </type>
        </namedTypedValue>
        <namedTypedValue>
            <name>adminSelectionRemove</name>
            <type>
                <name>UserOrGroup?list</name>
                <namespace>http://www.appian.com/ae/types/2009</namespace>
            </type>
        </namedTypedValue>
        <metadataExpr></metadataExpr>
        <preferredEditor>interface</preferredEditor>
        <offlineEnabled>false</offlineEnabled>
    </rule>
    <roleMap public="true">
        <role inherit="true" allowForAll="false" name="readers">
            <users/>
            <groups/>
        </role>
        <role inherit="true" allowForAll="false" name="authors">
            <users/>
            <groups/>
        </role>
        <role inherit="true" allowForAll="false" name="administrators">
            <users/>
            <groups/>
        </role>
        <role inherit="false" allowForAll="false" name="denyReaders">
            <users/>
            <groups/>
        </role>
        <role inherit="false" allowForAll="false" name="denyAuthors">
            <users/>
            <groups/>
        </role>
        <role inherit="false" allowForAll="false" name="denyAdministrators">
            <users/>
            <groups/>
        </role>
    </roleMap>
    <typedValue>
        <type>
            <name>RuleTestConfig?list</name>
            <namespace>http://www.appian.com/ae/types/2009</namespace>
        </type>
        <value>
            <el>
                <a:name/>
                <a:ruleInputTestConfigs>
                    <a:value xmlns:xsd="http://www.w3.org/2001/XMLSchema" xmlns:xsi="http://www.w3.org/2001/XMLSchema-instance" xsi:nil="true" xsi:type="xsd:boolean"/>
                    <a:nameRef>cancel</a:nameRef>
                    <a:id/>
                </a:ruleInputTestConfigs>
                <a:ruleInputTestConfigs>
                    <a:value xmlns:xsi="http://www.w3.org/2001/XMLSchema-instance" xsi:nil="true"/>
                    <a:nameRef>selection</a:nameRef>
                    <a:id/>
                </a:ruleInputTestConfigs>
                <a:ruleInputTestConfigs>
                    <a:value xmlns:xsi="http://www.w3.org/2001/XMLSchema-instance" xsi:type="a:Expression">676</a:value>
                    <a:nameRef>groupId</a:nameRef>
                    <a:id/>
                </a:ruleInputTestConfigs>
                <a:ruleInputTestConfigs>
                    <a:value xmlns:xsd="http://www.w3.org/2001/XMLSchema" xmlns:xsi="http://www.w3.org/2001/XMLSchema-instance" xsi:type="xsd:string"/>
                    <a:nameRef>groupName</a:nameRef>
                    <a:id/>
                </a:ruleInputTestConfigs>
                <a:ruleInputTestConfigs>
                    <a:value xmlns:xsi="http://www.w3.org/2001/XMLSchema-instance" xsi:nil="true"/>
                    <a:nameRef>selectionRemove</a:nameRef>
                    <a:id/>
                </a:ruleInputTestConfigs>
                <a:ruleInputTestConfigs>
                    <a:value xmlns:xsi="http://www.w3.org/2001/XMLSchema-instance" xsi:nil="true"/>
                    <a:nameRef>adminSelection</a:nameRef>
                    <a:id/>
                </a:ruleInputTestConfigs>
                <a:ruleInputTestConfigs>
                    <a:value xmlns:xsi="http://www.w3.org/2001/XMLSchema-instance" xsi:nil="true"/>
                    <a:nameRef>adminSelectionRemove</a:nameRef>
                    <a:id/>
                </a:ruleInputTestConfigs>
                <a:assertions xmlns:xsi="http://www.w3.org/2001/XMLSchema-instance" xsi:nil="true"/>
            </el>
        </value>
    </typedValue>
</contentHaul>
