<?xml version="1.0" encoding="UTF-8" standalone="yes"?>
<contentHaul xmlns:a="http://www.appian.com/ae/types/2009">
    <rule>
        <name>GMTA_recordFacet_security</name>
        <uuid>_a-0000d9b0-0753-8000-9e06-010000010000_8297</uuid>
        <description>Facet for security types (Public, Personal, Team)</description>
        <parentUuid>_a-0000d9a6-d0f0-8000-9e06-010000010000_606</parentUuid>
        <visibility>
            <advertise>false</advertise>
            <hierarchy>true</hierarchy>
            <indexable>true</indexable>
            <quota>false</quota>
            <searchable>true</searchable>
            <system>false</system>
            <unlogged>false</unlogged>
        </visibility>
        <definition>= #"SYSTEM_SYSRULES_facet"(
  name: "Security",
  options: {
    #"SYSTEM_SYSRULES_facetOption"(
      id: 100,
      name: "Public",
      filter: #"SYSTEM_SYSRULES_queryFilter"(
        field: "securityType",
        operator: "=",
        value: "Public"
      )
    ),
    #"SYSTEM_SYSRULES_facetOption"(
      id: 101,
      name: "Personal",
      filter: #"SYSTEM_SYSRULES_queryFilter"(
        field: "securityType",
        operator: "=",
        value: "Personal"
      )
    ),
    #"SYSTEM_SYSRULES_facetOption"(
      id: 102,
      name: "Restricted",
      filter: #"SYSTEM_SYSRULES_queryFilter"(
        field: "securityType",
        operator: "=",
        value: "Restricted"
      )
    )
  }
)</definition>
        <preferredEditor>legacy</preferredEditor>
        <offlineEnabled>false</offlineEnabled>
    </rule>
    <roleMap public="true">
        <role inherit="true" allowForAll="false" name="readers">
            <users/>
            <groups/>
        </role>
        <role inherit="true" allowForAll="false" name="authors">
            <users/>
            <groups/>
        </role>
        <role inherit="true" allowForAll="false" name="administrators">
            <users/>
            <groups/>
        </role>
        <role inherit="false" allowForAll="false" name="denyReaders">
            <users/>
            <groups/>
        </role>
        <role inherit="false" allowForAll="false" name="denyAuthors">
            <users/>
            <groups/>
        </role>
        <role inherit="false" allowForAll="false" name="denyAdministrators">
            <users/>
            <groups/>
        </role>
    </roleMap>
</contentHaul>
