<?xml version="1.0" encoding="UTF-8" standalone="yes"?>
<contentHaul xmlns:a="http://www.appian.com/ae/types/2009">
    <rule>
        <name>UGMTA_groupGrid</name>
        <uuid>_a-0000dba6-6369-8000-7918-010000010000_2262</uuid>
        <description>A grid field component that shows all of the groups for a particular user.</description>
        <parentUuid>_a-0000d9b0-0753-8000-9e06-010000010000_8320</parentUuid>
        <visibility>
            <advertise>false</advertise>
            <hierarchy>true</hierarchy>
            <indexable>true</indexable>
            <quota>false</quota>
            <searchable>true</searchable>
            <system>false</system>
            <unlogged>false</unlogged>
        </visibility>
        <definition>if(
  isnull(
    ri!username
  ),
  {},
  load(
    local!pagingInfo: #"SYSTEM_SYSRULES_pagingInfo"(
      startIndex: 1,
      batchSize: 10,
      sort: #"SYSTEM_SYSRULES_sortInfo"(
        field: "name",
        ascending: true
      )
    ),
    with(
      
      local!allMembers: if(ri!onlyAdmin, 
      
        if(isusersystemadministrator(ri!username), 
          apply(#"_a-0000d9b2-ab37-8000-9e06-010000010000_8356", #"_a-0000dba6-6369-8000-7918-010000010000_2335"(ri!username), ""),
            apply(#"_a-0000d9b2-ab37-8000-9e06-010000010000_8356", #"_a-0000dba6-6369-8000-7918-010000010000_2387"(ri!username), "")),
            
     apply(#"_a-0000d9b2-ab37-8000-9e06-010000010000_8356", #"_a-0000dba6-6369-8000-7918-010000010000_2335"(ri!username), "")
     ),
      local!datasubset: todatasubset( local!allMembers, local!pagingInfo),
      local!count: length(local!datasubset.data),
      #"SYSTEM_SYSRULES_gridField"(
        totalCount: local!datasubset.totalCount,
        columns: {
          #"SYSTEM_SYSRULES_gridTextColumn"(
            label: 
            if(ri!onlyAdmin,
            if(local!count = 1, "Admin of " &amp; local!count &amp; " Group", "Admin of " &amp; local!count &amp; " Groups"),
            if(local!count = 1, "Member of " &amp; local!count &amp; " Group", "Member of " &amp; local!count &amp; " Groups")
            ),
            field: "name",
            data: if( isnull(local!datasubset.data), {}, 
              apply(
              #"_a-0000dba6-6369-8000-7918-010000010000_2445",
              index( local!datasubset.data, "name", {}) )
              ),
            links: 
            #"SYSTEM_SYSRULES_applyComponents"(
              function: 
              /*a!recordLink( recordType: cons!GMTA_GROUP_RECORD, identifier: tointeger(togroup(userOrGroupText: _)))*/
              #"_a-0000d9bd-3832-8000-9e06-010000010000_8527"(userOrGroupText: _),
              array: index(local!datasubset.data, "original", {})
            )
           
          )

        },
        value: local!pagingInfo,
        saveInto: local!pagingInfo
      )
    )
  )
)</definition>
        <namedTypedValue>
            <name>username</name>
            <type>
                <name>string</name>
                <namespace>http://www.w3.org/2001/XMLSchema</namespace>
            </type>
            <value/>
        </namedTypedValue>
        <namedTypedValue>
            <name>onlyAdmin</name>
            <type>
                <name>boolean</name>
                <namespace>http://www.w3.org/2001/XMLSchema</namespace>
            </type>
        </namedTypedValue>
        <preferredEditor>interface</preferredEditor>
        <offlineEnabled>false</offlineEnabled>
    </rule>
    <roleMap public="true">
        <role inherit="true" allowForAll="false" name="readers">
            <users/>
            <groups/>
        </role>
        <role inherit="true" allowForAll="false" name="authors">
            <users/>
            <groups/>
        </role>
        <role inherit="true" allowForAll="false" name="administrators">
            <users/>
            <groups/>
        </role>
        <role inherit="false" allowForAll="false" name="denyReaders">
            <users/>
            <groups/>
        </role>
        <role inherit="false" allowForAll="false" name="denyAuthors">
            <users/>
            <groups/>
        </role>
        <role inherit="false" allowForAll="false" name="denyAdministrators">
            <users/>
            <groups/>
        </role>
    </roleMap>
</contentHaul>
