<?xml version="1.0" encoding="UTF-8" standalone="yes"?>
<contentHaul xmlns:a="http://www.appian.com/ae/types/2009">
    <rule>
        <name>GMTA_recordFacet_createdWithin</name>
        <uuid>_a-0000d9ba-984a-8000-9e06-010000010000_8412</uuid>
        <description>Facet to show distinctions between when groups were created</description>
        <parentUuid>_a-0000d9a6-d0f0-8000-9e06-010000010000_606</parentUuid>
        <visibility>
            <advertise>false</advertise>
            <hierarchy>true</hierarchy>
            <indexable>true</indexable>
            <quota>false</quota>
            <searchable>true</searchable>
            <system>false</system>
            <unlogged>false</unlogged>
        </visibility>
        <definition>= #"SYSTEM_SYSRULES_facet"(
  name: "Created Within",
  options: {
    #"SYSTEM_SYSRULES_facetOption"(
      id: 150,
      name: "Last Hour",
      filter: #"SYSTEM_SYSRULES_queryFilter"(
        field: "created",
        operator: "&gt;",
        value: now() - 1 / 24
      )
    ),
    #"SYSTEM_SYSRULES_facetOption"(
      id: 151,
      name: "Last 6 Hours",
      filter: #"SYSTEM_SYSRULES_queryFilter"(
        field: "created",
        operator: "&gt;",
        value: now() - 1 / 4
      )
    ),
    #"SYSTEM_SYSRULES_facetOption"(
      id: 152,
      name: "Today",
      filter: #"SYSTEM_SYSRULES_queryFilter"(
        field: "created",
        operator: "&gt;",
        value: now() - 1
      )
    ),
    #"SYSTEM_SYSRULES_facetOption"(
      id: 153,
      name: "Last Week",
      filter: #"SYSTEM_SYSRULES_queryFilter"(
        field: "created",
        operator: "&gt;",
        value: now() - 7
      )
    ),
    #"SYSTEM_SYSRULES_facetOption"(
      id: 154,
      name: "Last Month",
      filter: #"SYSTEM_SYSRULES_queryFilter"(
        field: "created",
        operator: "&gt;",
        value: now() - 30
      )
    ),
    #"SYSTEM_SYSRULES_facetOption"(
      id: 155,
      name: "Last 6 Months",
      filter: #"SYSTEM_SYSRULES_queryFilter"(
        field: "created",
        operator: "&gt;",
        value: now() - 180
      )
    ),
    #"SYSTEM_SYSRULES_facetOption"(
      id: 156,
      name: "Last Year",
      filter: #"SYSTEM_SYSRULES_queryFilter"(
        field: "created",
        operator: "&gt;",
        value: now() - 365
      )
    )	
  }
)</definition>
        <preferredEditor>legacy</preferredEditor>
        <offlineEnabled>false</offlineEnabled>
    </rule>
    <roleMap public="true">
        <role inherit="true" allowForAll="false" name="readers">
            <users/>
            <groups/>
        </role>
        <role inherit="true" allowForAll="false" name="authors">
            <users/>
            <groups/>
        </role>
        <role inherit="true" allowForAll="false" name="administrators">
            <users/>
            <groups/>
        </role>
        <role inherit="false" allowForAll="false" name="denyReaders">
            <users/>
            <groups/>
        </role>
        <role inherit="false" allowForAll="false" name="denyAuthors">
            <users/>
            <groups/>
        </role>
        <role inherit="false" allowForAll="false" name="denyAdministrators">
            <users/>
            <groups/>
        </role>
    </roleMap>
</contentHaul>
