<?xml version="1.0" encoding="UTF-8" standalone="yes"?>
<contentHaul xmlns:a="http://www.appian.com/ae/types/2009">
    <rule>
        <name>GMTA_memberGrid</name>
        <uuid>b5b965d3-6503-490b-8151-e31f3eca3a7e</uuid>
        <description>Grid Field component that shows all the users in a particular group (takes input of group ID)</description>
        <parentUuid>_a-0000d9b0-0753-8000-9e06-010000010000_8320</parentUuid>
        <visibility>
            <advertise>false</advertise>
            <hierarchy>true</hierarchy>
            <indexable>true</indexable>
            <quota>false</quota>
            <searchable>true</searchable>
            <system>false</system>
            <unlogged>false</unlogged>
        </visibility>
        <definition>if(
  isnull(
    ri!id
  ),
  {},
  load(
    local!pagingInfo: ri!pagingInfo,
    local!usersGroupsPagingInfo: ri!pagingInfo,
    local!selectedUser,
    local!showUsersGroups,
    local!usersGroups,
    with(
      local!datasubset: todatasubset(
        ri!allMembers,
        local!pagingInfo
      ),
      local!usersGroupsDatasubset: todatasubset(
        local!usersGroups,
        local!usersGroupsPagingInfo
      ),
      {
        {
          if(
            ri!gridOnly,
            {},
            #"SYSTEM_SYSRULES_pickerFieldUsers"(
              placeholder: "Begin typing a user's name or UID to see if that user is a member of " &amp; group(
                groupId: ri!id,
                property: "groupName"
              ) &amp; ".",
              value: local!selectedUser,
              saveInto: {
                local!selectedUser,
                /*Clears out showUsersGroups when a new user is selected"*/
                a!save(
                  local!showUsersGroups,
                  {}
                )
              },
              maxSelections: 1,
              groupFilter: togroup(
                ri!id
              )
            )
          ),
          if(
            not(
              #"_a-0000d62a-67b3-8000-da6f-010000010000_950"(
                local!selectedUser
              )
            ),
            {
              #"SYSTEM_SYSRULES_richTextDisplayField"(
                value: #"SYSTEM_SYSRULES_richTextItem"(
                  text: "Selected member is a part of this group.",
                  style: "EMPHASIS"
                )
              ),
              #"SYSTEM_SYSRULES_ButtonLayout"(
                primaryButtons: {
                  #"SYSTEM_SYSRULES_ButtonWidget"(
                    label: "View other group membership",
                    style: "PRIMARY",
                    value: true,
                    saveInto: {
                      local!showUsersGroups,
                      /*Add in fetch for users groups here*/
                      a!save(
                        local!usersGroups,
                        getgroupsformemberuser(
                          user: tostring(
                            local!selectedUser
                          )
                        )
                      )
                    }
                  )
                },
                secondaryButtons: {
                  #"SYSTEM_SYSRULES_ButtonWidget"(
                    label: "Back",
                    style: "NORMAL",
                    value: NULL,
                    saveInto: {
                      a!save(
                        local!showUsersGroups,
                        false
                      ),
                      /*Add in fetch for users groups here*/
                      local!selectedUser
                    }
                  )
                }
              )
            },
            {
              #"SYSTEM_SYSRULES_gridField"(
                /*instructions: if(ri!gridOnly, {}, "Additionally, the below grid shows all of the users in the " &amp; group(*/
                /*groupId: ri!id,*/
                /*property: "groupName"*/
                /*) &amp; " group."*/
                /*),*/
                totalCount: local!datasubset.totalCount,
                columns: {
                  #"SYSTEM_SYSRULES_gridTextColumn"(
                    label: ri!gridLabel,
                    /*field: "name",*/
                    data: apply(
                      #"_a-0000d9c3-e1a8-8000-9e06-010000010000_8556"(
                        input: _
                      ),
                      local!datasubset.data
                    ),
                    links: #"SYSTEM_SYSRULES_applyComponents"(
                      function: #"_a-0000d9bd-3832-8000-9e06-010000010000_8527"(
                        userOrGroupText: _
                      ),
                      array: local!datasubset.data
                    )
                  )
                },
                value: local!pagingInfo,
                saveInto: local!pagingInfo
              )
            }
          ),
          if(
            local!showUsersGroups,
            {
              #"SYSTEM_SYSRULES_gridField"(
                totalCount: local!usersGroupsDatasubset.totalCount,
                columns: {
                  #"SYSTEM_SYSRULES_gridTextColumn"(
                    label: "User's Groups",
                    /*field: "name",*/
                    data: apply(
                      #"_a-0000d9c3-e1a8-8000-9e06-010000010000_8556"(
                        input: _
                      ),
                      local!usersGroupsDatasubset.data
                    ),
                    links: #"SYSTEM_SYSRULES_applyComponents"(
                      function: #"_a-0000d9bd-3832-8000-9e06-010000010000_8527"(
                        userOrGroupText: _
                      ),
                      array: local!usersGroupsDatasubset.data
                    )
                  )
                },
                value: local!usersGroupsPagingInfo,
                saveInto: local!usersGroupsPagingInfo
              )
            },
            {}
          )
        }
      }
    )
  )
)</definition>
        <namedTypedValue>
            <name>id</name>
            <type>
                <name>int</name>
                <namespace>http://www.w3.org/2001/XMLSchema</namespace>
            </type>
        </namedTypedValue>
        <namedTypedValue>
            <name>allMembers</name>
            <type>
                <name>Variant</name>
                <namespace>http://www.appian.com/ae/types/2009</namespace>
            </type>
        </namedTypedValue>
        <namedTypedValue>
            <name>pagingInfo</name>
            <type>
                <name>PagingInfo</name>
                <namespace>http://www.appian.com/ae/types/2009</namespace>
            </type>
        </namedTypedValue>
        <namedTypedValue>
            <name>gridOnly</name>
            <type>
                <name>boolean</name>
                <namespace>http://www.w3.org/2001/XMLSchema</namespace>
            </type>
        </namedTypedValue>
        <namedTypedValue>
            <name>gridLabel</name>
            <type>
                <name>string</name>
                <namespace>http://www.w3.org/2001/XMLSchema</namespace>
            </type>
            <value/>
        </namedTypedValue>
        <metadataExpr></metadataExpr>
        <preferredEditor>interface</preferredEditor>
        <offlineEnabled>false</offlineEnabled>
    </rule>
    <roleMap public="true">
        <role inherit="true" allowForAll="false" name="readers">
            <users/>
            <groups/>
        </role>
        <role inherit="true" allowForAll="false" name="authors">
            <users/>
            <groups/>
        </role>
        <role inherit="true" allowForAll="false" name="administrators">
            <users/>
            <groups/>
        </role>
        <role inherit="false" allowForAll="false" name="denyReaders">
            <users/>
            <groups/>
        </role>
        <role inherit="false" allowForAll="false" name="denyAuthors">
            <users/>
            <groups/>
        </role>
        <role inherit="false" allowForAll="false" name="denyAdministrators">
            <users/>
            <groups/>
        </role>
    </roleMap>
    <typedValue>
        <type>
            <name>RuleTestConfig?list</name>
            <namespace>http://www.appian.com/ae/types/2009</namespace>
        </type>
        <value>
            <el>
                <a:name/>
                <a:ruleInputTestConfigs>
                    <a:value xmlns:xsi="http://www.w3.org/2001/XMLSchema-instance" xsi:type="a:Expression">676</a:value>
                    <a:nameRef>id</a:nameRef>
                    <a:id/>
                </a:ruleInputTestConfigs>
                <a:ruleInputTestConfigs>
                    <a:value xmlns:xsi="http://www.w3.org/2001/XMLSchema-instance" xsi:type="a:Expression">{
    #"_a-0000d9c6-7d38-8000-9e06-010000010000_8685"(
      676
    ),
    #"_a-0000d9c6-7d38-8000-9e06-010000010000_8686"(
      676
    )
  }</a:value>
                    <a:nameRef>allMembers</a:nameRef>
                    <a:id/>
                </a:ruleInputTestConfigs>
                <a:ruleInputTestConfigs>
                    <a:value xmlns:xsi="http://www.w3.org/2001/XMLSchema-instance" xsi:type="a:Expression">#"SYSTEM_SYSRULES_pagingInfo"(1, -1)</a:value>
                    <a:nameRef>pagingInfo</a:nameRef>
                    <a:id/>
                </a:ruleInputTestConfigs>
                <a:ruleInputTestConfigs>
                    <a:value xmlns:xsd="http://www.w3.org/2001/XMLSchema" xmlns:xsi="http://www.w3.org/2001/XMLSchema-instance" xsi:nil="true" xsi:type="xsd:boolean"/>
                    <a:nameRef>gridOnly</a:nameRef>
                    <a:id/>
                </a:ruleInputTestConfigs>
                <a:ruleInputTestConfigs>
                    <a:value xmlns:xsd="http://www.w3.org/2001/XMLSchema" xmlns:xsi="http://www.w3.org/2001/XMLSchema-instance" xsi:type="xsd:string"/>
                    <a:nameRef>gridLabel</a:nameRef>
                    <a:id/>
                </a:ruleInputTestConfigs>
                <a:assertions xmlns:xsi="http://www.w3.org/2001/XMLSchema-instance" xsi:nil="true"/>
            </el>
        </value>
    </typedValue>
</contentHaul>
