<?xml version="1.0" encoding="UTF-8" standalone="yes"?>
<contentHaul xmlns:a="http://www.appian.com/ae/types/2009">
    <rule>
        <name>GMTA_addMembersForm</name>
        <uuid>ba8a60c5-7e90-43ba-9d5b-beeddbb0e1a8</uuid>
        <description>Basic form to add members to a group</description>
        <parentUuid>_a-0000d9a7-1a81-8000-9e06-010000010000_610</parentUuid>
        <visibility>
            <advertise>false</advertise>
            <hierarchy>true</hierarchy>
            <indexable>true</indexable>
            <quota>false</quota>
            <searchable>true</searchable>
            <system>false</system>
            <unlogged>false</unlogged>
        </visibility>
        <definition>= load(
  local!pagingInfo: #"SYSTEM_SYSRULES_pagingInfo"(
    startIndex: 1,
    batchSize: 10
  ),
  local!pathValue,
  local!isBrowserView: false,
  local!hideUsers: false,
  local!allMembers: {
    apply(
      #"_a-0000d9b2-ab37-8000-9e06-010000010000_8356",
      #"_a-0000d9c6-7d38-8000-9e06-010000010000_8685"(
        ri!groupid
      ),
      ""
    ),
    if(
      local!hideUsers,
      {},
      apply(
        #"_a-0000d9b2-ab37-8000-9e06-010000010000_8341",
        #"_a-0000d9c6-7d38-8000-9e06-010000010000_8686"(
          ri!groupid
        ),
        ""
      )
    )
  },
  #"SYSTEM_SYSRULES_formLayout"(
    label: "Add Adminstrator(s) to " &amp; ri!groupName,
    firstColumnContents: {
      #"SYSTEM_SYSRULES_sectionLayout"(
        firstColumnContents: {
          #"SYSTEM_SYSRULES_pickerFieldUsersAndGroups"(
            label: "Select User or Group",
            instructions: "Please select the user(s) or group(s) you wish to add to the group specified above.",
            value: ri!selection,
            saveInto: ri!selection,
            required: true
          )
        }
      ),
      #"SYSTEM_SYSRULES_sectionLayout"(
        label: "Current Adminstrators",
        firstColumnContents: {
          #"52df6e44-0b4a-4b0d-a5fc-b57be16e5dbc"(
            id: ri!groupId,
            pagingInfo: local!pagingInfo
          )
        }
      ),
      #"SYSTEM_SYSRULES_sectionLayout"(
        label: "Current Members",
        firstColumnContents: {
          #"SYSTEM_SYSRULES_radioButtonField"(
            label: "View as Browser?",
            choiceLabels: {
              "Yes",
              "No"
            },
            choiceValues: {
              true,
              false
            },
            value: local!isBrowserView,
            saveInto: local!isBrowserView,
            choiceLayout: "COMPACT"
          )
        },
        secondColumnContents: {
          #"SYSTEM_SYSRULES_radioButtonField"(
            label: "Hide Users?",
            choiceLabels: {
              "Yes",
              "No"
            },
            choiceValues: {
              true,
              false
            },
            value: local!hideUsers,
            saveInto: {
              local!hideUsers,
              a!save(
                local!allMembers,
                {
                  apply(
                    #"_a-0000d9b2-ab37-8000-9e06-010000010000_8356",
                    #"_a-0000d9c6-7d38-8000-9e06-010000010000_8685"(
                      ri!groupid
                    ),
                    ""
                  ),
                  if(
                    local!hideUsers,
                    {},
                    apply(
                      #"_a-0000d9b2-ab37-8000-9e06-010000010000_8341",
                      #"_a-0000d9c6-7d38-8000-9e06-010000010000_8686"(
                        ri!groupid
                      ),
                      ""
                    )
                  )
                }
              )
            },
            choiceLayout: "COMPACT"
          )
        }
      ),
      #"SYSTEM_SYSRULES_sectionLayout"(
        firstColumnContents: {
          if(
            local!isBrowserView,
            #"SYSTEM_SYSRULES_groupBrowserFieldColumns"(
              rootGroup: ri!groupId,
              pathValue: local!pathValue,
              pathSaveInto: local!pathValue,
              hideUsers: local!hideUsers,
              readOnly: true
            ),
            #"b5b965d3-6503-490b-8151-e31f3eca3a7e"(
              id: ri!groupId,
              allMembers: local!allMembers
            )
          )
        }
      )
    },
    buttons: #"SYSTEM_SYSRULES_ButtonLayout"(
      primaryButtons: {
        #"SYSTEM_SYSRULES_ButtonWidgetSubmit"(
          label: "Add Member(s)",
          style: "PRIMARY"
        )
      },
      secondaryButtons: {
        #"SYSTEM_SYSRULES_ButtonWidgetSubmit"(
          label: "Cancel",
          value: true,
          saveInto: ri!cancel,
          skipValidation: true
        )
      }
    )
  )
)</definition>
        <namedTypedValue>
            <name>cancel</name>
            <type>
                <name>boolean</name>
                <namespace>http://www.w3.org/2001/XMLSchema</namespace>
            </type>
        </namedTypedValue>
        <namedTypedValue>
            <name>selection</name>
            <type>
                <name>UserOrGroup?list</name>
                <namespace>http://www.appian.com/ae/types/2009</namespace>
            </type>
        </namedTypedValue>
        <namedTypedValue>
            <name>groupId</name>
            <type>
                <name>int</name>
                <namespace>http://www.w3.org/2001/XMLSchema</namespace>
            </type>
        </namedTypedValue>
        <namedTypedValue>
            <name>groupName</name>
            <type>
                <name>string</name>
                <namespace>http://www.w3.org/2001/XMLSchema</namespace>
            </type>
            <value/>
        </namedTypedValue>
        <metadataExpr></metadataExpr>
        <preferredEditor>interface</preferredEditor>
        <offlineEnabled>false</offlineEnabled>
    </rule>
    <roleMap public="true">
        <role inherit="true" allowForAll="false" name="readers">
            <users/>
            <groups/>
        </role>
        <role inherit="true" allowForAll="false" name="authors">
            <users/>
            <groups/>
        </role>
        <role inherit="true" allowForAll="false" name="administrators">
            <users/>
            <groups/>
        </role>
        <role inherit="false" allowForAll="false" name="denyReaders">
            <users/>
            <groups/>
        </role>
        <role inherit="false" allowForAll="false" name="denyAuthors">
            <users/>
            <groups/>
        </role>
        <role inherit="false" allowForAll="false" name="denyAdministrators">
            <users/>
            <groups/>
        </role>
    </roleMap>
</contentHaul>
