<?xml version="1.0" encoding="UTF-8" standalone="yes"?>
<contentHaul xmlns:a="http://www.appian.com/ae/types/2009">
    <rule>
        <name>GMTA_groupInfoDashboard</name>
        <uuid>d66e61f7-348b-4693-b58d-7be8108494c6</uuid>
        <description>Dashboard that displays basic group information for the Groups Management Tempo Application</description>
        <parentUuid>_a-0000d9b0-0753-8000-9e06-010000010000_8320</parentUuid>
        <visibility>
            <advertise>false</advertise>
            <hierarchy>true</hierarchy>
            <indexable>true</indexable>
            <quota>false</quota>
            <searchable>true</searchable>
            <system>false</system>
            <unlogged>false</unlogged>
        </visibility>
        <definition>if(
  isnull(
    ri!id
  ),
  {},
  load(
    local!pagingInfo: #"SYSTEM_SYSRULES_pagingInfo"(
      startIndex: 1,
      batchSize: 10
    ),
    local!allMemberUsers: #"_a-0000d9c6-7d38-8000-9e06-010000010000_8686"(
      id: ri!id
    ),
    local!allMemberGroups: #"_a-0000d9c6-7d38-8000-9e06-010000010000_8685"(
      id: ri!id
    ),
    local!hideUsers: false,
    #"SYSTEM_SYSRULES_dashboardLayout"(
      firstColumnContents: {
        if(
          isnull(
            ri!description
          ),
          {},
          #"SYSTEM_SYSRULES_sectionLayout"(
            label: "Description",
            firstColumnContents: {
              #"SYSTEM_SYSRULES_textField"(
                readOnly: true,
                label: ri!description
              )
            }
          )
        ),
        #"SYSTEM_SYSRULES_sectionLayout"(
          label: "Group Information",
          firstColumnContents: {
            #"SYSTEM_SYSRULES_linkField"(
              label: "Creator",
              labelPosition: "ADJACENT",
              links: if(
                isnull(
                  ri!creator
                ),
                {},
                #"SYSTEM_SYSRULES_userRecordLink"(
                  label: #"_a-0000d9a7-1a81-8000-9e06-010000010000_621"(
                    ri!creator
                  ),
                  user: touser(
                    ri!creator
                  )
                )
              )
            ),
            #"SYSTEM_SYSRULES_dateField"(
              label: "Created On",
              labelPosition: "ADJACENT",
              readOnly: true,
              value: ri!created
            ),
            #"SYSTEM_SYSRULES_dateField"(
              label: "Last Modified",
              labelPosition: "ADJACENT",
              readOnly: true,
              value: ri!lastModified
            ),
            #"SYSTEM_SYSRULES_textField"(
              label: "Parent",
              labelPosition: "ADJACENT",
              readOnly: true,
              value: ri!parent
            )
          },
          secondColumnContents: {
            #"SYSTEM_SYSRULES_textField"(
              label: "Group Type",
              labelPosition: "ADJACENT",
              readOnly: true,
              value: ri!groupType
            ),
            #"SYSTEM_SYSRULES_textField"(
              label: "Security Type",
              labelPosition: "ADJACENT",
              readOnly: true,
              value: ri!securityType
            ),
            #"SYSTEM_SYSRULES_textField"(
              label: "Privacy Setting",
              labelPosition: "ADJACENT",
              readOnly: true,
              value: ri!privacy
            ),
            #"SYSTEM_SYSRULES_textField"(
              label: "Membership Policy",
              labelPosition: "ADJACENT",
              readOnly: true,
              value: ri!membership
            )
          }
        ),
        #"SYSTEM_SYSRULES_sectionLayout"(
          label: group(
            groupId: ri!id,
            property: "groupName"
          ) &amp; " Membership",
          firstColumnContents: {
            #"b5b965d3-6503-490b-8151-e31f3eca3a7e"(
              gridLabel: "Current Member Users",
              id: ri!id,
              allMembers: local!allMemberUsers,
              pagingInfo: local!pagingInfo,
              gridOnly: false
            )
          },
          secondColumnContents: {
            #"_a-0000def2-cb5b-8000-9ba2-011c48011c48_238245"(
              gridLabel: "Current Member Groups",
              id: ri!id,
              allGroups: local!allMemberGroups,
              pagingInfo: local!pagingInfo
            )
          }
        )
      }
    )
  )
)</definition>
        <namedTypedValue>
            <name>creator</name>
            <type>
                <name>string</name>
                <namespace>http://www.w3.org/2001/XMLSchema</namespace>
            </type>
            <value/>
        </namedTypedValue>
        <namedTypedValue>
            <name>created</name>
            <type>
                <name>date</name>
                <namespace>http://www.w3.org/2001/XMLSchema</namespace>
            </type>
        </namedTypedValue>
        <namedTypedValue>
            <name>parent</name>
            <type>
                <name>string</name>
                <namespace>http://www.w3.org/2001/XMLSchema</namespace>
            </type>
            <value/>
        </namedTypedValue>
        <namedTypedValue>
            <name>groupType</name>
            <type>
                <name>string</name>
                <namespace>http://www.w3.org/2001/XMLSchema</namespace>
            </type>
            <value/>
        </namedTypedValue>
        <namedTypedValue>
            <name>securityType</name>
            <type>
                <name>string</name>
                <namespace>http://www.w3.org/2001/XMLSchema</namespace>
            </type>
            <value/>
        </namedTypedValue>
        <namedTypedValue>
            <name>privacy</name>
            <type>
                <name>string</name>
                <namespace>http://www.w3.org/2001/XMLSchema</namespace>
            </type>
            <value/>
        </namedTypedValue>
        <namedTypedValue>
            <name>membership</name>
            <type>
                <name>string</name>
                <namespace>http://www.w3.org/2001/XMLSchema</namespace>
            </type>
            <value/>
        </namedTypedValue>
        <namedTypedValue>
            <name>id</name>
            <type>
                <name>int</name>
                <namespace>http://www.w3.org/2001/XMLSchema</namespace>
            </type>
        </namedTypedValue>
        <namedTypedValue>
            <name>description</name>
            <type>
                <name>string</name>
                <namespace>http://www.w3.org/2001/XMLSchema</namespace>
            </type>
            <value/>
        </namedTypedValue>
        <namedTypedValue>
            <name>isFavorite</name>
            <type>
                <name>boolean</name>
                <namespace>http://www.w3.org/2001/XMLSchema</namespace>
            </type>
        </namedTypedValue>
        <namedTypedValue>
            <name>lastModified</name>
            <type>
                <name>date</name>
                <namespace>http://www.w3.org/2001/XMLSchema</namespace>
            </type>
        </namedTypedValue>
        <namedTypedValue>
            <name>isDelegatedCreation</name>
            <type>
                <name>boolean</name>
                <namespace>http://www.w3.org/2001/XMLSchema</namespace>
            </type>
        </namedTypedValue>
        <metadataExpr></metadataExpr>
        <preferredEditor>interface</preferredEditor>
        <offlineEnabled>false</offlineEnabled>
    </rule>
    <roleMap public="true">
        <role inherit="true" allowForAll="false" name="readers">
            <users/>
            <groups/>
        </role>
        <role inherit="true" allowForAll="false" name="authors">
            <users/>
            <groups/>
        </role>
        <role inherit="true" allowForAll="false" name="administrators">
            <users/>
            <groups/>
        </role>
        <role inherit="false" allowForAll="false" name="denyReaders">
            <users/>
            <groups/>
        </role>
        <role inherit="false" allowForAll="false" name="denyAuthors">
            <users/>
            <groups/>
        </role>
        <role inherit="false" allowForAll="false" name="denyAdministrators">
            <users/>
            <groups/>
        </role>
    </roleMap>
    <typedValue>
        <type>
            <name>RuleTestConfig?list</name>
            <namespace>http://www.appian.com/ae/types/2009</namespace>
        </type>
        <value>
            <el>
                <a:name/>
                <a:ruleInputTestConfigs>
                    <a:value xmlns:xsd="http://www.w3.org/2001/XMLSchema" xmlns:xsi="http://www.w3.org/2001/XMLSchema-instance" xsi:type="xsd:string"/>
                    <a:nameRef>creator</a:nameRef>
                    <a:id/>
                </a:ruleInputTestConfigs>
                <a:ruleInputTestConfigs>
                    <a:value xmlns:xsd="http://www.w3.org/2001/XMLSchema" xmlns:xsi="http://www.w3.org/2001/XMLSchema-instance" xsi:nil="true" xsi:type="xsd:date"/>
                    <a:nameRef>created</a:nameRef>
                    <a:id/>
                </a:ruleInputTestConfigs>
                <a:ruleInputTestConfigs>
                    <a:value xmlns:xsd="http://www.w3.org/2001/XMLSchema" xmlns:xsi="http://www.w3.org/2001/XMLSchema-instance" xsi:type="xsd:string"/>
                    <a:nameRef>parent</a:nameRef>
                    <a:id/>
                </a:ruleInputTestConfigs>
                <a:ruleInputTestConfigs>
                    <a:value xmlns:xsd="http://www.w3.org/2001/XMLSchema" xmlns:xsi="http://www.w3.org/2001/XMLSchema-instance" xsi:type="xsd:string"/>
                    <a:nameRef>groupType</a:nameRef>
                    <a:id/>
                </a:ruleInputTestConfigs>
                <a:ruleInputTestConfigs>
                    <a:value xmlns:xsd="http://www.w3.org/2001/XMLSchema" xmlns:xsi="http://www.w3.org/2001/XMLSchema-instance" xsi:type="xsd:string"/>
                    <a:nameRef>securityType</a:nameRef>
                    <a:id/>
                </a:ruleInputTestConfigs>
                <a:ruleInputTestConfigs>
                    <a:value xmlns:xsd="http://www.w3.org/2001/XMLSchema" xmlns:xsi="http://www.w3.org/2001/XMLSchema-instance" xsi:type="xsd:string"/>
                    <a:nameRef>privacy</a:nameRef>
                    <a:id/>
                </a:ruleInputTestConfigs>
                <a:ruleInputTestConfigs>
                    <a:value xmlns:xsd="http://www.w3.org/2001/XMLSchema" xmlns:xsi="http://www.w3.org/2001/XMLSchema-instance" xsi:type="xsd:string"/>
                    <a:nameRef>membership</a:nameRef>
                    <a:id/>
                </a:ruleInputTestConfigs>
                <a:ruleInputTestConfigs>
                    <a:value xmlns:xsi="http://www.w3.org/2001/XMLSchema-instance" xsi:type="a:Expression">21</a:value>
                    <a:nameRef>id</a:nameRef>
                    <a:id/>
                </a:ruleInputTestConfigs>
                <a:ruleInputTestConfigs>
                    <a:value xmlns:xsd="http://www.w3.org/2001/XMLSchema" xmlns:xsi="http://www.w3.org/2001/XMLSchema-instance" xsi:type="xsd:string"/>
                    <a:nameRef>description</a:nameRef>
                    <a:id/>
                </a:ruleInputTestConfigs>
                <a:ruleInputTestConfigs>
                    <a:value xmlns:xsd="http://www.w3.org/2001/XMLSchema" xmlns:xsi="http://www.w3.org/2001/XMLSchema-instance" xsi:nil="true" xsi:type="xsd:boolean"/>
                    <a:nameRef>isFavorite</a:nameRef>
                    <a:id/>
                </a:ruleInputTestConfigs>
                <a:ruleInputTestConfigs>
                    <a:value xmlns:xsd="http://www.w3.org/2001/XMLSchema" xmlns:xsi="http://www.w3.org/2001/XMLSchema-instance" xsi:nil="true" xsi:type="xsd:date"/>
                    <a:nameRef>lastModified</a:nameRef>
                    <a:id/>
                </a:ruleInputTestConfigs>
                <a:ruleInputTestConfigs>
                    <a:value xmlns:xsd="http://www.w3.org/2001/XMLSchema" xmlns:xsi="http://www.w3.org/2001/XMLSchema-instance" xsi:nil="true" xsi:type="xsd:boolean"/>
                    <a:nameRef>isDelegatedCreation</a:nameRef>
                    <a:id/>
                </a:ruleInputTestConfigs>
                <a:assertions xmlns:xsi="http://www.w3.org/2001/XMLSchema-instance" xsi:nil="true"/>
            </el>
        </value>
    </typedValue>
</contentHaul>
