<?xml version="1.0" encoding="UTF-8" standalone="yes"?>
<contentHaul xmlns:a="http://www.appian.com/ae/types/2009">
    <rule>
        <name>GMTA_auditHistoryGrid</name>
        <uuid>e1d14403-276d-4d95-b686-c67560bc23b7</uuid>
        <description>Grid of audit history, takes a group id as input.
</description>
        <parentUuid>_a-0000d9b0-0753-8000-9e06-010000010000_8320</parentUuid>
        <visibility>
            <advertise>false</advertise>
            <hierarchy>true</hierarchy>
            <indexable>true</indexable>
            <quota>false</quota>
            <searchable>true</searchable>
            <system>false</system>
            <unlogged>false</unlogged>
        </visibility>
        <definition>if(isnull(ri!id), {},
load(
   local!pagingInfo: #"SYSTEM_SYSRULES_pagingInfo"(startIndex: 1, batchSize: 10, sort: #"SYSTEM_SYSRULES_sortInfo"(field: "datetime", ascending: true)),
   local!selectedId,
   local!selectedGroup,
   local!selectedUser,
   local!selectedInitiator,
   with(
      local!datasubset: #"SYSTEM_SYSRULES_queryEntity"(
        entity: #"_a-0000d9c3-e1a8-8000-9e06-010000010000_8559",
        query: #"SYSTEM_SYSRULES_query"(
          selection: #"SYSTEM_SYSRULES_querySelection"(columns: {
            #"SYSTEM_SYSRULES_queryColumn"(field: "datetime"),
            #"SYSTEM_SYSRULES_queryColumn"(field: "member"),
            #"SYSTEM_SYSRULES_queryColumn"(field: "memberType"),
            #"SYSTEM_SYSRULES_queryColumn"(field: "action"),
            #"SYSTEM_SYSRULES_queryColumn"(field: "initiator"),
            #"SYSTEM_SYSRULES_queryColumn"(field: "groupId")
          }),
          logicalExpression: if(and(isnull(local!selectedId), isnull(local!selectedInitiator), ri!fromDashboard), 
            #"SYSTEM_SYSRULES_queryLogicalExpression"(
              operator: "AND",
              filters: {
                #"SYSTEM_SYSRULES_queryFilter"(
                  field: "groupId",
                  operator: "=",
                  value: ri!id
                ),

              }
              ), 
            if(and(isnull(local!selectedId), isnull(local!selectedInitiator)), 
            
             #"SYSTEM_SYSRULES_queryLogicalExpression"(
              operator: "AND",
                filters: { 
                  #"SYSTEM_SYSRULES_queryFilter"(
                      field: "groupId",
                      operator: "&lt;&gt;",
                      value: 0
                  ),
                }),
                
              #"SYSTEM_SYSRULES_queryLogicalExpression"(
              operator: "AND",
                filters: { 
                  if(isnull(local!selectedId), "", 
                    #"SYSTEM_SYSRULES_queryFilter"(
                      field: "groupId",
                      operator: "=",
                      value: local!selectedId
                  )),
                  if(isnull(local!selectedInitiator), "",
                    #"SYSTEM_SYSRULES_queryFilter"(
                      field: "initiator",
                      operator: "=",
                      value: local!selectedInitiator
                    )
                  )
                }
              )
            )
             
          ),
          pagingInfo: local!pagingInfo
        )
      ),
      {
      if(ri!fromDashboard, {}, {
        #"SYSTEM_SYSRULES_pickerFieldGroups"(
            label: "Filter by Group",
            labelPosition: "ADJACENT",
            maxSelections: 1,
            value: local!selectedGroup,
            saveInto: { local!selectedGroup, 
              a!save(local!selectedId, index(local!selectedGroup, 1, null)), 
              a!save(local!pagingInfo.startIndex, 1)
            }
          ), 
          #"SYSTEM_SYSRULES_pickerFieldUsers"(
            label: "Filter by Initiator",
            labelPosition: "ADJACENT",
            maxSelections: 1,
            value: local!selectedUser,
            saveInto: { local!selectedUser,
              a!save(local!selectedInitiator, tostring(local!selectedUser)),
              a!save(local!pagingInfo.startIndex, 1)
            }
          )
        }
      ),
      #"SYSTEM_SYSRULES_gridField"(
        totalCount: local!datasubset.totalCount,
        columns: {
          #"SYSTEM_SYSRULES_gridTextColumn"(
            label: "Date",
            field: "datetime",
            data: index(local!datasubset.data, "datetime", {})
          ), 
          #"SYSTEM_SYSRULES_gridTextColumn"(
            label: "Initiator",
            field: "initiator",
            data: apply(if(isnull(_), {}, #"_a-0000d9a7-1a81-8000-9e06-010000010000_621"(_)), index(local!datasubset.data, "initiator", {})),
            links:  #"SYSTEM_SYSRULES_applyComponents"(
              function: #"SYSTEM_SYSRULES_userRecordLink"(user: _),
              array: index(local!datasubset.data, "initiator", {})
            )         
          ),  
          if(ri!fromDashboard, {},
            #"SYSTEM_SYSRULES_gridTextColumn"(
              label: "Group",
              field: "groupId",
              data: apply(group(_, "groupName"), index(local!datasubset.data, "groupId", {})),
              links: #"SYSTEM_SYSRULES_applyComponents"(
                function: #"SYSTEM_SYSRULES_recordLink"(recordType: #"_a-0000d9bd-3832-8000-9e06-010000010000_8528", identifier: _),
                array: index(local!datasubset.data, "groupId", {})
              )
            )),          
          #"SYSTEM_SYSRULES_gridTextColumn"(
            label: "Added/Removed",
            field: "action",
            data: index(local!datasubset.data, "action", {})
          ),
          #"SYSTEM_SYSRULES_gridTextColumn"(
            label: "Member Type",
            field: "memberType",
            data: index(local!datasubset.data, "memberType", {})
          ),
          #"SYSTEM_SYSRULES_gridTextColumn"(
            label: "Member",
            field: "member",
            data: apply(#"_a-0000d9c3-e1a8-8000-9e06-010000010000_8556"(_), index(local!datasubset.data, "member", {})),
            links: #"SYSTEM_SYSRULES_applyComponents"(
              function: #"_a-0000d9bd-3832-8000-9e06-010000010000_8527"(userOrGroupText: _),
              array: index(local!datasubset.data, "member", {})
            )            
          )        
          
        },
        value: local!pagingInfo,
        saveInto: local!pagingInfo
      )
      }
    )
  )

)</definition>
        <namedTypedValue>
            <name>id</name>
            <type>
                <name>int</name>
                <namespace>http://www.w3.org/2001/XMLSchema</namespace>
            </type>
        </namedTypedValue>
        <namedTypedValue>
            <name>fromDashboard</name>
            <type>
                <name>boolean</name>
                <namespace>http://www.w3.org/2001/XMLSchema</namespace>
            </type>
        </namedTypedValue>
        <preferredEditor>interface</preferredEditor>
        <offlineEnabled>false</offlineEnabled>
    </rule>
    <roleMap public="true">
        <role inherit="true" allowForAll="false" name="readers">
            <users/>
            <groups/>
        </role>
        <role inherit="true" allowForAll="false" name="authors">
            <users/>
            <groups/>
        </role>
        <role inherit="true" allowForAll="false" name="administrators">
            <users/>
            <groups/>
        </role>
        <role inherit="false" allowForAll="false" name="denyReaders">
            <users/>
            <groups/>
        </role>
        <role inherit="false" allowForAll="false" name="denyAuthors">
            <users/>
            <groups/>
        </role>
        <role inherit="false" allowForAll="false" name="denyAdministrators">
            <users/>
            <groups/>
        </role>
    </roleMap>
</contentHaul>
