<?xml version="1.0" encoding="UTF-8"?>
<siteHaul xmlns:a="http://www.appian.com/ae/types/2009" xmlns:xsi="http://www.w3.org/2001/XMLSchema-instance">
  <site a:uuid="74202c14-165e-4471-aa2f-4f0d9959d75f" name="Home">
    <description/>
    <urlStub>home</urlStub>
    <page>
      <staticName>Home</staticName>
      <description/>
      <urlStub>home</urlStub>
      <uiObject a:uuid="5b06f1fc-928a-4bd7-8b43-c9486726b044" xsi:type="a:TempoReport"/>
      <iconId>f015</iconId>
      <visibilityExpr>fn!true()</visibilityExpr>
      <pageWidth>STANDARD</pageWidth>
    </page>
    <page>
      <nameExpr>with(local!tabNum: 1,local!reports:#"_a-0000de8c-7f85-8000-7f69-01ef9001ef90_4871"(user:loggedInUser(),widgetType:#"_a-0000de8c-7f85-8000-7f69-01ef9001ef90_4825"),if(or(#"_a-0000de8c-7f85-8000-7f69-01ef9001ef90_4805"(local!reports), length(local!reports)&lt;local!tabNum),"",local!reports[local!tabNum].widget.name))</nameExpr>
      <description/>
      <urlStub>favorite-tab-1</urlStub>
      <uiObject a:uuid="88bfd18e-2d4a-4a88-a1cf-61f8bb2dc56e" xsi:type="a:TempoReport"/>
      <iconId>f080</iconId>
      <visibilityExpr>#"_a-0000de3b-6558-8000-3457-01ef9001ef90_6091"(1)</visibilityExpr>
      <pageWidth>STANDARD</pageWidth>
    </page>
    <page>
      <nameExpr>with(local!tabNum: 2,local!reports:#"_a-0000de8c-7f85-8000-7f69-01ef9001ef90_4871"(user:loggedInUser(),widgetType:#"_a-0000de8c-7f85-8000-7f69-01ef9001ef90_4825"),if(or(#"_a-0000de8c-7f85-8000-7f69-01ef9001ef90_4805"(local!reports), length(local!reports)&lt;local!tabNum),"",local!reports[local!tabNum].widget.name))</nameExpr>
      <description/>
      <urlStub>favorite-tab-2</urlStub>
      <uiObject a:uuid="a6f72e71-8f45-49e6-a1cb-a6d06e19ca5b" xsi:type="a:TempoReport"/>
      <iconId>f200</iconId>
      <visibilityExpr>#"_a-0000de3b-6558-8000-3457-01ef9001ef90_6091"(2)</visibilityExpr>
      <pageWidth>STANDARD</pageWidth>
    </page>
    <page>
      <nameExpr>with(local!tabNum: 3,local!reports:#"_a-0000de8c-7f85-8000-7f69-01ef9001ef90_4871"(user:loggedInUser(),widgetType:#"_a-0000de8c-7f85-8000-7f69-01ef9001ef90_4825"),if(or(#"_a-0000de8c-7f85-8000-7f69-01ef9001ef90_4805"(local!reports), length(local!reports)&lt;local!tabNum),"",local!reports[local!tabNum].widget.name))</nameExpr>
      <description/>
      <urlStub>favorite-tab-3</urlStub>
      <uiObject a:uuid="f51a6e78-5944-4800-a30a-a920ead10403" xsi:type="a:TempoReport"/>
      <iconId>f1fe</iconId>
      <visibilityExpr>#"_a-0000de3b-6558-8000-3457-01ef9001ef90_6091"(3)</visibilityExpr>
      <pageWidth>STANDARD</pageWidth>
    </page>
    <page>
      <nameExpr>with(local!tabNum: 4,local!reports:#"_a-0000de8c-7f85-8000-7f69-01ef9001ef90_4871"(user:loggedInUser(),widgetType:#"_a-0000de8c-7f85-8000-7f69-01ef9001ef90_4825"),if(or(#"_a-0000de8c-7f85-8000-7f69-01ef9001ef90_4805"(local!reports), length(local!reports)&lt;local!tabNum),"",local!reports[local!tabNum].widget.name))</nameExpr>
      <description/>
      <urlStub>favorite-tab-4</urlStub>
      <uiObject a:uuid="dda75eee-02cf-46ea-83cb-94057e274e13" xsi:type="a:TempoReport"/>
      <iconId>f005</iconId>
      <visibilityExpr>#"_a-0000de3b-6558-8000-3457-01ef9001ef90_6091"(4)</visibilityExpr>
      <pageWidth>STANDARD</pageWidth>
    </page>
    <visibility>268435456</visibility>
    <headerBackgroundColor>#115423</headerBackgroundColor>
    <selectedTabBackgroundColor>#DADADA</selectedTabBackgroundColor>
    <faviconRef a:uuid="SYSTEM_CONTENT_SITES_DEFAULT_FAVICON" xsi:type="a:CollaborationDocument"/>
    <faviconHref/>
    <logoRef a:uuid="SYSTEM_CONTENT_SITES_DEFAULT_LOGO" xsi:type="a:CollaborationDocument"/>
    <logoHref/>
    <headerBackgroundColorExpr/>
    <selectedTabBackgroundColorExpr/>
    <accentColorExpr xsi:nil="true"/>
    <logoExpr xsi:nil="true"/>
    <faviconExpr xsi:nil="true"/>
    <showName>false</showName>
    <tempoLinkVisibility>HIDDEN</tempoLinkVisibility>
  </site>
  <roleMap>
    <role name="site_administrator">
      <users/>
      <groups>
        <groupUuid>_e-0000de3b-6558-8000-341f-011e94011e94_20</groupUuid>
      </groups>
    </role>
    <role name="site_viewer">
      <users/>
      <groups>
        <groupUuid>_e-0000de3b-6558-8000-341f-011e94011e94_21</groupUuid>
      </groups>
    </role>
  </roleMap>
</siteHaul>
