<?xml version="1.0" encoding="UTF-8" standalone="yes"?>
<groupHaul xmlns:a="http://www.appian.com/ae/types/2009">
    <group>
        <name>GMTA All Users</name>
        <securityMap>SECURITYMAP_TEAM</securityMap>
        <uuid>_e-0000d9bd-3833-8000-9e04-010000010000_111</uuid>
        <groupTypeUuid>SYSTEM_GROUP_TYPE_CUSTOM</groupTypeUuid>
        <description>All users of the Group Management Tempo Application</description>
        <delegatedCreation>false</delegatedCreation>
        <memberPolicy>MEMBERPOLICY_CLOSED</memberPolicy>
        <viewingPolicy>VIEWINGPOLICY_HIGH</viewingPolicy>
        <attributes/>
    </group>
    <members>
        <users/>
        <groups>
            <groupUuid>_e-0000ddfd-3724-8000-9aee-01075c01075c_165</groupUuid>
            <groupUuid>_e-0000ddfd-3724-8000-9aee-01075c01075c_176</groupUuid>
            <groupUuid>_e-0000de2c-311a-8000-9aee-01075c01075c_567</groupUuid>
            <groupUuid>_e-0000de22-38a9-8000-9aee-01075c01075c_237</groupUuid>
            <groupUuid>_e-0000de22-38a9-8000-9aee-01075c01075c_249</groupUuid>
            <groupUuid>_e-0000de22-38a9-8000-9aee-01075c01075c_253</groupUuid>
            <groupUuid>_e-0000deaa-80f3-8000-9aee-01075c01075c_658</groupUuid>
            <groupUuid>_e-0001dd1d-ae6e-8000-9aee-01075c01075c_127</groupUuid>
            <groupUuid>_e-0000de22-38a9-8000-9aee-01075c01075c_233</groupUuid>
            <groupUuid>_e-0000ddfd-3724-8000-9aee-01075c01075c_164</groupUuid>
            <groupUuid>_e-0000de22-38a9-8000-9aee-01075c01075c_223</groupUuid>
            <groupUuid>_e-0000de22-38a9-8000-9aee-01075c01075c_245</groupUuid>
            <groupUuid>_e-0000d9eb-6a3f-8000-9e04-010000010000_32</groupUuid>
            <groupUuid>_e-0000ddfd-3724-8000-9aee-01075c01075c_170</groupUuid>
            <groupUuid>_e-0000de22-38a9-8000-9aee-01075c01075c_241</groupUuid>
            <groupUuid>_e-0000deaa-80f3-8000-9aee-01075c01075c_660</groupUuid>
            <groupUuid>_e-0000decc-9cae-8000-9aee-01075c01075c_678</groupUuid>
            <groupUuid>_e-0000d9bd-3833-8000-9e04-010000010000_112</groupUuid>
            <groupUuid>_e-0001dd9c-3e6d-8000-9aee-01075c01075c_138</groupUuid>
            <groupUuid>_e-0001dd9c-3e6d-8000-9aee-01075c01075c_137</groupUuid>
            <groupUuid>_e-0000de22-38a9-8000-9aee-01075c01075c_228</groupUuid>
            <groupUuid>_e-0000de22-38a9-8000-9aee-01075c01075c_219</groupUuid>
            <groupUuid>_e-0001dd9c-3e6d-8000-9aee-01075c01075c_133</groupUuid>
        </groups>
    </members>
    <admins>
        <users/>
        <groups>
            <groupUuid>_e-0000d9bd-3833-8000-9e04-010000010000_112</groupUuid>
        </groups>
    </admins>
    <ruleSet/>
</groupHaul>
