<?xml version="1.0" encoding="UTF-8" standalone="yes"?>
<dataStoreHaul xmlns:a="http://www.appian.com/ae/types/2009">
    <dataStore>
        <uuid>_a-0000deb5-0bcc-8000-9ba2-011c48011c48_218580</uuid>
        <name>UAP Views Datastore</name>
        <description>The Views Data Store for the University Admissions application</description>
        <dataSourceKey>jdbc/USFData</dataSourceKey>
        <adaptingExplicitSqlNames>false</adaptingExplicitSqlNames>
        <autoUpdateSchema>false</autoUpdateSchema>
        <entities>
            <entity>
                <uuid>18786092-d19c-4d86-b0c6-78e923bc532f</uuid>
                <name>UAP_v_programDegree</name>
                <type>{urn:com:appian:types:UAP}UAP_v_programDegree</type>
            </entity>
            <entity>
                <uuid>3f4260f6-ef32-4e10-a084-2d7cb50144d0</uuid>
                <name>UAP_v_graduateApplication</name>
                <type>{urn:com:appian:types:UAP}UAP_v_graduateApplication</type>
            </entity>
            <entity>
                <uuid>2cc34c4b-654f-4907-9b5f-7532db4b0ac0</uuid>
                <name>UAP_v_directorDashApplication</name>
                <type>{urn:com:appian:types:UAP}UAP_v_directorDashApplication</type>
            </entity>
            <entity>
                <uuid>a8485d79-3823-45f1-9212-ce3e5e6373ce</uuid>
                <name>UAP_v_facultyReviewer</name>
                <type>{urn:com:appian:types:UAP}UAP_v_facultyReviewer</type>
            </entity>
            <entity>
                <uuid>fd8f2992-1962-4e1b-b40a-8483725d7914</uuid>
                <name>UAP_v_initialReview</name>
                <type>{urn:com:appian:types:UAP}UAP_v_initialReview</type>
            </entity>
            <entity>
                <uuid>1b0d8db3-8b7a-43fa-955f-d1eb509ea377</uuid>
                <name>UAP_v_finalDecision</name>
                <type>{urn:com:appian:types:UAP}UAP_v_finalDecision</type>
            </entity>
            <entity>
                <uuid>186e1536-12fb-477f-bed5-a4038de280fe</uuid>
                <name>UAP_v_milestoneDuration</name>
                <type>{urn:com:appian:types:UAP}UAP_v_milestoneDuration</type>
            </entity>
            <entity>
                <uuid>f06ff9ab-68c8-4cce-a22a-f8933aed0edd</uuid>
                <name>UAP_v_admissionsByProgram</name>
                <type>{urn:com:appian:types:UAP}UAP_v_admissionsByProgram</type>
            </entity>
        </entities>
    </dataStore>
    <isPublished>true</isPublished>
    <roleMap>
        <role inherit="false" allowForAll="false" name="administrators">
            <users/>
            <groups>
                <groupUuid>_e-0000deb5-0bcb-8000-9aee-01075c01075c_667</groupUuid>
            </groups>
        </role>
        <role inherit="false" allowForAll="false" name="authors">
            <users/>
            <groups/>
        </role>
        <role inherit="false" allowForAll="false" name="denyAdministrators">
            <users/>
            <groups/>
        </role>
        <role inherit="false" allowForAll="false" name="denyAuthors">
            <users/>
            <groups/>
        </role>
        <role inherit="false" allowForAll="false" name="denyReaders">
            <users/>
            <groups/>
        </role>
        <role inherit="false" allowForAll="false" name="readers">
            <users/>
            <groups>
                <groupUuid>_e-0000deb5-0bcb-8000-9aee-01075c01075c_666</groupUuid>
            </groups>
        </role>
    </roleMap>
</dataStoreHaul>
