<?xml version="1.0" encoding="UTF-8" standalone="yes"?>
<dataStoreHaul xmlns:a="http://www.appian.com/ae/types/2009">
    <dataStore>
        <uuid>_a-0000deb5-0bcc-8000-9ba2-011c48011c48_218181</uuid>
        <name>UAP Datastore</name>
        <description>The Data Store for the University Admissions application</description>
        <dataSourceKey>jdbc/USFData</dataSourceKey>
        <adaptingExplicitSqlNames>false</adaptingExplicitSqlNames>
        <autoUpdateSchema>false</autoUpdateSchema>
        <entities>
            <entity>
                <uuid>02659970-6347-473a-b7a6-132d26c20296</uuid>
                <name>UAP_reference</name>
                <type>{urn:com:appian:types:UAP}UAP_reference</type>
            </entity>
            <entity>
                <uuid>f6d6ab60-27a3-4ac4-b9db-2e6a4277e81d</uuid>
                <name>UAP_level1</name>
                <type>{urn:com:appian:types:UAP}UAP_level1</type>
            </entity>
            <entity>
                <uuid>8ac30174-eca8-494c-808d-86297a75036a</uuid>
                <name>UAP_level2</name>
                <type>{urn:com:appian:types:UAP}UAP_level2</type>
            </entity>
            <entity>
                <uuid>0309dd09-bc64-4687-bd7b-03d0deead709</uuid>
                <name>UAP_level3</name>
                <type>{urn:com:appian:types:UAP}UAP_level3</type>
            </entity>
            <entity>
                <uuid>b7c918a4-2d2d-4fc1-bf40-4907eed01519</uuid>
                <name>UAP_reviewer</name>
                <type>{urn:com:appian:types:UAP}UAP_reviewer</type>
            </entity>
            <entity>
                <uuid>f62d67c6-2018-4bbc-abe8-c18058e084f3</uuid>
                <name>UAP_graduateApplication</name>
                <type>{urn:com:appian:types:UAP}UAP_graduateApplication</type>
            </entity>
            <entity>
                <uuid>7f3a766c-c00c-48c2-ab51-55be0711b3c3</uuid>
                <name>TRV_auditHistory</name>
                <type>{urn:com:appian:types:TRV}TRV_auditHistory</type>
            </entity>
            <entity>
                <uuid>3e938f45-8fc2-49a3-9e8a-345d1e0883ee</uuid>
                <name>UAP_applicationNote</name>
                <type>{urn:com:appian:types:UAP}UAP_applicationNote</type>
            </entity>
            <entity>
                <uuid>3b9120f6-7524-48ec-9245-eea748ffb632</uuid>
                <name>UAP_gradAppDetail</name>
                <type>{urn:com:appian:types:UAP}UAP_gradAppDetail</type>
            </entity>
            <entity>
                <uuid>65289fec-8715-493f-88aa-e48f26dc6ae9</uuid>
                <name>UAP_gradScore</name>
                <type>{urn:com:appian:types:UAP}UAP_gradScore</type>
            </entity>
            <entity>
                <uuid>ce8daad4-9d23-4a50-8c6a-cd4eb37081ef</uuid>
                <name>UAP_reviewCycle</name>
                <type>{urn:com:appian:types:UAP}UAP_reviewCycle</type>
            </entity>
            <entity>
                <uuid>ed4d2562-bb89-4eb7-9ed8-a6d2761bda56</uuid>
                <name>UAP_designee</name>
                <type>{urn:com:appian:types:UAP}UAP_designee</type>
            </entity>
            <entity>
                <uuid>b474f10a-1c1a-4660-a489-965d1a3cbfcc</uuid>
                <name>AX_appXtenderIndex</name>
                <type>{urn:com:appian:types:AX}AX_appXtenderIndex</type>
            </entity>
        </entities>
    </dataStore>
    <isPublished>true</isPublished>
    <roleMap>
        <role inherit="false" allowForAll="false" name="administrators">
            <users/>
            <groups>
                <groupUuid>_e-0000deb5-0bcb-8000-9aee-01075c01075c_667</groupUuid>
            </groups>
        </role>
        <role inherit="false" allowForAll="false" name="authors">
            <users/>
            <groups/>
        </role>
        <role inherit="false" allowForAll="false" name="denyAdministrators">
            <users/>
            <groups/>
        </role>
        <role inherit="false" allowForAll="false" name="denyAuthors">
            <users/>
            <groups/>
        </role>
        <role inherit="false" allowForAll="false" name="denyReaders">
            <users/>
            <groups/>
        </role>
        <role inherit="false" allowForAll="false" name="readers">
            <users/>
            <groups>
                <groupUuid>_e-0000deb5-0bcb-8000-9aee-01075c01075c_666</groupUuid>
            </groups>
        </role>
    </roleMap>
</dataStoreHaul>
