<?xml version="1.0" encoding="UTF-8" standalone="yes"?>
<contentHaul xmlns:a="http://www.appian.com/ae/types/2009">
    <rule>
        <name>WD_getAllWidgets</name>
        <uuid>_a-0000de34-56c9-8000-3457-01ef9001ef90_5588</uuid>
        <description>Queries all widgets, but only returns name, attribute, identifier, appianIconId, and IconId.</description>
        <parentUuid>_a-0000de29-c706-8000-3457-01ef9001ef90_4610</parentUuid>
        <visibility>
            <advertise>false</advertise>
            <hierarchy>true</hierarchy>
            <indexable>true</indexable>
            <quota>false</quota>
            <searchable>true</searchable>
            <system>false</system>
            <unlogged>false</unlogged>
        </visibility>
        <definition>#"SYSTEM_SYSRULES_queryEntity"(
  entity: #"_a-0000de2b-96d5-8000-3457-01ef9001ef90_4789",
  query: #"SYSTEM_SYSRULES_query"(
    selection: #"SYSTEM_SYSRULES_querySelection"(
      columns: {
        #"SYSTEM_SYSRULES_queryColumn"(
          field: "name"
        ),
        #"SYSTEM_SYSRULES_queryColumn"(
          field: "attribute"
        ),
        #"SYSTEM_SYSRULES_queryColumn"(
          field: "identifier"
        ),
        #"SYSTEM_SYSRULES_queryColumn"(
          field: "appianIconId"
        ),
        #"SYSTEM_SYSRULES_queryColumn"(
          field: "iconId"
        )
      }
    ),
    pagingInfo: #"SYSTEM_SYSRULES_pagingInfo"(
      startIndex: 1,
      batchSize: -1
    )
  )
)</definition>
        <preferredEditor>legacy</preferredEditor>
        <offlineEnabled>false</offlineEnabled>
    </rule>
    <roleMap public="true">
        <role inherit="true" allowForAll="false" name="readers">
            <users/>
            <groups/>
        </role>
        <role inherit="true" allowForAll="false" name="authors">
            <users/>
            <groups/>
        </role>
        <role inherit="true" allowForAll="false" name="administrators">
            <users/>
            <groups/>
        </role>
        <role inherit="false" allowForAll="false" name="denyReaders">
            <users/>
            <groups/>
        </role>
        <role inherit="false" allowForAll="false" name="denyAuthors">
            <users/>
            <groups/>
        </role>
        <role inherit="false" allowForAll="false" name="denyAdministrators">
            <users/>
            <groups/>
        </role>
    </roleMap>
</contentHaul>
