<?xml version="1.0" encoding="UTF-8" standalone="yes"?>
<contentHaul xmlns:a="http://www.appian.com/ae/types/2009">
    <rule>
        <name>WD_richTextDistributerColumnView</name>
        <uuid>_a-0000de34-56c9-8000-3457-01ef9001ef90_5491</uuid>
        <description>Distributes links to be displayed in two columns with an icon associated with the link.</description>
        <parentUuid>_a-0000de29-c706-8000-3457-01ef9001ef90_4609</parentUuid>
        <visibility>
            <advertise>false</advertise>
            <hierarchy>true</hierarchy>
            <indexable>true</indexable>
            <quota>false</quota>
            <searchable>true</searchable>
            <system>false</system>
            <unlogged>false</unlogged>
        </visibility>
        <definition>with(&#xD;
  local!index: ri!index*2,&#xD;
  #"SYSTEM_SYSRULES_gridRowLayout"(&#xD;
    id: local!index,&#xD;
    contents: {&#xD;
      /*Determine whether or not link should be in first or second column*/&#xD;
      if(and(mod(count(ri!widgets), 2) &lt;&gt; 0, local!index-1 = count(ri!widgets)),&#xD;
        {&#xD;
          #"_a-0000dea1-c302-8000-3120-01ef9001ef90_6488"(ri!widgets[local!index-1]),&#xD;
          #"SYSTEM_SYSRULES_textField"(&#xD;
            label: "",&#xD;
            readOnly: true&#xD;
          )&#xD;
        },&#xD;
        {&#xD;
          #"_a-0000dea1-c302-8000-3120-01ef9001ef90_6488"(ri!widgets[local!index-1]),&#xD;
          #"_a-0000dea1-c302-8000-3120-01ef9001ef90_6488"(ri!widgets[local!index])&#xD;
        }&#xD;
      )&#xD;
    }&#xD;
  )&#xD;
)&#xD;
&#xD;
</definition>
        <namedTypedValue>
            <name>widgets</name>
            <type>
                <name>WD_widget?list</name>
                <namespace>urn:com:appian:types</namespace>
            </type>
        </namedTypedValue>
        <namedTypedValue>
            <name>index</name>
            <type>
                <name>int</name>
                <namespace>http://www.w3.org/2001/XMLSchema</namespace>
            </type>
        </namedTypedValue>
        <preferredEditor>legacy</preferredEditor>
        <offlineEnabled>false</offlineEnabled>
    </rule>
    <roleMap public="true">
        <role inherit="true" allowForAll="false" name="readers">
            <users/>
            <groups/>
        </role>
        <role inherit="true" allowForAll="false" name="authors">
            <users/>
            <groups/>
        </role>
        <role inherit="true" allowForAll="false" name="administrators">
            <users/>
            <groups/>
        </role>
        <role inherit="false" allowForAll="false" name="denyReaders">
            <users/>
            <groups/>
        </role>
        <role inherit="false" allowForAll="false" name="denyAuthors">
            <users/>
            <groups/>
        </role>
        <role inherit="false" allowForAll="false" name="denyAdministrators">
            <users/>
            <groups/>
        </role>
    </roleMap>
</contentHaul>
