<?xml version="1.0" encoding="UTF-8" standalone="yes"?>
<contentHaul xmlns:a="http://www.appian.com/ae/types/2009">
    <rule>
        <name>WD_widgetDistributer</name>
        <uuid>_a-0000de2b-27a4-8000-3457-01ef9001ef90_4686</uuid>
        <description>Distributes widgets throughout the home page interface.</description>
        <parentUuid>_a-0000de29-c706-8000-3457-01ef9001ef90_4609</parentUuid>
        <visibility>
            <advertise>false</advertise>
            <hierarchy>true</hierarchy>
            <indexable>true</indexable>
            <quota>false</quota>
            <searchable>true</searchable>
            <system>false</system>
            <unlogged>false</unlogged>
        </visibility>
        <definition>if(ri!firstColumn,
  if(mod(ri!index, 2) = 0,
    #"SYSTEM_SYSRULES_sectionLayout"(
      label: ri!bookmarkedWidgets[ri!index].name,
      firstColumnContents: {
        #"_a-0000de33-1f7f-8000-3457-01ef9001ef90_5379"(ri!bookmarkedWidgets[ri!index])
      }
    ), {}
  ),
  if(mod(ri!index, 2) &lt;&gt; 0,
    #"SYSTEM_SYSRULES_sectionLayout"(
      label: ri!bookmarkedWidgets[ri!index].name,
      firstColumnContents: {
        #"_a-0000de33-1f7f-8000-3457-01ef9001ef90_5379"(ri!bookmarkedWidgets[ri!index])
      }
    ), {}
  )
)</definition>
        <namedTypedValue>
            <name>bookmarkedWidgets</name>
            <type>
                <name>WD_widget?list</name>
                <namespace>urn:com:appian:types</namespace>
            </type>
        </namedTypedValue>
        <namedTypedValue>
            <name>firstColumn</name>
            <type>
                <name>boolean</name>
                <namespace>http://www.w3.org/2001/XMLSchema</namespace>
            </type>
        </namedTypedValue>
        <namedTypedValue>
            <name>index</name>
            <type>
                <name>int</name>
                <namespace>http://www.w3.org/2001/XMLSchema</namespace>
            </type>
        </namedTypedValue>
        <preferredEditor>legacy</preferredEditor>
        <offlineEnabled>false</offlineEnabled>
    </rule>
    <roleMap public="true">
        <role inherit="true" allowForAll="false" name="readers">
            <users/>
            <groups/>
        </role>
        <role inherit="true" allowForAll="false" name="authors">
            <users/>
            <groups/>
        </role>
        <role inherit="true" allowForAll="false" name="administrators">
            <users/>
            <groups/>
        </role>
        <role inherit="false" allowForAll="false" name="denyReaders">
            <users/>
            <groups/>
        </role>
        <role inherit="false" allowForAll="false" name="denyAuthors">
            <users/>
            <groups/>
        </role>
        <role inherit="false" allowForAll="false" name="denyAdministrators">
            <users/>
            <groups/>
        </role>
    </roleMap>
</contentHaul>
