<?xml version="1.0" encoding="UTF-8" standalone="yes"?>
<contentHaul xmlns:a="http://www.appian.com/ae/types/2009">
    <queryRule>
        <name>WD_getToDoItemsByUser</name>
        <uuid>_a-0000de35-a96e-8000-3457-01ef9001ef90_5731</uuid>
        <description>Returns all of a given user's to do items.</description>
        <folderUuid>_a-0000de29-c706-8000-3457-01ef9001ef90_4610</folderUuid>
        <dataStoreEntityCompositeUuid>2c30dcdc-3336-4d62-975f-1625850ca7e3@_a-0000de29-c706-8000-3457-01ef9001ef90_4605</dataStoreEntityCompositeUuid>
        <params>
            <param>
                <description></description>
                <name>user</name>
                <type>{http://www.w3.org/2001/XMLSchema}string</type>
            </param>
        </params>
        <filters>
            <filter>
                <field>
                    <name>user</name>
                    <type>{http://www.w3.org/2001/XMLSchema}string</type>
                </field>
                <op>=</op>
                <value>user</value>
                <valueType>PARAMETER</valueType>
            </filter>
        </filters>
        <orderings>
            <ordering>
                <ascending>false</ascending>
                <field>
                    <name>dueDate</name>
                    <type>{http://www.w3.org/2001/XMLSchema}dateTime</type>
                </field>
            </ordering>
        </orderings>
    </queryRule>
    <roleMap public="false">
        <role inherit="true" allowForAll="false" name="readers">
            <users/>
            <groups/>
        </role>
        <role inherit="true" allowForAll="false" name="authors">
            <users/>
            <groups/>
        </role>
        <role inherit="true" allowForAll="false" name="administrators">
            <users/>
            <groups/>
        </role>
        <role inherit="false" allowForAll="false" name="denyReaders">
            <users/>
            <groups/>
        </role>
        <role inherit="false" allowForAll="false" name="denyAuthors">
            <users/>
            <groups/>
        </role>
        <role inherit="false" allowForAll="false" name="denyAdministrators">
            <users/>
            <groups/>
        </role>
    </roleMap>
</contentHaul>
