<?xml version="1.0" encoding="UTF-8" standalone="yes"?>
<contentHaul xmlns:a="http://www.appian.com/ae/types/2009">
    <rule>
        <name>WD_catalogueSectionDistributer</name>
        <uuid>_a-0000de31-b787-8000-3457-01ef9001ef90_5207</uuid>
        <description>Distributes one section for each attribute of the widgets in a catalogue.</description>
        <parentUuid>_a-0000de29-c706-8000-3457-01ef9001ef90_4609</parentUuid>
        <visibility>
            <advertise>false</advertise>
            <hierarchy>true</hierarchy>
            <indexable>true</indexable>
            <quota>false</quota>
            <searchable>true</searchable>
            <system>false</system>
            <unlogged>false</unlogged>
        </visibility>
        <definition>if(
  or(
    /*if in first column and index is odd, display section*/
                            /*OR*/
    /*if in second column and index is even, display section*/
    and(ri!firstColumn, mod(ri!index,2) &lt;&gt; 0),
    and(not(ri!firstColumn), mod(ri!index,2) = 0)
  ),  
  {
    #"SYSTEM_SYSRULES_richTextDisplayField"(
      labelPosition: "COLLAPSED",
      value: #"SYSTEM_SYSRULES_richTextItem"(text: ri!sections[ri!index], style: "HEADER_MEDIUM")
    ),
    #"SYSTEM_SYSRULES_applyComponents"(
      function: #"_a-0000de31-b787-8000-3457-01ef9001ef90_5216"(
        section: ri!sections[ri!index],
        allLinks: ri!allLinks,
        bookmarkedLinks: ri!bookmarkedLinks,
        index: _
      ),
      array: if(or(isnull(ri!allLinks),
            count(ri!allLinks) &lt; 1), {},
            1+enumerate(count(ri!allLinks))
          )
    )
  },
  {}
)</definition>
        <namedTypedValue>
            <name>allLinks</name>
            <type>
                <name>WD_widget?list</name>
                <namespace>urn:com:appian:types</namespace>
            </type>
        </namedTypedValue>
        <namedTypedValue>
            <name>bookmarkedLinks</name>
            <type>
                <name>WD_bookmark?list</name>
                <namespace>urn:com:appian:types</namespace>
            </type>
        </namedTypedValue>
        <namedTypedValue>
            <name>firstColumn</name>
            <type>
                <name>boolean</name>
                <namespace>http://www.w3.org/2001/XMLSchema</namespace>
            </type>
        </namedTypedValue>
        <namedTypedValue>
            <name>sections</name>
            <type>
                <name>Text?list</name>
                <namespace>http://www.appian.com/ae/types/2009</namespace>
            </type>
        </namedTypedValue>
        <namedTypedValue>
            <name>index</name>
            <type>
                <name>int</name>
                <namespace>http://www.w3.org/2001/XMLSchema</namespace>
            </type>
        </namedTypedValue>
        <preferredEditor>legacy</preferredEditor>
        <offlineEnabled>false</offlineEnabled>
    </rule>
    <roleMap public="true">
        <role inherit="true" allowForAll="false" name="readers">
            <users/>
            <groups/>
        </role>
        <role inherit="true" allowForAll="false" name="authors">
            <users/>
            <groups/>
        </role>
        <role inherit="true" allowForAll="false" name="administrators">
            <users/>
            <groups/>
        </role>
        <role inherit="false" allowForAll="false" name="denyReaders">
            <users/>
            <groups/>
        </role>
        <role inherit="false" allowForAll="false" name="denyAuthors">
            <users/>
            <groups/>
        </role>
        <role inherit="false" allowForAll="false" name="denyAdministrators">
            <users/>
            <groups/>
        </role>
    </roleMap>
</contentHaul>
