<?xml version="1.0" encoding="UTF-8" standalone="yes"?>
<contentHaul xmlns:a="http://www.appian.com/ae/types/2009">
    <rule>
        <name>WD_toDoWidget</name>
        <uuid>_a-0000de35-a96e-8000-3457-01ef9001ef90_5718</uuid>
        <description>Gives the user a homemade list of to do items.</description>
        <parentUuid>_a-0000de29-c706-8000-3457-01ef9001ef90_4612</parentUuid>
        <visibility>
            <advertise>false</advertise>
            <hierarchy>true</hierarchy>
            <indexable>true</indexable>
            <quota>false</quota>
            <searchable>true</searchable>
            <system>false</system>
            <unlogged>false</unlogged>
        </visibility>
        <definition>load(
  local!newReminder: 'type!{urn:com:appian:types}WD_toDoItem'(dueDate: today(), user: loggedInUser(), done: false),
  local!date: true,
  local!toDoList: #"_a-0000de35-a96e-8000-3457-01ef9001ef90_5731"(loggedInUser()),
  local!indexesOfDoneTasks,
  local!idsToDelete,
  {
    #"SYSTEM_SYSRULES_gridLayout"(
      emptyGridMessage: "You have no reminders",
      headerCells: {
        #"SYSTEM_SYSRULES_gridLayoutHeaderCell"(),
        #"SYSTEM_SYSRULES_gridLayoutHeaderCell"("Reminder"),
        #"SYSTEM_SYSRULES_gridLayoutHeaderCell"("Do By"),
        #"SYSTEM_SYSRULES_gridLayoutHeaderCell"()
      },
      columnConfigs: {
        #"SYSTEM_SYSRULES_gridLayoutColumnConfig"("DISTRIBUTE", 1),
        #"SYSTEM_SYSRULES_gridLayoutColumnConfig"("DISTRIBUTE", 7),
        #"SYSTEM_SYSRULES_gridLayoutColumnConfig"("DISTRIBUTE", 5),
        #"SYSTEM_SYSRULES_gridLayoutColumnConfig"("DISTRIBUTE", 1)
      },
      rows: {
        #"SYSTEM_SYSRULES_applyComponents"(
          function: #"_a-0000de35-a96e-8000-3457-01ef9001ef90_5721"(
            items: local!toDoList,
            index: _
          ),
          array: if(or(isnull(local!toDoList),
              count(local!toDoList) &lt; 1), {},
              1+enumerate(count(local!toDoList)
            )
          )
        )
      }
    ),
    #"SYSTEM_SYSRULES_textField"(
      label: "New Reminder",
      labelPosition: "ADJACENT",
      required: true,
      validationGroup: "add",
      value: local!newReminder.itemName,
      validations:{
        #"_a-0000dea2-05b4-8000-3120-01ef9001ef90_6509"(
          value: local!newReminder.itemName,
          minLength: 3,
          maxLength: 255
        )
      },
      saveInto: local!newReminder.itemName
    ),
    if(local!date,
      #"SYSTEM_SYSRULES_dateField"(
        label: "Do By",
        labelPosition: "ADJACENT",
        required: true,
        validationGroup: "add",
        value: if(isnull(local!newReminder.dueDate),
          today(),
          local!newReminder.dueDate
        ),
        saveInto: local!newReminder.dueDate
      ),
      #"SYSTEM_SYSRULES_dateTimeField"(
        label: "Do By",
        labelPosition: "ADJACENT",
        required: true,
        validationGroup: "add",
        value: if(isnull(local!newReminder.dueDate),
          today(),
          local!newReminder.dueDate
        ),
        saveInto: local!newReminder.dueDate
      )
    ),
    #"SYSTEM_SYSRULES_radioButtonField"(
      labelPosition: "ADJACENT",
      choiceLabels: {"Date", "Date and Time"},
      choiceValues: {true, false},
      choiceLayout: "COMPACT",
      value: local!date,
      saveInto: {
        local!date
      }
    ),
    #"SYSTEM_SYSRULES_ButtonLayout"(
      primaryButtons: {
        #"SYSTEM_SYSRULES_ButtonWidget"(
          label: "Clear Finished Tasks",
          saveInto: {
            a!save(local!indexesOfDoneTasks, wherecontains(true, local!toDoList.done)),
            a!save(
              local!idsToDelete,
              index(
                local!toDoList.id, 
                local!indexesOfDoneTasks,
                {}
              )
            ),
            #"SYSTEM_SYSRULES_deleteFromDataStoreEntities"(
              dataToDelete: {
                'type!{http://www.appian.com/ae/types/2009}EntityDataIdentifiers'(
                  entity: #"_a-0000de35-a96e-8000-3457-01ef9001ef90_5727",
                  identifiers: local!idsToDelete
                )
              },
              onSuccess:{
                a!save(local!toDoList, remove(local!toDoList, local!indexesOfDoneTasks))  
              }
            )
          }
        ),
        #"SYSTEM_SYSRULES_ButtonWidget"(
          label: "Add Reminder",
          validate: true,
          validationGroup: "add", 
          saveInto: {
            #"SYSTEM_SYSRULES_writeToDataStoreEntity"(
              dataStoreEntity: #"_a-0000de35-a96e-8000-3457-01ef9001ef90_5727",
              valueToStore: local!newReminder,
              onSuccess:{
                a!save(local!toDoList, append(local!toDoList, fv!storedValues))
              }
            ),
            a!save(local!newReminder, 
              'type!{urn:com:appian:types}WD_toDoItem'(
                dueDate: today(), 
                user: loggedInUser(), 
                done: false
              )
            )
          }
        )
      }
    )
  }
)</definition>
        <metadataExpr></metadataExpr>
        <preferredEditor>interface</preferredEditor>
        <offlineEnabled>false</offlineEnabled>
    </rule>
    <roleMap public="true">
        <role inherit="true" allowForAll="false" name="readers">
            <users/>
            <groups/>
        </role>
        <role inherit="true" allowForAll="false" name="authors">
            <users/>
            <groups/>
        </role>
        <role inherit="true" allowForAll="false" name="administrators">
            <users/>
            <groups/>
        </role>
        <role inherit="false" allowForAll="false" name="denyReaders">
            <users/>
            <groups/>
        </role>
        <role inherit="false" allowForAll="false" name="denyAuthors">
            <users/>
            <groups/>
        </role>
        <role inherit="false" allowForAll="false" name="denyAdministrators">
            <users/>
            <groups/>
        </role>
    </roleMap>
</contentHaul>
