<?xml version="1.0" encoding="UTF-8" standalone="yes"?>
<contentHaul xmlns:a="http://www.appian.com/ae/types/2009">
    <rule>
        <name>WD_taskReportColumn</name>
        <uuid>_a-0000de34-56c9-8000-3457-01ef9001ef90_5446</uuid>
        <description>Displays a column for the task report widget</description>
        <parentUuid>_a-0000de29-c706-8000-3457-01ef9001ef90_4609</parentUuid>
        <visibility>
            <advertise>false</advertise>
            <hierarchy>true</hierarchy>
            <indexable>true</indexable>
            <quota>false</quota>
            <searchable>true</searchable>
            <system>false</system>
            <unlogged>false</unlogged>
        </visibility>
        <definition>with(&#xD;
  local!columnData: index(ri!data, ri!columnConfig.field, {}),&#xD;
  local!columnDataCount: count(local!columnData),&#xD;
  #"SYSTEM_SYSRULES_gridTextColumn"(&#xD;
    label: ri!columnConfig.label,&#xD;
    field: ri!columnConfig.field,&#xD;
    data: if(local!columnDataCount &gt; 0,&#xD;
      apply(&#xD;
        if(ri!columnConfig.configuredFormatting = "USER_OR_GROUP_NAME",&#xD;
          #"_a-0000de8c-7f85-8000-7f69-01ef9001ef90_4993"(data: local!columnData, index: _),&#xD;
          if(ri!columnConfig.configuredFormatting &lt;&gt; "NUMBER",&#xD;
            #"_a-0000de34-56c9-8000-3457-01ef9001ef90_5447"(data: local!columnData, index: _),&#xD;
            {}&#xD;
          )&#xD;
        ),&#xD;
        1 + enumerate(local!columnDataCount)&#xD;
      ), {}&#xD;
    ),&#xD;
    links: if(&#xD;
      ri!columnConfig.configuredDrilldown = "TASK_DETAILS",&#xD;
      apply(&#xD;
        #"SYSTEM_SYSRULES_processTaskLink"(task: _),&#xD;
        index(ri!data, ri!columnConfig.drilldownField, {})&#xD;
      ), null&#xD;
    )&#xD;
  )&#xD;
)</definition>
        <namedTypedValue>
            <name>columnConfig</name>
            <type>
                <name>Variant</name>
                <namespace>http://www.appian.com/ae/types/2009</namespace>
            </type>
        </namedTypedValue>
        <namedTypedValue>
            <name>data</name>
            <type>
                <name>Variant</name>
                <namespace>http://www.appian.com/ae/types/2009</namespace>
            </type>
        </namedTypedValue>
        <preferredEditor>legacy</preferredEditor>
        <offlineEnabled>false</offlineEnabled>
    </rule>
    <roleMap public="true">
        <role inherit="true" allowForAll="false" name="readers">
            <users/>
            <groups/>
        </role>
        <role inherit="true" allowForAll="false" name="authors">
            <users/>
            <groups/>
        </role>
        <role inherit="true" allowForAll="false" name="administrators">
            <users/>
            <groups/>
        </role>
        <role inherit="false" allowForAll="false" name="denyReaders">
            <users/>
            <groups/>
        </role>
        <role inherit="false" allowForAll="false" name="denyAuthors">
            <users/>
            <groups/>
        </role>
        <role inherit="false" allowForAll="false" name="denyAdministrators">
            <users/>
            <groups/>
        </role>
    </roleMap>
</contentHaul>
