<?xml version="1.0" encoding="UTF-8" standalone="yes"?>
<contentHaul xmlns:a="http://www.appian.com/ae/types/2009">
    <rule>
        <name>WD_paging</name>
        <uuid>_a-0000de44-2b06-8000-3457-01ef9001ef90_7127</uuid>
        <description>Rich Text Display field to allow paging on an editable grid.</description>
        <parentUuid>_a-0000de29-c706-8000-3457-01ef9001ef90_4609</parentUuid>
        <visibility>
            <advertise>false</advertise>
            <hierarchy>true</hierarchy>
            <indexable>true</indexable>
            <quota>false</quota>
            <searchable>true</searchable>
            <system>false</system>
            <unlogged>false</unlogged>
        </visibility>
        <definition>#"SYSTEM_SYSRULES_richTextDisplayField"(&#xD;
  labelPosition: "COLLAPSED",&#xD;
  value: {&#xD;
    #"SYSTEM_SYSRULES_richTextImage"(&#xD;
      image: if(ri!pagingInfo.startIndex &gt; 1,&#xD;
        #"SYSTEM_SYSRULES_documentImage"(&#xD;
          document: #"_a-0000de44-2b06-8000-3457-01ef9001ef90_7174",&#xD;
          link: #"SYSTEM_SYSRULES_dynamicLink"(&#xD;
            value: 1,&#xD;
            saveInto: ri!pagingInfo.startIndex&#xD;
          )&#xD;
        ),&#xD;
        #"SYSTEM_SYSRULES_documentImage"(document: #"_a-0000de44-2b06-8000-3457-01ef9001ef90_7172")&#xD;
      )&#xD;
    ),&#xD;
    #"SYSTEM_SYSRULES_richTextImage"(&#xD;
      image: if(ri!pagingInfo.startIndex &gt; 1,&#xD;
        #"SYSTEM_SYSRULES_documentImage"(&#xD;
          document: #"_a-0000de44-2b06-8000-3457-01ef9001ef90_7173",&#xD;
          link: #"SYSTEM_SYSRULES_dynamicLink"(&#xD;
            value: if(ri!pagingInfo.startIndex - ri!pagingInfo.batchSize &gt; 1, &#xD;
              ri!pagingInfo.startIndex - ri!pagingInfo.batchSize, 1&#xD;
            ),&#xD;
            saveInto: ri!pagingInfo.startIndex&#xD;
          )&#xD;
        ),&#xD;
        #"SYSTEM_SYSRULES_documentImage"(document: #"_a-0000de44-2b06-8000-3457-01ef9001ef90_7171")&#xD;
      )&#xD;
    ),&#xD;
    concat(" ", if(ri!totalCount &gt; 0, ri!pagingInfo.startIndex, 0), "-", &#xD;
      if(ri!pagingInfo.startIndex + ri!pagingInfo.batchSize &gt; ri!totalCount, ri!totalCount, ri!pagingInfo.startIndex + ri!pagingInfo.batchSize - 1)&#xD;
      , " of ", ri!totalCount, " "),&#xD;
    #"SYSTEM_SYSRULES_richTextImage"(  &#xD;
      image: if(ri!pagingInfo.startIndex + ri!pagingInfo.batchSize - 1 &lt; ri!totalCount,&#xD;
        #"SYSTEM_SYSRULES_documentImage"(&#xD;
          document: #"_a-0000de44-2b06-8000-3457-01ef9001ef90_7169",&#xD;
          link: #"SYSTEM_SYSRULES_dynamicLink"(&#xD;
            value: ri!pagingInfo.startIndex + ri!pagingInfo.batchSize,&#xD;
            saveInto: ri!pagingInfo.startIndex&#xD;
          )&#xD;
        ),&#xD;
        #"SYSTEM_SYSRULES_documentImage"(document: #"_a-0000de44-2b06-8000-3457-01ef9001ef90_7176")&#xD;
      )&#xD;
    ),&#xD;
    #"SYSTEM_SYSRULES_richTextImage"(&#xD;
      image: if(ri!pagingInfo.startIndex + ri!pagingInfo.batchSize - 1 &lt; ri!totalCount,&#xD;
        #"SYSTEM_SYSRULES_documentImage"(&#xD;
          document: #"_a-0000de44-2b06-8000-3457-01ef9001ef90_7170",&#xD;
          link: #"SYSTEM_SYSRULES_dynamicLink"(&#xD;
            value: ri!totalCount - mod(ri!totalCount - 1, ri!pagingInfo.batchSize),&#xD;
            saveInto: ri!pagingInfo.startIndex&#xD;
          )&#xD;
        ),&#xD;
        #"SYSTEM_SYSRULES_documentImage"(document: #"_a-0000de44-2b06-8000-3457-01ef9001ef90_7175")&#xD;
      )&#xD;
    )&#xD;
  }&#xD;
)</definition>
        <namedTypedValue>
            <name>totalCount</name>
            <type>
                <name>int</name>
                <namespace>http://www.w3.org/2001/XMLSchema</namespace>
            </type>
        </namedTypedValue>
        <namedTypedValue>
            <name>pagingInfo</name>
            <type>
                <name>PagingInfo</name>
                <namespace>http://www.appian.com/ae/types/2009</namespace>
            </type>
        </namedTypedValue>
        <preferredEditor>legacy</preferredEditor>
        <offlineEnabled>false</offlineEnabled>
    </rule>
    <roleMap public="true">
        <role inherit="true" allowForAll="false" name="readers">
            <users/>
            <groups/>
        </role>
        <role inherit="true" allowForAll="false" name="authors">
            <users/>
            <groups/>
        </role>
        <role inherit="true" allowForAll="false" name="administrators">
            <users/>
            <groups/>
        </role>
        <role inherit="false" allowForAll="false" name="denyReaders">
            <users/>
            <groups/>
        </role>
        <role inherit="false" allowForAll="false" name="denyAuthors">
            <users/>
            <groups/>
        </role>
        <role inherit="false" allowForAll="false" name="denyAdministrators">
            <users/>
            <groups/>
        </role>
    </roleMap>
</contentHaul>
