<?xml version="1.0" encoding="UTF-8" standalone="yes"?>
<contentHaul xmlns:a="http://www.appian.com/ae/types/2009">
    <rule>
        <name>WD_editWidgetsRow</name>
        <uuid>_a-0000de2b-27a4-8000-3457-01ef9001ef90_4716</uuid>
        <description>Creates a single row to move bookmarked widgets around.</description>
        <parentUuid>_a-0000de29-c706-8000-3457-01ef9001ef90_4609</parentUuid>
        <visibility>
            <advertise>false</advertise>
            <hierarchy>true</hierarchy>
            <indexable>true</indexable>
            <quota>false</quota>
            <searchable>true</searchable>
            <system>false</system>
            <unlogged>false</unlogged>
        </visibility>
        <definition>load(  &#xD;
  local!bookmarkedWidgetsTemp: {'type!{urn:com:appian:types}WD_bookmark'()},&#xD;
  with(&#xD;
    #"SYSTEM_SYSRULES_gridRowLayout"(&#xD;
      id: ri!index,&#xD;
      contents: {&#xD;
        #"SYSTEM_SYSRULES_textField"(&#xD;
          value: ri!bookmarkedWidgets[ri!index].widget.name,&#xD;
          readOnly: true&#xD;
        ),&#xD;
        if(ri!index &lt; length(ri!bookmarkedWidgets),&#xD;
          #"SYSTEM_SYSRULES_imageField"(&#xD;
            label: "arrowDown",&#xD;
            size: "ICON",&#xD;
            images: #"SYSTEM_SYSRULES_documentImage"(&#xD;
              document: #"SYSTEM_SYSRULES_iconIndicator"("MOVE_DOWN"),&#xD;
              altText: "Move Down",&#xD;
              caption: "Click to move this link down",&#xD;
              link: #"SYSTEM_SYSRULES_dynamicLink"(&#xD;
                value: #"_a-0000de2b-27a4-8000-3457-01ef9001ef90_4643"(ri!bookmarkedWidgets, ri!index),&#xD;
                saveInto: {&#xD;
                  a!save(local!bookmarkedWidgetsTemp, save!value),&#xD;
                  #"SYSTEM_SYSRULES_writeToDataStoreEntity"(&#xD;
                    dataStoreEntity: #"_a-0000de34-56c9-8000-3457-01ef9001ef90_5622",&#xD;
                    valueToStore: local!bookmarkedWidgetsTemp,&#xD;
                    onSuccess: a!save(ri!bookmarkedWidgets, fv!storedValues)&#xD;
                  )&#xD;
                }&#xD;
              )&#xD;
            )&#xD;
          ),&#xD;
          #"SYSTEM_SYSRULES_imageField"(&#xD;
            label: "arrowDown",&#xD;
            size: "ICON",&#xD;
            images: #"SYSTEM_SYSRULES_documentImage"(&#xD;
              document: #"SYSTEM_SYSRULES_iconIndicator"("MOVE_DOWN_DISABLED"),&#xD;
              altText: "Move Down Disabled",&#xD;
              caption: "This item cannot be moved down any further"&#xD;
            )&#xD;
          )&#xD;
        ),&#xD;
        if(ri!index &gt; 1,&#xD;
          #"SYSTEM_SYSRULES_imageField"(&#xD;
            label: "arrowUp",&#xD;
            size: "ICON",&#xD;
            images: #"SYSTEM_SYSRULES_documentImage"(&#xD;
              document: #"SYSTEM_SYSRULES_iconIndicator"("MOVE_UP"),&#xD;
              altText: "Move Up",&#xD;
              caption: "Click to move this link up",&#xD;
              link: #"SYSTEM_SYSRULES_dynamicLink"(&#xD;
                value: #"_a-0000de2b-27a4-8000-3457-01ef9001ef90_4646"(ri!bookmarkedWidgets, ri!index),&#xD;
                saveInto: {&#xD;
                  a!save(local!bookmarkedWidgetsTemp, save!value),&#xD;
                  #"SYSTEM_SYSRULES_writeToDataStoreEntity"(&#xD;
                    dataStoreEntity: #"_a-0000de34-56c9-8000-3457-01ef9001ef90_5622",&#xD;
                    valueToStore: local!bookmarkedWidgetsTemp,&#xD;
                    onSuccess: a!save(ri!bookmarkedWidgets, fv!storedValues)&#xD;
                  )&#xD;
                }&#xD;
              )&#xD;
            )&#xD;
          ),&#xD;
          #"SYSTEM_SYSRULES_imageField"(&#xD;
            label: "arrowUp",&#xD;
            size: "ICON",&#xD;
            images: #"SYSTEM_SYSRULES_documentImage"(&#xD;
              document: #"SYSTEM_SYSRULES_iconIndicator"("MOVE_UP_DISABLED"),&#xD;
              altText: "Move Up Disabled",&#xD;
              caption: "This item cannot be moved up any further"&#xD;
            )&#xD;
          )&#xD;
        )&#xD;
      }&#xD;
    )&#xD;
  )&#xD;
)&#xD;
</definition>
        <namedTypedValue>
            <name>bookmarkedWidgets</name>
            <type>
                <name>WD_bookmark?list</name>
                <namespace>urn:com:appian:types</namespace>
            </type>
        </namedTypedValue>
        <namedTypedValue>
            <name>index</name>
            <type>
                <name>int</name>
                <namespace>http://www.w3.org/2001/XMLSchema</namespace>
            </type>
        </namedTypedValue>
        <preferredEditor>legacy</preferredEditor>
        <offlineEnabled>false</offlineEnabled>
    </rule>
    <roleMap public="true">
        <role inherit="true" allowForAll="false" name="readers">
            <users/>
            <groups/>
        </role>
        <role inherit="true" allowForAll="false" name="authors">
            <users/>
            <groups/>
        </role>
        <role inherit="true" allowForAll="false" name="administrators">
            <users/>
            <groups/>
        </role>
        <role inherit="false" allowForAll="false" name="denyReaders">
            <users/>
            <groups/>
        </role>
        <role inherit="false" allowForAll="false" name="denyAuthors">
            <users/>
            <groups/>
        </role>
        <role inherit="false" allowForAll="false" name="denyAdministrators">
            <users/>
            <groups/>
        </role>
    </roleMap>
</contentHaul>
