<?xml version="1.0" encoding="UTF-8" standalone="yes"?>
<contentHaul xmlns:a="http://www.appian.com/ae/types/2009">
    <rule>
        <name>WD_getRecTypeByIdentifier</name>
        <uuid>_a-0000def2-cb5b-8000-9ba2-011c48011c48_236654</uuid>
        <description>returns the record type by identifier</description>
        <parentUuid>_a-0000de29-c706-8000-3457-01ef9001ef90_4609</parentUuid>
        <visibility>
            <advertise>false</advertise>
            <hierarchy>true</hierarchy>
            <indexable>true</indexable>
            <quota>false</quota>
            <searchable>true</searchable>
            <system>false</system>
            <unlogged>false</unlogged>
        </visibility>
        <definition>choose(
  ri!identifier,
  #"_a-0000dda7-9428-8000-9ba2-011c48011c48_136590",
  #"_a-0000de2c-311c-8000-9ba2-011c48011c48_158642",
  #"_a-0000defe-bf54-8000-9ba2-011c48011c48_243207",
  #"_a-0000defe-bf54-8000-9ba2-011c48011c48_243209",
  #"_a-0000defe-bf54-8000-9ba2-011c48011c48_243212",
  #"_a-0000defe-bf54-8000-9ba2-011c48011c48_243213",
  #"_a-0000defe-bf54-8000-9ba2-011c48011c48_243214",
  #"_a-0000defe-bf54-8000-9ba2-011c48011c48_243215",
  #"_a-0000defe-bf54-8000-9ba2-011c48011c48_243216",
  #"_a-0000defe-bf54-8000-9ba2-011c48011c48_243217"
  /*cons!WD_RT_GRADUATE_APPLICATIONS*/
)</definition>
        <namedTypedValue>
            <name>identifier</name>
            <type>
                <name>int</name>
                <namespace>http://www.w3.org/2001/XMLSchema</namespace>
            </type>
        </namedTypedValue>
        <preferredEditor>legacy</preferredEditor>
        <offlineEnabled>false</offlineEnabled>
    </rule>
    <roleMap public="true">
        <role inherit="true" allowForAll="false" name="readers">
            <users/>
            <groups/>
        </role>
        <role inherit="true" allowForAll="false" name="authors">
            <users/>
            <groups/>
        </role>
        <role inherit="true" allowForAll="false" name="administrators">
            <users/>
            <groups/>
        </role>
        <role inherit="false" allowForAll="false" name="denyReaders">
            <users/>
            <groups/>
        </role>
        <role inherit="false" allowForAll="false" name="denyAuthors">
            <users/>
            <groups/>
        </role>
        <role inherit="false" allowForAll="false" name="denyAdministrators">
            <users/>
            <groups/>
        </role>
    </roleMap>
</contentHaul>
