<?xml version="1.0" encoding="UTF-8" standalone="yes"?>
<contentHaul xmlns:a="http://www.appian.com/ae/types/2009">
    <queryRule>
        <name>WD_getMyBookmarksByType</name>
        <uuid>_a-0000de2b-27a4-8000-3457-01ef9001ef90_4762</uuid>
        <description>Queries all of a given user's bookmarks by specified types.</description>
        <folderUuid>_a-0000de29-c706-8000-3457-01ef9001ef90_4610</folderUuid>
        <dataStoreEntityCompositeUuid>4b872be1-e20f-4add-9c9d-7e32da446462@_a-0000de29-c706-8000-3457-01ef9001ef90_4605</dataStoreEntityCompositeUuid>
        <params>
            <param>
                <description></description>
                <name>user</name>
                <type>{http://www.w3.org/2001/XMLSchema}string</type>
            </param>
            <param>
                <description></description>
                <name>type</name>
                <type>{http://www.appian.com/ae/types/2009}Text?list</type>
            </param>
            <param>
                <description></description>
                <name>active</name>
                <type>{http://www.w3.org/2001/XMLSchema}boolean</type>
            </param>
        </params>
        <filters>
            <filter>
                <field>
                    <name>user</name>
                    <type>{http://www.w3.org/2001/XMLSchema}string</type>
                </field>
                <op>=</op>
                <value>user</value>
                <valueType>PARAMETER</valueType>
            </filter>
            <filter>
                <field>
                    <name>widget</name>
                    <type>{http://www.appian.com/ae/types/2009}Record</type>
                </field>
                <field>
                    <name>type</name>
                    <type>{http://www.w3.org/2001/XMLSchema}string</type>
                </field>
                <op>in</op>
                <value>type</value>
                <valueType>PARAMETER</valueType>
            </filter>
            <filter>
                <field>
                    <name>widget</name>
                    <type>{http://www.appian.com/ae/types/2009}Record</type>
                </field>
                <field>
                    <name>active</name>
                    <type>{http://www.w3.org/2001/XMLSchema}boolean</type>
                </field>
                <op>=</op>
                <value>active</value>
                <valueType>PARAMETER</valueType>
            </filter>
        </filters>
        <orderings>
            <ordering>
                <ascending>true</ascending>
                <field>
                    <name>order</name>
                    <type>{http://www.w3.org/2001/XMLSchema}int</type>
                </field>
            </ordering>
        </orderings>
    </queryRule>
    <roleMap public="false">
        <role inherit="true" allowForAll="false" name="readers">
            <users/>
            <groups/>
        </role>
        <role inherit="true" allowForAll="false" name="authors">
            <users/>
            <groups/>
        </role>
        <role inherit="true" allowForAll="false" name="administrators">
            <users/>
            <groups/>
        </role>
        <role inherit="false" allowForAll="false" name="denyReaders">
            <users/>
            <groups/>
        </role>
        <role inherit="false" allowForAll="false" name="denyAuthors">
            <users/>
            <groups/>
        </role>
        <role inherit="false" allowForAll="false" name="denyAdministrators">
            <users/>
            <groups/>
        </role>
    </roleMap>
</contentHaul>
