<?xml version="1.0" encoding="UTF-8" standalone="yes"?>
<contentHaul xmlns:a="http://www.appian.com/ae/types/2009">
    <rule>
        <name>WD_widgetFilterGrid</name>
        <uuid>_a-0000de8c-7f85-8000-7f69-01ef9001ef90_4943</uuid>
        <description>Grid for allowing the users to filter the available widgets</description>
        <parentUuid>_a-0000de29-c706-8000-3457-01ef9001ef90_4612</parentUuid>
        <visibility>
            <advertise>false</advertise>
            <hierarchy>true</hierarchy>
            <indexable>true</indexable>
            <quota>false</quota>
            <searchable>true</searchable>
            <system>false</system>
            <unlogged>false</unlogged>
        </visibility>
        <definition>=#"SYSTEM_SYSRULES_gridLayout"(&#xD;
  label: "",&#xD;
  headerCells:{&#xD;
    #"SYSTEM_SYSRULES_gridLayoutHeaderCell"(label: "Search"),&#xD;
    #"SYSTEM_SYSRULES_gridLayoutHeaderCell"(label: "Attribute")&#xD;
  },&#xD;
  columnConfigs:{&#xD;
    #"SYSTEM_SYSRULES_gridLayoutColumnConfig"(width: "DISTRIBUTE"),&#xD;
    #"SYSTEM_SYSRULES_gridLayoutColumnConfig"(width: "DISTRIBUTE")&#xD;
  },&#xD;
  rows:{&#xD;
    #"SYSTEM_SYSRULES_gridRowLayout"(&#xD;
      contents:{&#xD;
        #"SYSTEM_SYSRULES_textField"(&#xD;
          label: "Search",&#xD;
          placeholder: "Start typing to search...",&#xD;
          labelPosition: "ABOVE",&#xD;
          value: ri!search,&#xD;
          saveInto: {&#xD;
            ri!search,&#xD;
            a!save(ri!pagingInfo.startIndex, 1)&#xD;
          },&#xD;
          refreshAfter: "KEYPRESS"&#xD;
        ),&#xD;
        if(count(ri!attributes) &lt; 1,&#xD;
          #"SYSTEM_SYSRULES_dropdownField"(&#xD;
            label: "Attribute",&#xD;
            placeHolderLabel: "-- No attributes to display. Try another search --",&#xD;
            disabled: true&#xD;
          ),&#xD;
          #"SYSTEM_SYSRULES_dropdownField"(&#xD;
            label: "Attribute",&#xD;
            choiceLabels: if(ri!attributes = {}, "Try another search", ri!attributes),&#xD;
            choiceValues: if(ri!attributes = {}, "Try another search", ri!attributes),&#xD;
            value: ri!attribute,&#xD;
            saveInto: {&#xD;
              ri!attribute,&#xD;
              a!save(ri!pagingInfo.startIndex, 1)&#xD;
            },            &#xD;
            labelPosition: "ABOVE",&#xD;
            placeHolderLabel: "-- Search by Attribute --"&#xD;
          )&#xD;
        )&#xD;
      }&#xD;
    )&#xD;
  }&#xD;
)</definition>
        <namedTypedValue>
            <name>attributes</name>
            <type>
                <name>Text?list</name>
                <namespace>http://www.appian.com/ae/types/2009</namespace>
            </type>
        </namedTypedValue>
        <namedTypedValue>
            <name>attribute</name>
            <type>
                <name>string</name>
                <namespace>http://www.w3.org/2001/XMLSchema</namespace>
            </type>
            <value/>
        </namedTypedValue>
        <namedTypedValue>
            <name>search</name>
            <type>
                <name>string</name>
                <namespace>http://www.w3.org/2001/XMLSchema</namespace>
            </type>
            <value/>
        </namedTypedValue>
        <namedTypedValue>
            <name>pagingInfo</name>
            <type>
                <name>PagingInfo</name>
                <namespace>http://www.appian.com/ae/types/2009</namespace>
            </type>
        </namedTypedValue>
        <metadataExpr></metadataExpr>
        <preferredEditor>interface</preferredEditor>
        <offlineEnabled>false</offlineEnabled>
    </rule>
    <roleMap public="true">
        <role inherit="true" allowForAll="false" name="readers">
            <users/>
            <groups/>
        </role>
        <role inherit="true" allowForAll="false" name="authors">
            <users/>
            <groups/>
        </role>
        <role inherit="true" allowForAll="false" name="administrators">
            <users/>
            <groups/>
        </role>
        <role inherit="false" allowForAll="false" name="denyReaders">
            <users/>
            <groups/>
        </role>
        <role inherit="false" allowForAll="false" name="denyAuthors">
            <users/>
            <groups/>
        </role>
        <role inherit="false" allowForAll="false" name="denyAdministrators">
            <users/>
            <groups/>
        </role>
    </roleMap>
    <typedValue>
        <type>
            <name>RuleTestConfig?list</name>
            <namespace>http://www.appian.com/ae/types/2009</namespace>
        </type>
        <value>
            <el>
                <a:name/>
                <a:ruleInputTestConfigs>
                    <a:value xmlns:xsi="http://www.w3.org/2001/XMLSchema-instance" xsi:nil="true"/>
                    <a:nameRef>attributes</a:nameRef>
                    <a:id/>
                </a:ruleInputTestConfigs>
                <a:ruleInputTestConfigs>
                    <a:value xmlns:xsd="http://www.w3.org/2001/XMLSchema" xmlns:xsi="http://www.w3.org/2001/XMLSchema-instance" xsi:type="xsd:string"/>
                    <a:nameRef>attribute</a:nameRef>
                    <a:id/>
                </a:ruleInputTestConfigs>
                <a:ruleInputTestConfigs>
                    <a:value xmlns:xsd="http://www.w3.org/2001/XMLSchema" xmlns:xsi="http://www.w3.org/2001/XMLSchema-instance" xsi:type="xsd:string"/>
                    <a:nameRef>search</a:nameRef>
                    <a:id/>
                </a:ruleInputTestConfigs>
                <a:ruleInputTestConfigs>
                    <a:value xmlns:xsi="http://www.w3.org/2001/XMLSchema-instance" xsi:nil="true" xsi:type="a:PagingInfo"/>
                    <a:nameRef>pagingInfo</a:nameRef>
                    <a:id/>
                </a:ruleInputTestConfigs>
                <a:assertions xmlns:xsi="http://www.w3.org/2001/XMLSchema-instance" xsi:nil="true"/>
            </el>
        </value>
    </typedValue>
</contentHaul>
