<?xml version="1.0" encoding="UTF-8" standalone="yes"?>
<contentHaul xmlns:a="http://www.appian.com/ae/types/2009">
    <rule>
        <name>WD_displayCatalogue</name>
        <uuid>_a-0000de31-b787-8000-3457-01ef9001ef90_5196</uuid>
        <description>Displays all links to which a user has access.</description>
        <parentUuid>_a-0000de29-c706-8000-3457-01ef9001ef90_4612</parentUuid>
        <visibility>
            <advertise>false</advertise>
            <hierarchy>true</hierarchy>
            <indexable>true</indexable>
            <quota>false</quota>
            <searchable>true</searchable>
            <system>false</system>
            <unlogged>false</unlogged>
        </visibility>
        <definition>load(
  local!attribute,
  local!search,
  local!availableAttributes: #"_a-0000de33-1f7f-8000-3457-01ef9001ef90_5385"(index(ri!allQuickAccessLinks, "attribute", {})),
  with(
    local!searchNull: if(isnull(local!search), true, false),
    
    /*No paging so filter links in memory not through subsequent queries*/
    local!filteredLinks: #"_a-0000de3c-4292-8000-3457-01ef9001ef90_6098"(search: local!search, attribute: local!attribute, allLinks: ri!allQuickAccessLinks),
    local!attributes: if(count(local!filteredLinks) &lt; 1, {},
        #"_a-0000de33-1f7f-8000-3457-01ef9001ef90_5385"(index(local!filteredLinks, "attribute", {}))
    ),
    #"SYSTEM_SYSRULES_formLayout"(
      firstColumnContents : {
        /*Links between My Stuff, Link Catalogue, and Edit my Stuff*/
        #"SYSTEM_SYSRULES_sectionLayout"(
          label: "", /* The section is for organizational purposes only */
          firstColumnContents:{ 
            #"_a-0000de8c-7f85-8000-7f69-01ef9001ef90_4819"(
              display: ri!display,
              allQuickAccessLinks: ri!allQuickAccessLinks,
              allTabs: ri!allTabs,
              allWidgets: ri!allWidgets
            ),
            #"_a-0000de8c-7f85-8000-7f69-01ef9001ef90_4943"(
              attributes: local!availableAttributes,
              attribute: local!attribute,
              search: local!search
            )
          }
          /*secondColumnContents:{*/
            /*a!textField(readOnly: true, labelPosition: "COLLAPSED")*/
/*            */
          /*}*/
        ),
        #"SYSTEM_SYSRULES_sectionLayout"(
          label: "",
          firstColumnContents: {
            if(isnull(local!attribute), 
              #"SYSTEM_SYSRULES_applyComponents"(
                function: #"_a-0000de31-b787-8000-3457-01ef9001ef90_5207"(
                  allLinks: local!filteredLinks,
                  bookmarkedLinks: ri!bookmarkedLinks,
                  firstColumn: true,
                  sections: local!attributes,
                  index: _
                ),
                array: if(or(isnull(local!attributes),
                  count(local!attributes) &lt; 1), {},
                  1+enumerate(count(local!attributes))
                )
              ),
              #"SYSTEM_SYSRULES_applyComponents"(
                function: #"_a-0000de31-b787-8000-3457-01ef9001ef90_5207"(
                  allLinks: local!filteredLinks,
                  bookmarkedLinks: ri!bookmarkedLinks,
                  firstColumn: true,
                  sections: _,
                  index: 1
                ),
                array: {local!attribute}
              )
            )
          },
          secondColumnContents: {
            #"SYSTEM_SYSRULES_applyComponents"(
              function: #"_a-0000de31-b787-8000-3457-01ef9001ef90_5207"(
                allLinks: local!filteredLinks,
                bookmarkedLinks: ri!bookmarkedLinks,
                firstColumn: false,
                sections: local!attributes,
                index: _
              ),
              array: if(
                or(count(local!attributes) &lt; 1, 
                isnull(local!attributes)), {}, 
                1 + enumerate(count(local!attributes)
                )
              )
            ),
            #"SYSTEM_SYSRULES_textField"(readOnly: true, labelPosition: "COLLAPSED") /* Added so doesn't expand to one column when no results returned. */
          }
        )
      }
    )
  )
)</definition>
        <namedTypedValue>
            <name>display</name>
            <type>
                <name>int</name>
                <namespace>http://www.w3.org/2001/XMLSchema</namespace>
            </type>
        </namedTypedValue>
        <namedTypedValue>
            <name>bookmarkedLinks</name>
            <type>
                <name>WD_bookmark?list</name>
                <namespace>urn:com:appian:types</namespace>
            </type>
        </namedTypedValue>
        <namedTypedValue>
            <name>allQuickAccessLinks</name>
            <type>
                <name>WD_widget?list</name>
                <namespace>urn:com:appian:types</namespace>
            </type>
        </namedTypedValue>
        <namedTypedValue>
            <name>allTabs</name>
            <type>
                <name>WD_widget?list</name>
                <namespace>urn:com:appian:types</namespace>
            </type>
        </namedTypedValue>
        <namedTypedValue>
            <name>allWidgets</name>
            <type>
                <name>WD_widget?list</name>
                <namespace>urn:com:appian:types</namespace>
            </type>
        </namedTypedValue>
        <metadataExpr></metadataExpr>
        <preferredEditor>interface</preferredEditor>
        <offlineEnabled>false</offlineEnabled>
    </rule>
    <roleMap public="true">
        <role inherit="true" allowForAll="false" name="readers">
            <users/>
            <groups/>
        </role>
        <role inherit="true" allowForAll="false" name="authors">
            <users/>
            <groups/>
        </role>
        <role inherit="true" allowForAll="false" name="administrators">
            <users/>
            <groups/>
        </role>
        <role inherit="false" allowForAll="false" name="denyReaders">
            <users/>
            <groups/>
        </role>
        <role inherit="false" allowForAll="false" name="denyAuthors">
            <users/>
            <groups/>
        </role>
        <role inherit="false" allowForAll="false" name="denyAdministrators">
            <users/>
            <groups/>
        </role>
    </roleMap>
    <typedValue>
        <type>
            <name>RuleTestConfig?list</name>
            <namespace>http://www.appian.com/ae/types/2009</namespace>
        </type>
        <value>
            <el>
                <a:name/>
                <a:ruleInputTestConfigs>
                    <a:value xmlns:xsd="http://www.w3.org/2001/XMLSchema" xmlns:xsi="http://www.w3.org/2001/XMLSchema-instance" xsi:type="xsd:int">2</a:value>
                    <a:nameRef>display</a:nameRef>
                    <a:id/>
                </a:ruleInputTestConfigs>
                <a:ruleInputTestConfigs>
                    <a:value xmlns:xsi="http://www.w3.org/2001/XMLSchema-instance" xsi:nil="true"/>
                    <a:nameRef>bookmarkedLinks</a:nameRef>
                    <a:id/>
                </a:ruleInputTestConfigs>
                <a:ruleInputTestConfigs>
                    <a:value xmlns:xsi="http://www.w3.org/2001/XMLSchema-instance" xsi:nil="true"/>
                    <a:nameRef>allQuickAccessLinks</a:nameRef>
                    <a:id/>
                </a:ruleInputTestConfigs>
                <a:ruleInputTestConfigs>
                    <a:value xmlns:xsi="http://www.w3.org/2001/XMLSchema-instance" xsi:nil="true"/>
                    <a:nameRef>allTabs</a:nameRef>
                    <a:id/>
                </a:ruleInputTestConfigs>
                <a:ruleInputTestConfigs>
                    <a:value xmlns:xsi="http://www.w3.org/2001/XMLSchema-instance" xsi:nil="true"/>
                    <a:nameRef>allWidgets</a:nameRef>
                    <a:id/>
                </a:ruleInputTestConfigs>
                <a:assertions xmlns:xsi="http://www.w3.org/2001/XMLSchema-instance" xsi:nil="true"/>
            </el>
        </value>
    </typedValue>
</contentHaul>
