<?xml version="1.0" encoding="UTF-8" standalone="yes"?>
<contentHaul xmlns:a="http://www.appian.com/ae/types/2009">
    <rule>
        <name>WD_allWidgetsGridRow</name>
        <uuid>_a-0000de2b-27a4-8000-3457-01ef9001ef90_4733</uuid>
        <description>Single row for the all widgets grid to bookmark and unbookmark widgets.</description>
        <parentUuid>_a-0000de29-c706-8000-3457-01ef9001ef90_4609</parentUuid>
        <visibility>
            <advertise>false</advertise>
            <hierarchy>true</hierarchy>
            <indexable>true</indexable>
            <quota>false</quota>
            <searchable>true</searchable>
            <system>false</system>
            <unlogged>false</unlogged>
        </visibility>
        <definition>load(&#xD;
  local!bookmarkedWidgetsTemp: {'type!{urn:com:appian:types}WD_bookmark'()},&#xD;
  local!indexToDelete,&#xD;
  with(  &#xD;
    local!isAtLeastOneBookmarkedWidget: length(index(ri!bookmarkedWidgets, "id", {})) &gt; 0,&#xD;
    #"SYSTEM_SYSRULES_gridRowLayout"(&#xD;
      id: ri!index,&#xD;
      contents: {&#xD;
        if(&#xD;
          and(&#xD;
            local!isAtLeastOneBookmarkedWidget,&#xD;
            contains(ri!bookmarkedWidgets.widget.widgetId, ri!allWidgets[ri!index].widgetId)&#xD;
          ),&#xD;
          #"SYSTEM_SYSRULES_imageField"(&#xD;
            label: "fullStar",&#xD;
            size: "ICON",&#xD;
            images: &#xD;
              #"_a-0000dea2-05b4-8000-3120-01ef9001ef90_6513"(&#xD;
                bookmarks: ri!bookmarkedWidgets,&#xD;
                widget: ri!allWidgets[ri!index]&#xD;
              )&#xD;
          ),&#xD;
          if(and(&#xD;
            ri!tabs, count(ri!bookmarkedWidgets) &gt;= #"_a-0000de3c-4292-8000-3457-01ef9001ef90_6228"),&#xD;
            #"SYSTEM_SYSRULES_imageField"(&#xD;
              label: "disabledEmptyStar",&#xD;
              size: "ICON",&#xD;
              images: #"SYSTEM_SYSRULES_documentImage"(&#xD;
                document: #"_a-0000de44-2b06-8000-3457-01ef9001ef90_7238",&#xD;
                caption: "Cannot bookmark more than " &amp; #"_a-0000de3c-4292-8000-3457-01ef9001ef90_6228" &amp; " tab(s)."&#xD;
              )&#xD;
            ),&#xD;
            #"SYSTEM_SYSRULES_imageField"(&#xD;
              label: "emptyStar",&#xD;
              size: "ICON",&#xD;
              images: &#xD;
                &#xD;
              #"_a-0000dea2-05b4-8000-3120-01ef9001ef90_6516"(&#xD;
                bookmarks: ri!bookmarkedWidgets,&#xD;
                widget: ri!allWidgets[ri!index]&#xD;
              )              &#xD;
            )&#xD;
          )&#xD;
        ),&#xD;
        #"SYSTEM_SYSRULES_textField"(&#xD;
          value: ri!allWidgets[ri!index].name,&#xD;
          readOnly: true&#xD;
        )&#xD;
      }&#xD;
    )&#xD;
  )&#xD;
)</definition>
        <namedTypedValue>
            <name>tabs</name>
            <type>
                <name>boolean</name>
                <namespace>http://www.w3.org/2001/XMLSchema</namespace>
            </type>
        </namedTypedValue>
        <namedTypedValue>
            <name>bookmarkedWidgets</name>
            <type>
                <name>WD_bookmark?list</name>
                <namespace>urn:com:appian:types</namespace>
            </type>
        </namedTypedValue>
        <namedTypedValue>
            <name>allWidgets</name>
            <type>
                <name>WD_widget?list</name>
                <namespace>urn:com:appian:types</namespace>
            </type>
        </namedTypedValue>
        <namedTypedValue>
            <name>index</name>
            <type>
                <name>int</name>
                <namespace>http://www.w3.org/2001/XMLSchema</namespace>
            </type>
        </namedTypedValue>
        <preferredEditor>legacy</preferredEditor>
        <offlineEnabled>false</offlineEnabled>
    </rule>
    <roleMap public="true">
        <role inherit="true" allowForAll="false" name="readers">
            <users/>
            <groups/>
        </role>
        <role inherit="true" allowForAll="false" name="authors">
            <users/>
            <groups/>
        </role>
        <role inherit="true" allowForAll="false" name="administrators">
            <users/>
            <groups/>
        </role>
        <role inherit="false" allowForAll="false" name="denyReaders">
            <users/>
            <groups/>
        </role>
        <role inherit="false" allowForAll="false" name="denyAuthors">
            <users/>
            <groups/>
        </role>
        <role inherit="false" allowForAll="false" name="denyAdministrators">
            <users/>
            <groups/>
        </role>
    </roleMap>
</contentHaul>
