<?xml version="1.0" encoding="UTF-8" standalone="yes"?>
<contentHaul xmlns:a="http://www.appian.com/ae/types/2009">
    <queryRule>
        <name>WD_getWidgetsByName</name>
        <uuid>_a-0000de33-1f7f-8000-3457-01ef9001ef90_5258</uuid>
        <description>Queries all widgets based off of input name.</description>
        <folderUuid>_a-0000de29-c706-8000-3457-01ef9001ef90_4610</folderUuid>
        <dataStoreEntityCompositeUuid>8164b00c-2aff-4c6f-8433-940b92f539da@_a-0000de29-c706-8000-3457-01ef9001ef90_4605</dataStoreEntityCompositeUuid>
        <params>
            <param>
                <description></description>
                <name>name</name>
                <type>{http://www.w3.org/2001/XMLSchema}string</type>
            </param>
            <param>
                <description></description>
                <name>type</name>
                <type>{http://www.appian.com/ae/types/2009}Text?list</type>
            </param>
            <param>
                <description></description>
                <name>active</name>
                <type>{http://www.w3.org/2001/XMLSchema}boolean</type>
            </param>
            <param>
                <description></description>
                <name>attributes</name>
                <type>{http://www.appian.com/ae/types/2009}Text?list</type>
            </param>
        </params>
        <filters>
            <filter>
                <field>
                    <name>name</name>
                    <type>{http://www.w3.org/2001/XMLSchema}string</type>
                </field>
                <op>includes</op>
                <value>name</value>
                <valueType>PARAMETER</valueType>
            </filter>
            <filter>
                <field>
                    <name>type</name>
                    <type>{http://www.w3.org/2001/XMLSchema}string</type>
                </field>
                <op>in</op>
                <value>type</value>
                <valueType>PARAMETER</valueType>
            </filter>
            <filter>
                <field>
                    <name>active</name>
                    <type>{http://www.w3.org/2001/XMLSchema}boolean</type>
                </field>
                <op>=</op>
                <value>active</value>
                <valueType>PARAMETER</valueType>
            </filter>
            <filter>
                <field>
                    <name>attribute</name>
                    <type>{http://www.w3.org/2001/XMLSchema}string</type>
                </field>
                <op>in</op>
                <value>attributes</value>
                <valueType>PARAMETER</valueType>
            </filter>
        </filters>
        <orderings>
            <ordering>
                <ascending>true</ascending>
                <field>
                    <name>name</name>
                    <type>{http://www.w3.org/2001/XMLSchema}string</type>
                </field>
            </ordering>
        </orderings>
    </queryRule>
    <roleMap public="false">
        <role inherit="true" allowForAll="false" name="readers">
            <users/>
            <groups/>
        </role>
        <role inherit="true" allowForAll="false" name="authors">
            <users/>
            <groups/>
        </role>
        <role inherit="true" allowForAll="false" name="administrators">
            <users/>
            <groups/>
        </role>
        <role inherit="false" allowForAll="false" name="denyReaders">
            <users/>
            <groups/>
        </role>
        <role inherit="false" allowForAll="false" name="denyAuthors">
            <users/>
            <groups/>
        </role>
        <role inherit="false" allowForAll="false" name="denyAdministrators">
            <users/>
            <groups/>
        </role>
    </roleMap>
</contentHaul>
