<?xml version="1.0" encoding="UTF-8" standalone="yes"?>
<contentHaul xmlns:a="http://www.appian.com/ae/types/2009">
    <rule>
        <name>WD_taskReportWidget</name>
        <uuid>_a-0000de31-b787-8000-3457-01ef9001ef90_5109</uuid>
        <description>Displays a user's first five tasks as a widget.</description>
        <parentUuid>_a-0000de29-c706-8000-3457-01ef9001ef90_4609</parentUuid>
        <visibility>
            <advertise>false</advertise>
            <hierarchy>true</hierarchy>
            <indexable>true</indexable>
            <quota>false</quota>
            <searchable>true</searchable>
            <system>false</system>
            <unlogged>false</unlogged>
        </visibility>
        <definition>load(&#xD;
  local!pagingInfo: #"SYSTEM_SYSRULES_pagingInfo"(&#xD;
    startIndex: 1,&#xD;
    batchSize: 5&#xD;
  ),&#xD;
  local!report: a!queryProcessAnalytics(&#xD;
    query: #"SYSTEM_SYSRULES_query"(&#xD;
      pagingInfo: local!pagingInfo&#xD;
    ),&#xD;
    report: #"_a-0000de31-b787-8000-3457-01ef9001ef90_5102"&#xD;
  ),&#xD;
  {&#xD;
  #"SYSTEM_SYSRULES_gridField"(&#xD;
    totalCount: local!report.totalCount,&#xD;
    columns: {&#xD;
      /* Display User Or Group Icon */&#xD;
      #"_a-0000de3d-91f8-8000-3457-01ef9001ef90_6601"(data: local!report.data), &#xD;
      /* Render all non integer fields */&#xD;
      apply(&#xD;
        #"_a-0000de34-56c9-8000-3457-01ef9001ef90_5446"(columnConfig: _, data: local!report.data),&#xD;
        remove(local!report.columnConfigs, &#xD;
          wherecontains("NUMBER", &#xD;
            apply(fn!tostring, local!report.columnConfigs.configuredFormatting)&#xD;
          )&#xD;
        )&#xD;
      )&#xD;
    },&#xD;
    value: local!pagingInfo,&#xD;
    saveInto: {&#xD;
      local!pagingInfo,&#xD;
      a!save(&#xD;
        local!report,&#xD;
        a!queryProcessAnalytics(&#xD;
          query: #"SYSTEM_SYSRULES_query"(&#xD;
            pagingInfo: local!pagingInfo&#xD;
          ),&#xD;
          report: #"_a-0000de31-b787-8000-3457-01ef9001ef90_5102"&#xD;
        )&#xD;
      )&#xD;
    }&#xD;
  )&#xD;
  }&#xD;
)&#xD;
</definition>
        <metadataExpr></metadataExpr>
        <preferredEditor>interface</preferredEditor>
        <offlineEnabled>false</offlineEnabled>
    </rule>
    <roleMap public="true">
        <role inherit="true" allowForAll="false" name="readers">
            <users/>
            <groups/>
        </role>
        <role inherit="true" allowForAll="false" name="authors">
            <users/>
            <groups/>
        </role>
        <role inherit="true" allowForAll="false" name="administrators">
            <users/>
            <groups/>
        </role>
        <role inherit="false" allowForAll="false" name="denyReaders">
            <users/>
            <groups/>
        </role>
        <role inherit="false" allowForAll="false" name="denyAuthors">
            <users/>
            <groups/>
        </role>
        <role inherit="false" allowForAll="false" name="denyAdministrators">
            <users/>
            <groups/>
        </role>
    </roleMap>
</contentHaul>
