<?xml version="1.0" encoding="UTF-8" standalone="yes"?>
<contentHaul xmlns:a="http://www.appian.com/ae/types/2009">
    <rule>
        <name>WD_taskReportStatusColumn</name>
        <uuid>_a-0000de3d-91f8-8000-3457-01ef9001ef90_6601</uuid>
        <description>Column for icons to display task status.</description>
        <parentUuid>_a-0000de29-c706-8000-3457-01ef9001ef90_4609</parentUuid>
        <visibility>
            <advertise>false</advertise>
            <hierarchy>true</hierarchy>
            <indexable>true</indexable>
            <quota>false</quota>
            <searchable>true</searchable>
            <system>false</system>
            <unlogged>false</unlogged>
        </visibility>
        <definition>with(&#xD;
  local!columnDataCount: length(index(ri!data, "c22", {})),&#xD;
  local!loggedInUserText: tostring(loggedInUser()),&#xD;
  local!taskStatusInt: index(ri!data, "c22", null),&#xD;
  local!assigneesText: &#xD;
    apply(&#xD;
      #"_a-0000de34-56c9-8000-3457-01ef9001ef90_5447"(data: index(ri!data, "c20", null), index: _),&#xD;
      1 + enumerate(local!columnDataCount)&#xD;
    ),  &#xD;
  #"SYSTEM_SYSRULES_gridImageColumn"(&#xD;
    label: "",&#xD;
    data: &#xD;
    if(local!columnDataCount &gt; 0,&#xD;
      apply(&#xD;
        #"_a-0000de3d-91f8-8000-3457-01ef9001ef90_6532"(taskStatusInt:_, assigneesText: _, user: local!loggedInUserText),&#xD;
        merge(&#xD;
          local!taskStatusInt,&#xD;
          local!assigneesText&#xD;
        )&#xD;
      ), &#xD;
      {}&#xD;
    ),&#xD;
    size: "ICON"&#xD;
  )&#xD;
)</definition>
        <namedTypedValue>
            <name>data</name>
            <type>
                <name>Variant</name>
                <namespace>http://www.appian.com/ae/types/2009</namespace>
            </type>
        </namedTypedValue>
        <metadataExpr></metadataExpr>
        <preferredEditor>interface</preferredEditor>
        <offlineEnabled>false</offlineEnabled>
    </rule>
    <roleMap public="true">
        <role inherit="true" allowForAll="false" name="readers">
            <users/>
            <groups/>
        </role>
        <role inherit="true" allowForAll="false" name="authors">
            <users/>
            <groups/>
        </role>
        <role inherit="true" allowForAll="false" name="administrators">
            <users/>
            <groups/>
        </role>
        <role inherit="false" allowForAll="false" name="denyReaders">
            <users/>
            <groups/>
        </role>
        <role inherit="false" allowForAll="false" name="denyAuthors">
            <users/>
            <groups/>
        </role>
        <role inherit="false" allowForAll="false" name="denyAdministrators">
            <users/>
            <groups/>
        </role>
    </roleMap>
    <typedValue>
        <type>
            <name>RuleTestConfig?list</name>
            <namespace>http://www.appian.com/ae/types/2009</namespace>
        </type>
        <value>
            <el>
                <a:name/>
                <a:ruleInputTestConfigs>
                    <a:value xmlns:xsd="http://www.w3.org/2001/XMLSchema" xmlns:xsi="http://www.w3.org/2001/XMLSchema-instance" xsi:type="xsd:string"/>
                    <a:nameRef>data</a:nameRef>
                    <a:id/>
                </a:ruleInputTestConfigs>
                <a:assertions xmlns:xsi="http://www.w3.org/2001/XMLSchema-instance" xsi:nil="true"/>
            </el>
        </value>
    </typedValue>
</contentHaul>
