<?xml version="1.0" encoding="UTF-8" standalone="yes"?>
<contentHaul xmlns:a="http://www.appian.com/ae/types/2009">
    <rule>
        <name>WD_bookmarkAllGrid</name>
        <uuid>_a-0000de44-2b06-8000-3457-01ef9001ef90_7044</uuid>
        <description>Grid for the user to bookmark all items for quick access onto "My Page"</description>
        <parentUuid>_a-0000de29-c706-8000-3457-01ef9001ef90_4612</parentUuid>
        <visibility>
            <advertise>false</advertise>
            <hierarchy>true</hierarchy>
            <indexable>true</indexable>
            <quota>false</quota>
            <searchable>true</searchable>
            <system>false</system>
            <unlogged>false</unlogged>
        </visibility>
        <definition>#"SYSTEM_SYSRULES_gridLayout"(&#xD;
  labelPosition: "COLLAPSED",&#xD;
  emptyGridMessage: "No items to display, try adjusting your filters",&#xD;
  headerCells: {&#xD;
    #"SYSTEM_SYSRULES_gridLayoutHeaderCell"(label: ""),&#xD;
    #"SYSTEM_SYSRULES_gridLayoutHeaderCell"(label: "All")&#xD;
  },&#xD;
  columnConfigs: {&#xD;
    #"SYSTEM_SYSRULES_gridLayoutColumnConfig"(width: "DISTRIBUTE", weight: 1),&#xD;
    #"SYSTEM_SYSRULES_gridLayoutColumnConfig"(width: "DISTRIBUTE", weight: 8)&#xD;
  },&#xD;
  rows: {&#xD;
    #"SYSTEM_SYSRULES_applyComponents"(&#xD;
      function: #"_a-0000de2b-27a4-8000-3457-01ef9001ef90_4669"(&#xD;
        bookmarkedLinks: ri!bookmarkedLinks,&#xD;
        allLinks: ri!allLinks,&#xD;
        index: _&#xD;
      ),&#xD;
      array: if(or(isnull(ri!allLinks),&#xD;
        count(ri!allLinks) &lt; 1), {},&#xD;
        1+enumerate(count(ri!allLinks))&#xD;
      )&#xD;
    )&#xD;
  }&#xD;
)</definition>
        <namedTypedValue>
            <name>bookmarkedLinks</name>
            <type>
                <name>WD_bookmark?list</name>
                <namespace>urn:com:appian:types</namespace>
            </type>
        </namedTypedValue>
        <namedTypedValue>
            <name>allLinks</name>
            <type>
                <name>WD_widget?list</name>
                <namespace>urn:com:appian:types</namespace>
            </type>
        </namedTypedValue>
        <metadataExpr></metadataExpr>
        <preferredEditor>interface</preferredEditor>
        <offlineEnabled>false</offlineEnabled>
    </rule>
    <roleMap public="true">
        <role inherit="true" allowForAll="false" name="readers">
            <users/>
            <groups/>
        </role>
        <role inherit="true" allowForAll="false" name="authors">
            <users/>
            <groups/>
        </role>
        <role inherit="true" allowForAll="false" name="administrators">
            <users/>
            <groups/>
        </role>
        <role inherit="false" allowForAll="false" name="denyReaders">
            <users/>
            <groups/>
        </role>
        <role inherit="false" allowForAll="false" name="denyAuthors">
            <users/>
            <groups/>
        </role>
        <role inherit="false" allowForAll="false" name="denyAdministrators">
            <users/>
            <groups/>
        </role>
    </roleMap>
</contentHaul>
