<?xml version="1.0" encoding="UTF-8" standalone="yes"?>
<contentHaul xmlns:a="http://www.appian.com/ae/types/2009">
    <rule>
        <name>WD_toDoListRow</name>
        <uuid>_a-0000de35-a96e-8000-3457-01ef9001ef90_5721</uuid>
        <description>A single row for the to do list widget</description>
        <parentUuid>_a-0000de29-c706-8000-3457-01ef9001ef90_4609</parentUuid>
        <visibility>
            <advertise>false</advertise>
            <hierarchy>true</hierarchy>
            <indexable>true</indexable>
            <quota>false</quota>
            <searchable>true</searchable>
            <system>false</system>
            <unlogged>false</unlogged>
        </visibility>
        <definition>#"SYSTEM_SYSRULES_gridRowLayout"(
  id: ri!index,
  contents: {
    if(ri!items[ri!index].done,
      #"SYSTEM_SYSRULES_imageField"(
        size: "ICON",
        images: #"SYSTEM_SYSRULES_documentImage"(
          document: #"_a-0000de3e-e37a-8000-3457-01ef9001ef90_6844",
          caption: "Unfinish this task",
          link: #"SYSTEM_SYSRULES_dynamicLink"(
            saveInto: {
              #"SYSTEM_SYSRULES_writeToDataStoreEntity"(
                dataStoreEntity: #"_a-0000de35-a96e-8000-3457-01ef9001ef90_5727",
                valueToStore: 'type!{urn:com:appian:types}WD_toDoItem'(
                  id: ri!items[ri!index].id,
                  user: loggedInUser(),
                  itemName: ri!items[ri!index].itemName,
                  dueDate: ri!items[ri!index].dueDate,
                  done: not(ri!items[ri!index].done)
                )
              ),
              /* Updates the CDT data instead of forcing a requery of the whole datasubset */
              a!save(ri!items[ri!index].done, not(ri!items[ri!index].done))
            } 
          )
        )
      ),
      #"SYSTEM_SYSRULES_imageField"(
        size: "ICON",
        images: #"SYSTEM_SYSRULES_documentImage"(
          document: #"_a-0000de3e-e37a-8000-3457-01ef9001ef90_6837",
          caption: "Finish this task",
          link: #"SYSTEM_SYSRULES_dynamicLink"(
            saveInto: {
              #"SYSTEM_SYSRULES_writeToDataStoreEntity"(
                dataStoreEntity: #"_a-0000de35-a96e-8000-3457-01ef9001ef90_5727",
                valueToStore: 'type!{urn:com:appian:types}WD_toDoItem'(
                  id: ri!items[ri!index].id,
                  user: loggedInUser(),
                  itemName: ri!items[ri!index].itemName,
                  dueDate: ri!items[ri!index].dueDate,
                  done: not(ri!items[ri!index].done)
                )
              ),
              /* Updates the CDT data instead of forcing a requery of the whole datasubset */
              a!save(ri!items[ri!index].done, not(ri!items[ri!index].done))
            }
          )
        )
      )
    ),
    #"SYSTEM_SYSRULES_textField"(
      value: ri!items[ri!index].itemName,
      readOnly: true
    ),
    if(totime(ri!items[ri!index].dueDate) = totime("00:00:00"),
      #"SYSTEM_SYSRULES_textField"(
        value: text(ri!items[ri!index].dueDate, "mmm dd"),
        readOnly: true,
        disabled: true
      ),
      #"SYSTEM_SYSRULES_textField"(
        value: text(ri!items[ri!index].dueDate, "mmm d, h:mm AM/PM"),
        readOnly: true
      )
    ),
    #"SYSTEM_SYSRULES_imageField"(
      size: "ICON",
      images: {
        #"SYSTEM_SYSRULES_documentImage"(
          document: #"SYSTEM_SYSRULES_iconIndicator"("REMOVE"),
          link: #"SYSTEM_SYSRULES_dynamicLink"(
            saveInto: {
              #"SYSTEM_SYSRULES_deleteFromDataStoreEntities"(
                dataToDelete: {
                  'type!{http://www.appian.com/ae/types/2009}EntityDataIdentifiers'(
                    entity: #"_a-0000de35-a96e-8000-3457-01ef9001ef90_5727",
                    identifiers: ri!items[ri!index].id
                  )
                }
              ),
              /* Updates the CDT data instead of forcing a requery of the whole datasubset */
              a!save(ri!items, remove(ri!items, ri!index))
            }
          )
        )
      }
    )
  }
)
</definition>
        <namedTypedValue>
            <name>items</name>
            <type>
                <name>WD_toDoItem?list</name>
                <namespace>urn:com:appian:types</namespace>
            </type>
        </namedTypedValue>
        <namedTypedValue>
            <name>index</name>
            <type>
                <name>int</name>
                <namespace>http://www.w3.org/2001/XMLSchema</namespace>
            </type>
        </namedTypedValue>
        <preferredEditor>legacy</preferredEditor>
        <offlineEnabled>false</offlineEnabled>
    </rule>
    <roleMap public="true">
        <role inherit="true" allowForAll="false" name="readers">
            <users/>
            <groups/>
        </role>
        <role inherit="true" allowForAll="false" name="authors">
            <users/>
            <groups/>
        </role>
        <role inherit="true" allowForAll="false" name="administrators">
            <users/>
            <groups/>
        </role>
        <role inherit="false" allowForAll="false" name="denyReaders">
            <users/>
            <groups/>
        </role>
        <role inherit="false" allowForAll="false" name="denyAuthors">
            <users/>
            <groups/>
        </role>
        <role inherit="false" allowForAll="false" name="denyAdministrators">
            <users/>
            <groups/>
        </role>
    </roleMap>
</contentHaul>
