<?xml version="1.0" encoding="UTF-8" standalone="yes"?>
<contentHaul xmlns:a="http://www.appian.com/ae/types/2009">
    <rule>
        <name>WD_bookmarkAllWidgetsGrid</name>
        <uuid>_a-0000de44-2b06-8000-3457-01ef9001ef90_7089</uuid>
        <description>Allows the user to bookmark and unbookmark widgets.</description>
        <parentUuid>_a-0000de29-c706-8000-3457-01ef9001ef90_4612</parentUuid>
        <visibility>
            <advertise>false</advertise>
            <hierarchy>true</hierarchy>
            <indexable>true</indexable>
            <quota>false</quota>
            <searchable>true</searchable>
            <system>false</system>
            <unlogged>false</unlogged>
        </visibility>
        <definition>={#"SYSTEM_SYSRULES_gridLayout"(&#xD;
  headerCells: {&#xD;
    #"SYSTEM_SYSRULES_gridLayoutHeaderCell"(label: ""),&#xD;
    #"SYSTEM_SYSRULES_gridLayoutHeaderCell"(label: if(ri!tabs, "All Tabs", "All Widgets"))&#xD;
  },&#xD;
  columnConfigs: {&#xD;
    #"SYSTEM_SYSRULES_gridLayoutColumnConfig"(width: "DISTRIBUTE", weight: 1),&#xD;
    #"SYSTEM_SYSRULES_gridLayoutColumnConfig"(width: "DISTRIBUTE", weight: 8)&#xD;
  },&#xD;
  rows: {&#xD;
    #"SYSTEM_SYSRULES_applyComponents"(&#xD;
      function: #"_a-0000de2b-27a4-8000-3457-01ef9001ef90_4733"(&#xD;
        tabs: ri!tabs,&#xD;
        bookmarkedWidgets: ri!bookmarkedWidgets,&#xD;
        allWidgets: ri!allWidgets,&#xD;
        index: _&#xD;
      ),&#xD;
      array: &#xD;
&#xD;
       if(or(isnull(ri!allWidgets),&#xD;
          count(ri!allWidgets) &lt; 1), {},&#xD;
          1+enumerate(count(ri!allWidgets)&#xD;
        )&#xD;
      ) &#xD;
    )&#xD;
  }&#xD;
)&#xD;
}</definition>
        <namedTypedValue>
            <name>bookmarkedWidgets</name>
            <type>
                <name>WD_bookmark?list</name>
                <namespace>urn:com:appian:types</namespace>
            </type>
        </namedTypedValue>
        <namedTypedValue>
            <name>allWidgets</name>
            <type>
                <name>WD_widget?list</name>
                <namespace>urn:com:appian:types</namespace>
            </type>
        </namedTypedValue>
        <namedTypedValue>
            <name>tabs</name>
            <type>
                <name>boolean</name>
                <namespace>http://www.w3.org/2001/XMLSchema</namespace>
            </type>
        </namedTypedValue>
        <metadataExpr></metadataExpr>
        <preferredEditor>interface</preferredEditor>
        <offlineEnabled>false</offlineEnabled>
    </rule>
    <roleMap public="true">
        <role inherit="true" allowForAll="false" name="readers">
            <users/>
            <groups/>
        </role>
        <role inherit="true" allowForAll="false" name="authors">
            <users/>
            <groups/>
        </role>
        <role inherit="true" allowForAll="false" name="administrators">
            <users/>
            <groups/>
        </role>
        <role inherit="false" allowForAll="false" name="denyReaders">
            <users/>
            <groups/>
        </role>
        <role inherit="false" allowForAll="false" name="denyAuthors">
            <users/>
            <groups/>
        </role>
        <role inherit="false" allowForAll="false" name="denyAdministrators">
            <users/>
            <groups/>
        </role>
    </roleMap>
</contentHaul>
