<?xml version="1.0" encoding="UTF-8" standalone="yes"?>
<contentHaul xmlns:a="http://www.appian.com/ae/types/2009">
    <rule>
        <name>WD_moveUp</name>
        <uuid>_a-0000de2b-27a4-8000-3457-01ef9001ef90_4646</uuid>
        <description>Performs action of an up arrow upon clicking.</description>
        <parentUuid>_a-0000de29-c706-8000-3457-01ef9001ef90_4609</parentUuid>
        <visibility>
            <advertise>false</advertise>
            <hierarchy>true</hierarchy>
            <indexable>true</indexable>
            <quota>false</quota>
            <searchable>true</searchable>
            <system>false</system>
            <unlogged>false</unlogged>
        </visibility>
        <definition>remove(  &#xD;
  insert(  &#xD;
    insert(ri!bookmarkedLinks, &#xD;
      'type!{urn:com:appian:types}WD_bookmark'(&#xD;
        id: ri!bookmarkedLinks[ri!index].id,&#xD;
        type: ri!bookmarkedLinks[ri!index-1].type,&#xD;
        user: loggedInUser(),&#xD;
        widget: ri!bookmarkedLinks[ri!index-1].widget,&#xD;
        order: ri!bookmarkedLinks[ri!index].order&#xD;
      ), ri!index&#xD;
    ), &#xD;
    'type!{urn:com:appian:types}WD_bookmark'(&#xD;
      id: ri!bookmarkedLinks[ri!index-1].id,&#xD;
      type: ri!bookmarkedLinks[ri!index].type,&#xD;
      user: loggedInUser(),&#xD;
      widget: ri!bookmarkedLinks[ri!index].widget,&#xD;
      order: ri!bookmarkedLinks[ri!index-1].order&#xD;
    ), ri!index&#xD;
  ), {ri!index-1, ri!index+2}&#xD;
)</definition>
        <namedTypedValue>
            <name>bookmarkedLinks</name>
            <type>
                <name>WD_bookmark?list</name>
                <namespace>urn:com:appian:types</namespace>
            </type>
        </namedTypedValue>
        <namedTypedValue>
            <name>index</name>
            <type>
                <name>int</name>
                <namespace>http://www.w3.org/2001/XMLSchema</namespace>
            </type>
        </namedTypedValue>
        <preferredEditor>legacy</preferredEditor>
        <offlineEnabled>false</offlineEnabled>
    </rule>
    <roleMap public="true">
        <role inherit="true" allowForAll="false" name="readers">
            <users/>
            <groups/>
        </role>
        <role inherit="true" allowForAll="false" name="authors">
            <users/>
            <groups/>
        </role>
        <role inherit="true" allowForAll="false" name="administrators">
            <users/>
            <groups/>
        </role>
        <role inherit="false" allowForAll="false" name="denyReaders">
            <users/>
            <groups/>
        </role>
        <role inherit="false" allowForAll="false" name="denyAuthors">
            <users/>
            <groups/>
        </role>
        <role inherit="false" allowForAll="false" name="denyAdministrators">
            <users/>
            <groups/>
        </role>
    </roleMap>
</contentHaul>
