<?xml version="1.0" encoding="UTF-8" standalone="yes"?>
<contentHaul xmlns:a="http://www.appian.com/ae/types/2009">
    <rule>
        <name>WD_getUsersAndGroupsFromText</name>
        <uuid>_a-0000de8c-7f85-8000-7f69-01ef9001ef90_4989</uuid>
        <description>Given text, it will return the corresponding users and groups.
returnType is optional and it can be USER, GROUP, or BOTH</description>
        <parentUuid>_a-0000de29-c706-8000-3457-01ef9001ef90_4609</parentUuid>
        <visibility>
            <advertise>false</advertise>
            <hierarchy>true</hierarchy>
            <indexable>true</indexable>
            <quota>false</quota>
            <searchable>true</searchable>
            <system>false</system>
            <unlogged>false</unlogged>
        </visibility>
        <definition>=with(&#xD;
  local!array: split(stripwith(ri!text, " "), ";"),&#xD;
  if(isnull(ri!text), {},&#xD;
    {&#xD;
      if(ri!returnType="USER", {},&#xD;
        togroup(  extract( ri!text, "[Group:", "]") )&#xD;
      ),&#xD;
      if(ri!returnType="GROUP", {},&#xD;
        touser(index(local!array, &#xD;
        where(apply(isusernametaken( _), local!array)), {}))&#xD;
      )&#xD;
    }&#xD;
  )&#xD;
)</definition>
        <namedTypedValue>
            <name>text</name>
            <type>
                <name>string</name>
                <namespace>http://www.w3.org/2001/XMLSchema</namespace>
            </type>
            <value/>
        </namedTypedValue>
        <namedTypedValue>
            <name>returnType</name>
            <type>
                <name>string</name>
                <namespace>http://www.w3.org/2001/XMLSchema</namespace>
            </type>
            <value/>
        </namedTypedValue>
        <preferredEditor>legacy</preferredEditor>
        <offlineEnabled>false</offlineEnabled>
    </rule>
    <roleMap public="true">
        <role inherit="true" allowForAll="false" name="readers">
            <users/>
            <groups/>
        </role>
        <role inherit="true" allowForAll="false" name="authors">
            <users/>
            <groups/>
        </role>
        <role inherit="true" allowForAll="false" name="administrators">
            <users/>
            <groups/>
        </role>
        <role inherit="false" allowForAll="false" name="denyReaders">
            <users/>
            <groups/>
        </role>
        <role inherit="false" allowForAll="false" name="denyAuthors">
            <users/>
            <groups/>
        </role>
        <role inherit="false" allowForAll="false" name="denyAdministrators">
            <users/>
            <groups/>
        </role>
    </roleMap>
</contentHaul>
