<?xml version="1.0" encoding="UTF-8" standalone="yes"?>
<contentHaul xmlns:a="http://www.appian.com/ae/types/2009">
    <rule>
        <name>WD_getPMByIdentifier</name>
        <uuid>_a-0000def2-cb5b-8000-9ba2-011c48011c48_236667</uuid>
        <description>returns tunnel to process model based on identifier</description>
        <parentUuid>_a-0000de29-c706-8000-3457-01ef9001ef90_4609</parentUuid>
        <visibility>
            <advertise>false</advertise>
            <hierarchy>true</hierarchy>
            <indexable>true</indexable>
            <quota>false</quota>
            <searchable>true</searchable>
            <system>false</system>
            <unlogged>false</unlogged>
        </visibility>
        <definition>choose(
  ri!identifier,
  #"_a-0000defe-bf54-8000-9ba2-011c48011c48_243220",
  #"_a-0000dda7-9428-8000-9ba2-011c48011c48_125738",
  #"_a-0000dda7-9428-8000-9ba2-011c48011c48_133789",
  #"_a-0000defe-bf54-8000-9ba2-011c48011c48_243225",
  #"_a-0000defe-bf54-8000-9ba2-011c48011c48_243227",
  #"_a-0000defe-bf54-8000-9ba2-011c48011c48_243236",
  #"_a-0000defe-bf54-8000-9ba2-011c48011c48_243239",
  #"_a-0000defe-bf54-8000-9ba2-011c48011c48_243240",
  #"_a-0000defe-bf54-8000-9ba2-011c48011c48_243244",
  #"_a-0000defe-bf54-8000-9ba2-011c48011c48_243245",
  #"_a-0000defe-bf54-8000-9ba2-011c48011c48_243246",
  #"_a-0000defe-bf54-8000-9ba2-011c48011c48_243249",
  #"_a-0000defe-bf54-8000-9ba2-011c48011c48_243251",
  #"_a-0000defe-bf54-8000-9ba2-011c48011c48_243252",
  #"_a-0000defe-bf54-8000-9ba2-011c48011c48_243253",
  #"_a-0000defe-bf54-8000-9ba2-011c48011c48_243254",
  #"_a-0000defe-bf54-8000-9ba2-011c48011c48_243257",
  #"_a-0000defe-bf54-8000-9ba2-011c48011c48_243258",
  #"_a-0000defe-bf54-8000-9ba2-011c48011c48_243262",
  #"_a-0000defe-bf54-8000-9ba2-011c48011c48_243264",
  #"_a-0000defe-bf54-8000-9ba2-011c48011c48_243266"
  /*cons!WD_PM_MANAGE_PROGRAM_PREFERENCE,*/
  /*cons!HRO_PM_CREATE_OFFER,*/
  /*cons!WD_PM_MANAGE_DESIGNEES,*/
  /*cons!WD_PM_MANAGE_PREFERENCES_DIRECTOR*/
)</definition>
        <namedTypedValue>
            <name>identifier</name>
            <type>
                <name>int</name>
                <namespace>http://www.w3.org/2001/XMLSchema</namespace>
            </type>
        </namedTypedValue>
        <preferredEditor>legacy</preferredEditor>
        <offlineEnabled>false</offlineEnabled>
    </rule>
    <roleMap public="true">
        <role inherit="true" allowForAll="false" name="readers">
            <users/>
            <groups/>
        </role>
        <role inherit="true" allowForAll="false" name="authors">
            <users/>
            <groups/>
        </role>
        <role inherit="true" allowForAll="false" name="administrators">
            <users/>
            <groups/>
        </role>
        <role inherit="false" allowForAll="false" name="denyReaders">
            <users/>
            <groups/>
        </role>
        <role inherit="false" allowForAll="false" name="denyAuthors">
            <users/>
            <groups/>
        </role>
        <role inherit="false" allowForAll="false" name="denyAdministrators">
            <users/>
            <groups/>
        </role>
    </roleMap>
</contentHaul>
