<?xml version="1.0" encoding="UTF-8" standalone="yes"?>
<contentHaul xmlns:a="http://www.appian.com/ae/types/2009">
    <rule>
        <name>WD_richTextCatalogueDistributer</name>
        <uuid>_a-0000de31-b787-8000-3457-01ef9001ef90_5216</uuid>
        <description>Arranges a single link within an attribute section allowing links to have an icon associated with them.</description>
        <parentUuid>_a-0000de29-c706-8000-3457-01ef9001ef90_4609</parentUuid>
        <visibility>
            <advertise>false</advertise>
            <hierarchy>true</hierarchy>
            <indexable>true</indexable>
            <quota>false</quota>
            <searchable>true</searchable>
            <system>false</system>
            <unlogged>false</unlogged>
        </visibility>
        <definition>load(&#xD;
  local!indexToDelete,&#xD;
  if(ri!allLinks[ri!index].attribute = ri!section,&#xD;
    #"SYSTEM_SYSRULES_richTextDisplayField"(&#xD;
      labelPosition: "COLLAPSED",&#xD;
      value: {&#xD;
        #"SYSTEM_SYSRULES_richTextImage"(&#xD;
          image: if(contains(ri!bookmarkedLinks.widget.widgetId, ri!allLinks[ri!index].widgetId),&#xD;
            #"_a-0000dea2-05b4-8000-3120-01ef9001ef90_6513"(&#xD;
              bookmarks: ri!bookmarkedLinks,&#xD;
              widget: ri!allLinks[ri!index]&#xD;
            ),&#xD;
            #"_a-0000dea2-05b4-8000-3120-01ef9001ef90_6516"(&#xD;
              bookmarks: ri!bookmarkedLinks,&#xD;
              widget: ri!allLinks[ri!index]&#xD;
            )&#xD;
          )&#xD;
        ),&#xD;
        #"SYSTEM_SYSRULES_richTextItem"(&#xD;
          text: "  "&#xD;
        ),&#xD;
        #"_a-0000dea1-c302-8000-3120-01ef9001ef90_6492"(&#xD;
          widget: ri!allLinks[ri!index]&#xD;
        )&#xD;
      }&#xD;
    ), {}&#xD;
  )&#xD;
)</definition>
        <namedTypedValue>
            <name>section</name>
            <type>
                <name>string</name>
                <namespace>http://www.w3.org/2001/XMLSchema</namespace>
            </type>
            <value/>
        </namedTypedValue>
        <namedTypedValue>
            <name>allLinks</name>
            <type>
                <name>WD_widget?list</name>
                <namespace>urn:com:appian:types</namespace>
            </type>
        </namedTypedValue>
        <namedTypedValue>
            <name>bookmarkedLinks</name>
            <type>
                <name>WD_bookmark?list</name>
                <namespace>urn:com:appian:types</namespace>
            </type>
        </namedTypedValue>
        <namedTypedValue>
            <name>index</name>
            <type>
                <name>int</name>
                <namespace>http://www.w3.org/2001/XMLSchema</namespace>
            </type>
        </namedTypedValue>
        <preferredEditor>legacy</preferredEditor>
        <offlineEnabled>false</offlineEnabled>
    </rule>
    <roleMap public="true">
        <role inherit="true" allowForAll="false" name="readers">
            <users/>
            <groups/>
        </role>
        <role inherit="true" allowForAll="false" name="authors">
            <users/>
            <groups/>
        </role>
        <role inherit="true" allowForAll="false" name="administrators">
            <users/>
            <groups/>
        </role>
        <role inherit="false" allowForAll="false" name="denyReaders">
            <users/>
            <groups/>
        </role>
        <role inherit="false" allowForAll="false" name="denyAuthors">
            <users/>
            <groups/>
        </role>
        <role inherit="false" allowForAll="false" name="denyAdministrators">
            <users/>
            <groups/>
        </role>
    </roleMap>
</contentHaul>
