<?xml version="1.0" encoding="UTF-8" standalone="yes"?>
<contentHaul xmlns:a="http://www.appian.com/ae/types/2009">
    <rule>
        <name>WD_displayWidgets</name>
        <uuid>_a-0000de29-c706-8000-3457-01ef9001ef90_4613</uuid>
        <description>Displays a grouping of widgets that a user customizes.</description>
        <parentUuid>_a-0000de29-c706-8000-3457-01ef9001ef90_4612</parentUuid>
        <visibility>
            <advertise>false</advertise>
            <hierarchy>true</hierarchy>
            <indexable>true</indexable>
            <quota>false</quota>
            <searchable>true</searchable>
            <system>false</system>
            <unlogged>false</unlogged>
        </visibility>
        <definition>#"SYSTEM_SYSRULES_formLayout_v1"(
  contents: {
    #"_a-0000de8c-7f85-8000-7f69-01ef9001ef90_4819"(
      display: ri!display,
      allQuickAccessLinks: ri!allQuickAccessLinks,
      allTabs: ri!allTabs,
      allWidgets: ri!allWidgets
    ),
    #"SYSTEM_SYSRULES_columnsLayout"(
      columns: {
        #"SYSTEM_SYSRULES_columnLayout"(
          {
            /*Place Holder to align first section in each column*/
            #"SYSTEM_SYSRULES_richTextDisplayField"(
              labelPosition: "COLLAPSED"
            ),
            #"SYSTEM_SYSRULES_sectionLayout"(
              label: "Quick Access",
              firstColumnContents: {
                #"_a-0000de33-1f7f-8000-3457-01ef9001ef90_5301"(
                  ri!bookmarkedLinks
                )
              }
            ),
            #"SYSTEM_SYSRULES_applyComponents"(
              function: #"_a-0000de2b-27a4-8000-3457-01ef9001ef90_4686"(
                bookmarkedWidgets: ri!bookmarkedWidgets.widget,
                firstColumn: true,
                index: _
              ),
              array: if(
                or(
                  isnull(
                    ri!bookmarkedWidgets
                  ),
                  count(
                    ri!bookmarkedWidgets
                  ) &lt; 1
                ),
                {},
                1 + enumerate(
                  count(
                    ri!bookmarkedWidgets
                  )
                )
              )
            )
          }
        ),
        #"SYSTEM_SYSRULES_columnLayout"(
          {
            /*Place Holder to align first section in each column*/
            #"SYSTEM_SYSRULES_richTextDisplayField"(
              labelPosition: "COLLAPSED"
            ),
            #"SYSTEM_SYSRULES_applyComponents"(
              function: #"_a-0000de2b-27a4-8000-3457-01ef9001ef90_4686"(
                bookmarkedWidgets: ri!bookmarkedWidgets.widget,
                firstColumn: false,
                index: _
              ),
              array: if(
                or(
                  isnull(
                    ri!bookmarkedWidgets
                  ),
                  count(
                    ri!bookmarkedWidgets
                  ) &lt; 1
                ),
                {},
                1 + enumerate(
                  count(
                    ri!bookmarkedWidgets
                  )
                )
              )
            )
          }
        )
      }
    )
  }
)/*a!formLayout_17r1(*/
/*firstColumnContents: {*/
/*rule!WD_homePageNavigation(*/
/*display: ri!display,*/
/*allQuickAccessLinks: ri!allQuickAccessLinks,*/
/*allTabs: ri!allTabs,*/
/*allWidgets: ri!allWidgets*/
/*),*/
/*a!sectionLayout_17r1(*/
/*label: "Quick Access",*/
/*firstColumnContents: {*/
/*rule!WD_bookmarkedLinksColumnsDistributer(ri!bookmarkedLinks)*/
/*}*/
/*),*/
/*a!applyComponents(*/
/*function: rule!WD_widgetDistributer(*/
/*bookmarkedWidgets: ri!bookmarkedWidgets.widget,*/
/*firstColumn: true,*/
/*index: _*/
/*),*/
/*array: if(or(isnull(ri!bookmarkedWidgets),*/
/*count(ri!bookmarkedWidgets) &lt; 1), {},*/
/*1+enumerate(count(ri!bookmarkedWidgets))*/
/*)*/
/*)*/
/*},*/
/*secondColumnContents: {*/
/*Place Holder to align first section in each column*/
/*a!richTextDisplayField(labelPosition: "COLLAPSED"),*/
/*a!applyComponents(*/
/*function: rule!WD_widgetDistributer(*/
/*bookmarkedWidgets: ri!bookmarkedWidgets.widget,*/
/*firstColumn: false,*/
/*index: _*/
/*),*/
/*array: if(or(isnull(ri!bookmarkedWidgets),*/
/*count(ri!bookmarkedWidgets) &lt; 1), {},*/
/*1+enumerate(count(ri!bookmarkedWidgets))*/
/*)*/
/*)  */
/*}*/
/*)*/</definition>
        <namedTypedValue>
            <name>bookmarkedLinks</name>
            <type>
                <name>WD_bookmark?list</name>
                <namespace>urn:com:appian:types</namespace>
            </type>
        </namedTypedValue>
        <namedTypedValue>
            <name>bookmarkedWidgets</name>
            <type>
                <name>WD_bookmark?list</name>
                <namespace>urn:com:appian:types</namespace>
            </type>
        </namedTypedValue>
        <namedTypedValue>
            <name>display</name>
            <type>
                <name>int</name>
                <namespace>http://www.w3.org/2001/XMLSchema</namespace>
            </type>
        </namedTypedValue>
        <namedTypedValue>
            <name>allQuickAccessLinks</name>
            <type>
                <name>WD_widget?list</name>
                <namespace>urn:com:appian:types</namespace>
            </type>
        </namedTypedValue>
        <namedTypedValue>
            <name>allTabs</name>
            <type>
                <name>WD_widget?list</name>
                <namespace>urn:com:appian:types</namespace>
            </type>
        </namedTypedValue>
        <namedTypedValue>
            <name>allWidgets</name>
            <type>
                <name>WD_widget?list</name>
                <namespace>urn:com:appian:types</namespace>
            </type>
        </namedTypedValue>
        <metadataExpr></metadataExpr>
        <preferredEditor>interface</preferredEditor>
        <offlineEnabled>false</offlineEnabled>
    </rule>
    <roleMap public="true">
        <role inherit="true" allowForAll="false" name="readers">
            <users/>
            <groups/>
        </role>
        <role inherit="true" allowForAll="false" name="authors">
            <users/>
            <groups/>
        </role>
        <role inherit="true" allowForAll="false" name="administrators">
            <users/>
            <groups/>
        </role>
        <role inherit="false" allowForAll="false" name="denyReaders">
            <users/>
            <groups/>
        </role>
        <role inherit="false" allowForAll="false" name="denyAuthors">
            <users/>
            <groups/>
        </role>
        <role inherit="false" allowForAll="false" name="denyAdministrators">
            <users/>
            <groups/>
        </role>
    </roleMap>
    <typedValue>
        <type>
            <name>RuleTestConfig?list</name>
            <namespace>http://www.appian.com/ae/types/2009</namespace>
        </type>
        <value>
            <el>
                <a:name/>
                <a:ruleInputTestConfigs>
                    <a:value xmlns:xsi="http://www.w3.org/2001/XMLSchema-instance" xsi:nil="true"/>
                    <a:nameRef>bookmarkedLinks</a:nameRef>
                    <a:id/>
                </a:ruleInputTestConfigs>
                <a:ruleInputTestConfigs>
                    <a:value xmlns:xsi="http://www.w3.org/2001/XMLSchema-instance" xsi:nil="true"/>
                    <a:nameRef>bookmarkedWidgets</a:nameRef>
                    <a:id/>
                </a:ruleInputTestConfigs>
                <a:ruleInputTestConfigs>
                    <a:value xmlns:xsd="http://www.w3.org/2001/XMLSchema" xmlns:xsi="http://www.w3.org/2001/XMLSchema-instance" xsi:type="xsd:int">1</a:value>
                    <a:nameRef>display</a:nameRef>
                    <a:id/>
                </a:ruleInputTestConfigs>
                <a:ruleInputTestConfigs>
                    <a:value xmlns:xsi="http://www.w3.org/2001/XMLSchema-instance" xsi:nil="true"/>
                    <a:nameRef>allQuickAccessLinks</a:nameRef>
                    <a:id/>
                </a:ruleInputTestConfigs>
                <a:ruleInputTestConfigs>
                    <a:value xmlns:xsi="http://www.w3.org/2001/XMLSchema-instance" xsi:nil="true"/>
                    <a:nameRef>allTabs</a:nameRef>
                    <a:id/>
                </a:ruleInputTestConfigs>
                <a:ruleInputTestConfigs>
                    <a:value xmlns:xsi="http://www.w3.org/2001/XMLSchema-instance" xsi:nil="true"/>
                    <a:nameRef>allWidgets</a:nameRef>
                    <a:id/>
                </a:ruleInputTestConfigs>
                <a:assertions xmlns:xsi="http://www.w3.org/2001/XMLSchema-instance" xsi:nil="true"/>
            </el>
        </value>
    </typedValue>
</contentHaul>
