<?xml version="1.0" encoding="UTF-8" standalone="yes"?>
<contentHaul xmlns:a="http://www.appian.com/ae/types/2009">
    <rule>
        <name>WD_bookmarkedLinksColumnsDistributer</name>
        <uuid>_a-0000de33-1f7f-8000-3457-01ef9001ef90_5301</uuid>
        <description>Determines whether to display bookmarked links in grid or single column.</description>
        <parentUuid>_a-0000de29-c706-8000-3457-01ef9001ef90_4609</parentUuid>
        <visibility>
            <advertise>false</advertise>
            <hierarchy>true</hierarchy>
            <indexable>true</indexable>
            <quota>false</quota>
            <searchable>true</searchable>
            <system>false</system>
            <unlogged>false</unlogged>
        </visibility>
        <definition>#"SYSTEM_SYSRULES_gridLayout"(&#xD;
  columnConfigs: {&#xD;
    #"SYSTEM_SYSRULES_gridLayoutColumnConfig"(width: "DISTRIBUTE"),&#xD;
    #"SYSTEM_SYSRULES_gridLayoutColumnConfig"(width: "DISTRIBUTE")&#xD;
  },&#xD;
  headerCells: {&#xD;
    #"SYSTEM_SYSRULES_gridLayoutHeaderCell"(label: ""),&#xD;
    #"SYSTEM_SYSRULES_gridLayoutHeaderCell"(label: "")&#xD;
  },&#xD;
  rows: {&#xD;
    #"SYSTEM_SYSRULES_applyComponents"(&#xD;
      function: #"_a-0000de34-56c9-8000-3457-01ef9001ef90_5491"(&#xD;
        widgets: ri!bookmarkedLinks.widget,&#xD;
        index: _&#xD;
      ),&#xD;
      array: if(or(isnull(ri!bookmarkedLinks),&#xD;
        count(ri!bookmarkedLinks) &lt; 1), {},&#xD;
        1+enumerate(count(ri!bookmarkedLinks)/2)&#xD;
      )&#xD;
    )&#xD;
  }&#xD;
)&#xD;
</definition>
        <namedTypedValue>
            <name>bookmarkedLinks</name>
            <type>
                <name>WD_bookmark?list</name>
                <namespace>urn:com:appian:types</namespace>
            </type>
        </namedTypedValue>
        <preferredEditor>legacy</preferredEditor>
        <offlineEnabled>false</offlineEnabled>
    </rule>
    <roleMap public="true">
        <role inherit="true" allowForAll="false" name="readers">
            <users/>
            <groups/>
        </role>
        <role inherit="true" allowForAll="false" name="authors">
            <users/>
            <groups/>
        </role>
        <role inherit="true" allowForAll="false" name="administrators">
            <users/>
            <groups/>
        </role>
        <role inherit="false" allowForAll="false" name="denyReaders">
            <users/>
            <groups/>
        </role>
        <role inherit="false" allowForAll="false" name="denyAuthors">
            <users/>
            <groups/>
        </role>
        <role inherit="false" allowForAll="false" name="denyAdministrators">
            <users/>
            <groups/>
        </role>
    </roleMap>
</contentHaul>
