<?xml version="1.0" encoding="UTF-8" standalone="yes"?>
<contentHaul xmlns:a="http://www.appian.com/ae/types/2009">
    <rule>
        <name>WD_unbookmarkedDocumentImage</name>
        <uuid>_a-0000dea2-05b4-8000-3120-01ef9001ef90_6516</uuid>
        <description>An image component that indicates a widget is bookmarked.</description>
        <parentUuid>_a-0000de29-c706-8000-3457-01ef9001ef90_4612</parentUuid>
        <visibility>
            <advertise>false</advertise>
            <hierarchy>true</hierarchy>
            <indexable>true</indexable>
            <quota>false</quota>
            <searchable>true</searchable>
            <system>false</system>
            <unlogged>false</unlogged>
        </visibility>
        <definition>#"SYSTEM_SYSRULES_documentImage"(&#xD;
  document: #"_a-0000de44-2b06-8000-3457-01ef9001ef90_7135",&#xD;
  caption: "Click to bookmark",&#xD;
  altText: "Not Selected",&#xD;
  link: #"SYSTEM_SYSRULES_dynamicLink"(&#xD;
    value: true,&#xD;
    saveInto: {&#xD;
      #"SYSTEM_SYSRULES_writeToDataStoreEntity"(&#xD;
        dataStoreEntity: #"_a-0000de34-56c9-8000-3457-01ef9001ef90_5622",&#xD;
        valueToStore: &#xD;
          'type!{urn:com:appian:types}WD_bookmark'(&#xD;
            user: loggedInUser(),&#xD;
            widget: ri!widget,&#xD;
            order: #"_a-0000de8c-7f85-8000-7f69-01ef9001ef90_4812"(user: loggedInUser())&#xD;
          ),&#xD;
        onSuccess:{&#xD;
          a!save(ri!bookmarks,  append(ri!bookmarks, fv!storedValues))&#xD;
        }&#xD;
      )&#xD;
    }&#xD;
  )&#xD;
)</definition>
        <namedTypedValue>
            <name>bookmarks</name>
            <type>
                <name>WD_bookmark?list</name>
                <namespace>urn:com:appian:types</namespace>
            </type>
        </namedTypedValue>
        <namedTypedValue>
            <name>widget</name>
            <type>
                <name>WD_widget</name>
                <namespace>urn:com:appian:types</namespace>
            </type>
        </namedTypedValue>
        <metadataExpr></metadataExpr>
        <preferredEditor>interface</preferredEditor>
        <offlineEnabled>false</offlineEnabled>
    </rule>
    <roleMap public="true">
        <role inherit="true" allowForAll="false" name="readers">
            <users/>
            <groups/>
        </role>
        <role inherit="true" allowForAll="false" name="authors">
            <users/>
            <groups/>
        </role>
        <role inherit="true" allowForAll="false" name="administrators">
            <users/>
            <groups/>
        </role>
        <role inherit="false" allowForAll="false" name="denyReaders">
            <users/>
            <groups/>
        </role>
        <role inherit="false" allowForAll="false" name="denyAuthors">
            <users/>
            <groups/>
        </role>
        <role inherit="false" allowForAll="false" name="denyAdministrators">
            <users/>
            <groups/>
        </role>
    </roleMap>
</contentHaul>
