<?xml version="1.0" encoding="UTF-8" standalone="yes"?>
<contentHaul xmlns:a="http://www.appian.com/ae/types/2009">
    <rule>
        <name>WD_richTextDisplayForQuickAccessLink</name>
        <uuid>_a-0000dea1-c302-8000-3120-01ef9001ef90_6488</uuid>
        <description>Renders a rich text display field provided a widget.</description>
        <parentUuid>_a-0000de29-c706-8000-3457-01ef9001ef90_4612</parentUuid>
        <visibility>
            <advertise>false</advertise>
            <hierarchy>true</hierarchy>
            <indexable>true</indexable>
            <quota>false</quota>
            <searchable>true</searchable>
            <system>false</system>
            <unlogged>false</unlogged>
        </visibility>
        <definition>#"SYSTEM_SYSRULES_richTextDisplayField"(&#xD;
  labelPosition: "ABOVE",&#xD;
  value: {&#xD;
    #"SYSTEM_SYSRULES_richTextImage"(&#xD;
      image: #"SYSTEM_SYSRULES_documentImage"(&#xD;
        document: {&#xD;
          if(or(isnull(ri!widget.appianIconId),&#xD;
              ri!widget.appianIconId = ""),&#xD;
            todocument(ri!widget.iconId),&#xD;
            #"SYSTEM_SYSRULES_iconNewsEvent"(&#xD;
              icon: ri!widget.appianIconId,&#xD;
              color: "GREEN"&#xD;
            )&#xD;
          )&#xD;
        }&#xD;
      )&#xD;
    ),&#xD;
    #"SYSTEM_SYSRULES_richTextItem"(&#xD;
      text: "  "&#xD;
    ),&#xD;
    #"_a-0000dea1-c302-8000-3120-01ef9001ef90_6492"(&#xD;
      widget: ri!widget&#xD;
    )&#xD;
  }&#xD;
)</definition>
        <namedTypedValue>
            <name>widget</name>
            <type>
                <name>WD_widget</name>
                <namespace>urn:com:appian:types</namespace>
            </type>
        </namedTypedValue>
        <metadataExpr></metadataExpr>
        <preferredEditor>interface</preferredEditor>
        <offlineEnabled>false</offlineEnabled>
    </rule>
    <roleMap public="true">
        <role inherit="true" allowForAll="false" name="readers">
            <users/>
            <groups/>
        </role>
        <role inherit="true" allowForAll="false" name="authors">
            <users/>
            <groups/>
        </role>
        <role inherit="true" allowForAll="false" name="administrators">
            <users/>
            <groups/>
        </role>
        <role inherit="false" allowForAll="false" name="denyReaders">
            <users/>
            <groups/>
        </role>
        <role inherit="false" allowForAll="false" name="denyAuthors">
            <users/>
            <groups/>
        </role>
        <role inherit="false" allowForAll="false" name="denyAdministrators">
            <users/>
            <groups/>
        </role>
    </roleMap>
</contentHaul>
