<?xml version="1.0" encoding="UTF-8" standalone="yes"?>
<contentHaul xmlns:a="http://www.appian.com/ae/types/2009">
    <rule>
        <name>WD_allLinksGrid</name>
        <uuid>_a-0000de2b-27a4-8000-3457-01ef9001ef90_4669</uuid>
        <description>Builds a single row for the all links grid to bookmark and unbookmark links.</description>
        <parentUuid>_a-0000de29-c706-8000-3457-01ef9001ef90_4609</parentUuid>
        <visibility>
            <advertise>false</advertise>
            <hierarchy>true</hierarchy>
            <indexable>true</indexable>
            <quota>false</quota>
            <searchable>true</searchable>
            <system>false</system>
            <unlogged>false</unlogged>
        </visibility>
        <definition>load(
  local!bookmarkedLinksTemp: {'type!{urn:com:appian:types}WD_bookmark'()},
  local!indexToDelete,
  #"SYSTEM_SYSRULES_gridRowLayout"(
    id: ri!index,
    contents: {
      if(contains(index(index(ri!bookmarkedLinks, "widget", tointeger(null)), "widgetId", tointeger(null)), ri!allLinks[ri!index].widgetId),
        #"SYSTEM_SYSRULES_imageField"(
          label: "fullStar",
          size: "ICON",
          images: 
            #"_a-0000dea2-05b4-8000-3120-01ef9001ef90_6513"(
              bookmarks: ri!bookmarkedLinks,
              widget: ri!allLinks[ri!index]
            )           
        ),
        #"SYSTEM_SYSRULES_imageField"(
          label: "emptyStar",
          size: "ICON",
          images:
            #"_a-0000dea2-05b4-8000-3120-01ef9001ef90_6516"(
              bookmarks: ri!bookmarkedLinks,
              widget: ri!allLinks[ri!index]
            ) 
        )
      ),
      #"SYSTEM_SYSRULES_richTextDisplayField"(
        labelPosition: "ABOVE",
        value: {
          #"_a-0000dea1-c302-8000-3120-01ef9001ef90_6492"(
            widget:  ri!allLinks[ri!index]
          )
        }
      )
    }
  )
)</definition>
        <namedTypedValue>
            <name>bookmarkedLinks</name>
            <type>
                <name>WD_bookmark?list</name>
                <namespace>urn:com:appian:types</namespace>
            </type>
        </namedTypedValue>
        <namedTypedValue>
            <name>allLinks</name>
            <type>
                <name>WD_widget?list</name>
                <namespace>urn:com:appian:types</namespace>
            </type>
        </namedTypedValue>
        <namedTypedValue>
            <name>index</name>
            <type>
                <name>int</name>
                <namespace>http://www.w3.org/2001/XMLSchema</namespace>
            </type>
        </namedTypedValue>
        <preferredEditor>legacy</preferredEditor>
        <offlineEnabled>false</offlineEnabled>
    </rule>
    <roleMap public="true">
        <role inherit="true" allowForAll="false" name="readers">
            <users/>
            <groups/>
        </role>
        <role inherit="true" allowForAll="false" name="authors">
            <users/>
            <groups/>
        </role>
        <role inherit="true" allowForAll="false" name="administrators">
            <users/>
            <groups/>
        </role>
        <role inherit="false" allowForAll="false" name="denyReaders">
            <users/>
            <groups/>
        </role>
        <role inherit="false" allowForAll="false" name="denyAuthors">
            <users/>
            <groups/>
        </role>
        <role inherit="false" allowForAll="false" name="denyAdministrators">
            <users/>
            <groups/>
        </role>
    </roleMap>
</contentHaul>
