<?xml version="1.0" encoding="UTF-8" standalone="yes"?>
<contentHaul xmlns:a="http://www.appian.com/ae/types/2009">
    <rule>
        <name>WD_editBookmarksRow</name>
        <uuid>_a-0000de29-c706-8000-3457-01ef9001ef90_4635</uuid>
        <description>A single row with arrows to change the order of links in a grid.</description>
        <parentUuid>_a-0000de29-c706-8000-3457-01ef9001ef90_4609</parentUuid>
        <visibility>
            <advertise>false</advertise>
            <hierarchy>true</hierarchy>
            <indexable>true</indexable>
            <quota>false</quota>
            <searchable>true</searchable>
            <system>false</system>
            <unlogged>false</unlogged>
        </visibility>
        <definition>load(
  local!bookmarksTemp,
  with(
    #"SYSTEM_SYSRULES_gridRowLayout"(
      id: ri!index,
      contents: {
        #"SYSTEM_SYSRULES_linkField"(
          links: {
            #"SYSTEM_SYSRULES_safeLink"(
              label: ri!bookmarkedLinks[ri!index].widget.name,
              value: ri!bookmarkedLinks[ri!index].widget.link
            )
          }
        ),
        if(ri!index &lt; length(ri!bookmarkedLinks),
          #"SYSTEM_SYSRULES_imageField"(
            label: "arrowDown",
            size: "ICON",
            images: #"SYSTEM_SYSRULES_documentImage"(
              document: #"SYSTEM_SYSRULES_iconIndicator"("MOVE_DOWN"),
              altText: "Move Down",
              caption: "Click to move this link down",
              link: #"SYSTEM_SYSRULES_dynamicLink"(
                value: #"_a-0000de2b-27a4-8000-3457-01ef9001ef90_4643"(ri!bookmarkedLinks, ri!index),
                saveInto: {
                  a!save(local!bookmarksTemp, save!value),
                  #"SYSTEM_SYSRULES_writeToDataStoreEntity"(
                    dataStoreEntity: #"_a-0000de34-56c9-8000-3457-01ef9001ef90_5622",
                    valueToStore: local!bookmarksTemp
                  )
                }
              )
            )
          ),
          #"SYSTEM_SYSRULES_imageField"(
            label: "arrowDown",
            size: "ICON",
            images: #"SYSTEM_SYSRULES_documentImage"(
              document: #"SYSTEM_SYSRULES_iconIndicator"("MOVE_DOWN_DISABLED"),
              altText: "Move Down Disabled",
              caption: "This item cannot be moved down any further"
            )
          )
        ),
        if(ri!index &gt; 1,
          #"SYSTEM_SYSRULES_imageField"(
            label: "arrowUp",
            size: "ICON",
            images: #"SYSTEM_SYSRULES_documentImage"(
              document: #"SYSTEM_SYSRULES_iconIndicator"("MOVE_UP"),
              altText: "Move Up",
              caption: "Click to move this link up",
              link: #"SYSTEM_SYSRULES_dynamicLink"(
                value: #"_a-0000de2b-27a4-8000-3457-01ef9001ef90_4646"(ri!bookmarkedLinks, ri!index),
                saveInto: {
                  a!save(local!bookmarksTemp, save!value),
                  #"SYSTEM_SYSRULES_writeToDataStoreEntity"(
                    dataStoreEntity: #"_a-0000de34-56c9-8000-3457-01ef9001ef90_5622",
                    valueToStore: local!bookmarksTemp
                  )
                }
              )
            )
          ),
          #"SYSTEM_SYSRULES_imageField"(
            label: "arrowUp",
            size: "ICON",
            images: #"SYSTEM_SYSRULES_documentImage"(
              document: #"SYSTEM_SYSRULES_iconIndicator"("MOVE_UP_DISABLED"),
              altText: "Move Up Disabled",
              caption: "This item cannot be moved up any further"
            )
          )
        )
      }
    )
  )
)

</definition>
        <namedTypedValue>
            <name>bookmarkedLinks</name>
            <type>
                <name>WD_bookmark?list</name>
                <namespace>urn:com:appian:types</namespace>
            </type>
        </namedTypedValue>
        <namedTypedValue>
            <name>index</name>
            <type>
                <name>int</name>
                <namespace>http://www.w3.org/2001/XMLSchema</namespace>
            </type>
        </namedTypedValue>
        <preferredEditor>legacy</preferredEditor>
        <offlineEnabled>false</offlineEnabled>
    </rule>
    <roleMap public="true">
        <role inherit="true" allowForAll="false" name="readers">
            <users/>
            <groups/>
        </role>
        <role inherit="true" allowForAll="false" name="authors">
            <users/>
            <groups/>
        </role>
        <role inherit="true" allowForAll="false" name="administrators">
            <users/>
            <groups/>
        </role>
        <role inherit="false" allowForAll="false" name="denyReaders">
            <users/>
            <groups/>
        </role>
        <role inherit="false" allowForAll="false" name="denyAuthors">
            <users/>
            <groups/>
        </role>
        <role inherit="false" allowForAll="false" name="denyAdministrators">
            <users/>
            <groups/>
        </role>
    </roleMap>
</contentHaul>
