<?xml version="1.0" encoding="UTF-8" standalone="yes"?>
<contentHaul xmlns:a="http://www.appian.com/ae/types/2009">
    <rule>
        <name>WD_getBookmarks</name>
        <uuid>_a-0000de8c-7f85-8000-7f69-01ef9001ef90_4804</uuid>
        <description>Gets a list of bookmarks based on the parameters passed in.</description>
        <parentUuid>_a-0000de29-c706-8000-3457-01ef9001ef90_4610</parentUuid>
        <visibility>
            <advertise>false</advertise>
            <hierarchy>true</hierarchy>
            <indexable>true</indexable>
            <quota>false</quota>
            <searchable>true</searchable>
            <system>false</system>
            <unlogged>false</unlogged>
        </visibility>
        <definition>=#"SYSTEM_SYSRULES_queryEntity"( &#xD;
  entity: #"_a-0000de34-56c9-8000-3457-01ef9001ef90_5622",&#xD;
  query: #"SYSTEM_SYSRULES_query"(&#xD;
    selection: if(#"_a-0000de8c-7f85-8000-7f69-01ef9001ef90_4805"(ri!columns),&#xD;
      {},&#xD;
      #"SYSTEM_SYSRULES_querySelection"(&#xD;
        columns: &#xD;
        apply(&#xD;
          #"SYSTEM_SYSRULES_queryColumn"(&#xD;
            field: _&#xD;
          ),&#xD;
          {ri!columns}&#xD;
        )&#xD;
      )&#xD;
    ),&#xD;
    logicalExpression: &#xD;
      #"SYSTEM_SYSRULES_queryLogicalExpression"(&#xD;
        operator: "AND",&#xD;
          filters: {&#xD;
            if(#"_a-0000de8c-7f85-8000-7f69-01ef9001ef90_4805"(ri!bookmarkId),&#xD;
              {},&#xD;
              if(count(ri!bookmarkId) &gt; 1,&#xD;
                #"SYSTEM_SYSRULES_queryFilter"(field: "id", operator: "in", value: ri!bookmarkId),&#xD;
                #"SYSTEM_SYSRULES_queryFilter"(field: "id", operator: "=", value: ri!bookmarkId[1])&#xD;
              )&#xD;
            ),&#xD;
            if(isnull(ri!user), {}, #"SYSTEM_SYSRULES_queryFilter"(field: "user", operator: "=", value: ri!user))&#xD;
          }&#xD;
      ),&#xD;
    pagingInfo: if(isnull(ri!pagingInfo),&#xD;
      #"SYSTEM_SYSRULES_pagingInfo"(&#xD;
        startIndex: 1,&#xD;
        batchSize: -1&#xD;
      ),&#xD;
      ri!pagingInfo&#xD;
    )&#xD;
  )&#xD;
)</definition>
        <namedTypedValue>
            <name>columns</name>
            <type>
                <name>Text?list</name>
                <namespace>http://www.appian.com/ae/types/2009</namespace>
            </type>
        </namedTypedValue>
        <namedTypedValue>
            <name>pagingInfo</name>
            <type>
                <name>PagingInfo</name>
                <namespace>http://www.appian.com/ae/types/2009</namespace>
            </type>
        </namedTypedValue>
        <namedTypedValue>
            <name>bookmarkId</name>
            <type>
                <name>Integer?list</name>
                <namespace>http://www.appian.com/ae/types/2009</namespace>
            </type>
        </namedTypedValue>
        <namedTypedValue>
            <name>user</name>
            <type>
                <name>string</name>
                <namespace>http://www.w3.org/2001/XMLSchema</namespace>
            </type>
            <value/>
        </namedTypedValue>
        <preferredEditor>legacy</preferredEditor>
        <offlineEnabled>false</offlineEnabled>
    </rule>
    <roleMap public="true">
        <role inherit="true" allowForAll="false" name="readers">
            <users/>
            <groups/>
        </role>
        <role inherit="true" allowForAll="false" name="authors">
            <users/>
            <groups/>
        </role>
        <role inherit="true" allowForAll="false" name="administrators">
            <users/>
            <groups/>
        </role>
        <role inherit="false" allowForAll="false" name="denyReaders">
            <users/>
            <groups/>
        </role>
        <role inherit="false" allowForAll="false" name="denyAuthors">
            <users/>
            <groups/>
        </role>
        <role inherit="false" allowForAll="false" name="denyAdministrators">
            <users/>
            <groups/>
        </role>
    </roleMap>
</contentHaul>
