<?xml version="1.0" encoding="UTF-8" standalone="yes"?>
<contentHaul xmlns:a="http://www.appian.com/ae/types/2009">
    <rule>
        <name>WD_editFavorites</name>
        <uuid>_a-0000de39-9984-8000-3457-01ef9001ef90_5834</uuid>
        <description>Interface to choose which widgets and links to display and in what order.</description>
        <parentUuid>_a-0000de29-c706-8000-3457-01ef9001ef90_4612</parentUuid>
        <visibility>
            <advertise>false</advertise>
            <hierarchy>true</hierarchy>
            <indexable>true</indexable>
            <quota>false</quota>
            <searchable>true</searchable>
            <system>false</system>
            <unlogged>false</unlogged>
        </visibility>
        <definition>load(
  local!search,
  local!attribute,
  local!startIndex: 1,
  local!batchSize: 7,
  local!attributes: 
    if(#"_a-0000de8c-7f85-8000-7f69-01ef9001ef90_4805"(ri!allQuickAccessLinks),
      {},
      #"_a-0000de33-1f7f-8000-3457-01ef9001ef90_5385"(index(ri!allQuickAccessLinks, "attribute", {}))
    ),
  local!bookmarkedTabs: #"_a-0000de8c-7f85-8000-7f69-01ef9001ef90_4871"(user: loggedInUser(), widgetType: #"_a-0000de8c-7f85-8000-7f69-01ef9001ef90_4825"),
  local!pagingInfo: #"SYSTEM_SYSRULES_pagingInfo"(
    startIndex: local!startIndex, 
    batchSize: local!batchSize,
    sort: #"SYSTEM_SYSRULES_sortInfo"(
      field: "name",
      ascending: true
    )
  ),
  with(
    local!datasubset: 
      todatasubset(
        #"_a-0000de3c-4292-8000-3457-01ef9001ef90_6098"(search: local!search, attribute: local!attribute, allLinks: ri!allQuickAccessLinks),
        local!pagingInfo
      ),
    #"SYSTEM_SYSRULES_formLayout"(
      firstColumnContents: {
        /*Links between My Stuff, Link Catalogue, and Edit my Stuff*/
        #"_a-0000de8c-7f85-8000-7f69-01ef9001ef90_4819"(
          display: ri!display,
          allQuickAccessLinks: ri!allQuickAccessLinks,
          allWidgets: ri!allWidgets,
          allTabs: ri!allTabs
        ),
        /*Place Holder to align first section in each column*/
            #"SYSTEM_SYSRULES_richTextDisplayField"(
              labelPosition: "COLLAPSED"
            ),
        #"SYSTEM_SYSRULES_sectionLayout"(
          label: "Edit Quick Access",
          firstColumnContents:{
            #"_a-0000de44-2b06-8000-3457-01ef9001ef90_7092"(
              bookmarkedWidgets: ri!bookmarkedLinks,
              headerCellName: "Selected Quick Access Links",
              labelPosition: "COLLAPSED"
            )
          },
          secondColumnContents:{
            #"_a-0000de8c-7f85-8000-7f69-01ef9001ef90_4943"(
              attributes: local!attributes,
              attribute: local!attribute,
              search: local!search,
              pagingInfo: local!pagingInfo
            ),
            #"_a-0000de44-2b06-8000-3457-01ef9001ef90_7044"(
              bookmarkedLinks: ri!bookmarkedLinks,
              allLinks: local!datasubset.data
            ),
            #"_a-0000de44-2b06-8000-3457-01ef9001ef90_7127"(
              pagingInfo: local!pagingInfo,
              totalCount: local!datasubset.totalCount
            )            
          }
        ),
        #"SYSTEM_SYSRULES_sectionLayout"(
          label: "Edit Widgets",
          firstColumnContents: {
            /*Selected Widgets Grid*/
            #"_a-0000de44-2b06-8000-3457-01ef9001ef90_7092"(
              bookmarkedWidgets: ri!bookmarkedWidgets,
              headerCellName: "Selected Widgets"
            )
          },
          secondColumnContents: {
            /*All Widgets Grid*/
            #"_a-0000de44-2b06-8000-3457-01ef9001ef90_7089"(
              bookmarkedWidgets: ri!bookmarkedWidgets,
              allWidgets: ri!allWidgets,
              tabs: false
            )
          }
        ),
        if(#"_a-0000de8c-7f85-8000-7f69-01ef9001ef90_4805"(ri!allTabs), 
          {}, /* Hide tabs section if none are available */
          {
            #"SYSTEM_SYSRULES_sectionLayout"(
              label: "Edit Tabs",
              firstColumnContents: {
                /*Selected Tabs Grid*/
                #"_a-0000de44-2b06-8000-3457-01ef9001ef90_7092"(
                  bookmarkedWidgets: local!bookmarkedTabs,
                  headerCellName: "Selected Tabs"
                )
              },
              secondColumnContents: {
                /*All Tabs Grid*/
                #"_a-0000de44-2b06-8000-3457-01ef9001ef90_7089"(
                  bookmarkedWidgets: local!bookmarkedTabs,
                  allWidgets: ri!allTabs,
                  tabs: true
                )
              }
            )
          }
        )
      }
    )
  )
)
</definition>
        <namedTypedValue>
            <name>bookmarkedLinks</name>
            <type>
                <name>WD_bookmark?list</name>
                <namespace>urn:com:appian:types</namespace>
            </type>
        </namedTypedValue>
        <namedTypedValue>
            <name>bookmarkedWidgets</name>
            <type>
                <name>WD_bookmark?list</name>
                <namespace>urn:com:appian:types</namespace>
            </type>
        </namedTypedValue>
        <namedTypedValue>
            <name>display</name>
            <type>
                <name>int</name>
                <namespace>http://www.w3.org/2001/XMLSchema</namespace>
            </type>
        </namedTypedValue>
        <namedTypedValue>
            <name>allQuickAccessLinks</name>
            <type>
                <name>WD_widget?list</name>
                <namespace>urn:com:appian:types</namespace>
            </type>
        </namedTypedValue>
        <namedTypedValue>
            <name>allTabs</name>
            <type>
                <name>WD_widget?list</name>
                <namespace>urn:com:appian:types</namespace>
            </type>
        </namedTypedValue>
        <namedTypedValue>
            <name>allWidgets</name>
            <type>
                <name>WD_widget?list</name>
                <namespace>urn:com:appian:types</namespace>
            </type>
        </namedTypedValue>
        <metadataExpr></metadataExpr>
        <preferredEditor>interface</preferredEditor>
        <offlineEnabled>false</offlineEnabled>
    </rule>
    <roleMap public="true">
        <role inherit="true" allowForAll="false" name="readers">
            <users/>
            <groups/>
        </role>
        <role inherit="true" allowForAll="false" name="authors">
            <users/>
            <groups/>
        </role>
        <role inherit="true" allowForAll="false" name="administrators">
            <users/>
            <groups/>
        </role>
        <role inherit="false" allowForAll="false" name="denyReaders">
            <users/>
            <groups/>
        </role>
        <role inherit="false" allowForAll="false" name="denyAuthors">
            <users/>
            <groups/>
        </role>
        <role inherit="false" allowForAll="false" name="denyAdministrators">
            <users/>
            <groups/>
        </role>
    </roleMap>
</contentHaul>
