<?xml version="1.0" encoding="UTF-8" standalone="yes"?>
<contentHaul xmlns:a="http://www.appian.com/ae/types/2009">
    <rule>
        <name>WD_getUsersMaxBookmarkOrder</name>
        <uuid>_a-0000de8c-7f85-8000-7f69-01ef9001ef90_4812</uuid>
        <description>Gets the max order ID for a user.

Does not ignore bookmarks that have been inactivated and bookmarks the user no longer has security to.</description>
        <parentUuid>_a-0000de29-c706-8000-3457-01ef9001ef90_4609</parentUuid>
        <visibility>
            <advertise>false</advertise>
            <hierarchy>true</hierarchy>
            <indexable>true</indexable>
            <quota>false</quota>
            <searchable>true</searchable>
            <system>false</system>
            <unlogged>false</unlogged>
        </visibility>
        <definition>with(
  local!maxOrderInDB:
    index(
      #"_a-0000de8c-7f85-8000-7f69-01ef9001ef90_4804"(
        pagingInfo: #"SYSTEM_SYSRULES_pagingInfo"(1, 1, #"SYSTEM_SYSRULES_sortInfo"(ascending: false, field: "order")),
        columns: {"order"},
        user: ri!user
      ).data, 
      "order",
      null
    ),
  if(isnull(local!maxOrderInDB),
    1, /* Set to 1 if first bookmark */ 
    tointeger(local!maxOrderInDB[1]) +1 /* Add 1 to the max existing */
  )
)</definition>
        <namedTypedValue>
            <name>user</name>
            <type>
                <name>string</name>
                <namespace>http://www.w3.org/2001/XMLSchema</namespace>
            </type>
            <value/>
        </namedTypedValue>
        <preferredEditor>legacy</preferredEditor>
        <offlineEnabled>false</offlineEnabled>
    </rule>
    <roleMap public="true">
        <role inherit="true" allowForAll="false" name="readers">
            <users/>
            <groups/>
        </role>
        <role inherit="true" allowForAll="false" name="authors">
            <users/>
            <groups/>
        </role>
        <role inherit="true" allowForAll="false" name="administrators">
            <users/>
            <groups/>
        </role>
        <role inherit="false" allowForAll="false" name="denyReaders">
            <users/>
            <groups/>
        </role>
        <role inherit="false" allowForAll="false" name="denyAuthors">
            <users/>
            <groups/>
        </role>
        <role inherit="false" allowForAll="false" name="denyAdministrators">
            <users/>
            <groups/>
        </role>
    </roleMap>
</contentHaul>
