<?xml version="1.0" encoding="UTF-8" standalone="yes"?>
<contentHaul xmlns:a="http://www.appian.com/ae/types/2009">
    <rule>
        <name>WD_myStuff</name>
        <uuid>_a-0000de33-1f7f-8000-3457-01ef9001ef90_5359</uuid>
        <description>Customizeable home page for any user.</description>
        <parentUuid>_a-0000de29-c706-8000-3457-01ef9001ef90_4612</parentUuid>
        <visibility>
            <advertise>false</advertise>
            <hierarchy>true</hierarchy>
            <indexable>true</indexable>
            <quota>false</quota>
            <searchable>true</searchable>
            <system>false</system>
            <unlogged>false</unlogged>
        </visibility>
        <definition>load(
  local!display: 1,
  local!allQuickAccessLinks,
  local!allTabs,
  local!allWidgets,
  local!bookmarkedLinks: #"_a-0000de8c-7f85-8000-7f69-01ef9001ef90_4871"(user: loggedInUser(), widgetType: #"_a-0000de2c-6e59-8000-3457-01ef9001ef90_4947"),
  local!bookmarkedWidgets: #"_a-0000de8c-7f85-8000-7f69-01ef9001ef90_4871"(user: loggedInUser(), widgetType: #"_a-0000de8c-7f85-8000-7f69-01ef9001ef90_4827"),
    choose(local!display,
      #"_a-0000de29-c706-8000-3457-01ef9001ef90_4613"(
        bookmarkedLinks: local!bookmarkedLinks, 
        bookmarkedWidgets: local!bookmarkedWidgets, 
        display: local!display,
        allQuickAccessLinks: local!allQuickAccessLinks,
        allTabs: local!allTabs,
        allWidgets: local!allWidgets
      ),
      #"_a-0000de31-b787-8000-3457-01ef9001ef90_5196"(
        bookmarkedLinks: local!bookmarkedLinks,
        display: local!display,
        allQuickAccessLinks: local!allQuickAccessLinks,
        allTabs: local!allTabs,
        allWidgets: local!allWidgets
      ),
      #"_a-0000de39-9984-8000-3457-01ef9001ef90_5834"(
        bookmarkedLinks: local!bookmarkedLinks, 
        bookmarkedWidgets: local!bookmarkedWidgets, 
        display: local!display,
        allQuickAccessLinks: local!allQuickAccessLinks,
        allTabs: local!allTabs,
        allWidgets: local!allWidgets
      )
    )
)</definition>
        <metadataExpr></metadataExpr>
        <preferredEditor>interface</preferredEditor>
        <offlineEnabled>false</offlineEnabled>
    </rule>
    <roleMap public="true">
        <role inherit="true" allowForAll="false" name="readers">
            <users/>
            <groups/>
        </role>
        <role inherit="true" allowForAll="false" name="authors">
            <users/>
            <groups/>
        </role>
        <role inherit="true" allowForAll="false" name="administrators">
            <users/>
            <groups/>
        </role>
        <role inherit="false" allowForAll="false" name="denyReaders">
            <users/>
            <groups/>
        </role>
        <role inherit="false" allowForAll="false" name="denyAuthors">
            <users/>
            <groups/>
        </role>
        <role inherit="false" allowForAll="false" name="denyAdministrators">
            <users/>
            <groups/>
        </role>
    </roleMap>
</contentHaul>
