<?xml version="1.0" encoding="UTF-8" standalone="yes"?>
<contentHaul xmlns:a="http://www.appian.com/ae/types/2009">
    <rule>
        <name>WD_homePageNavigation</name>
        <uuid>_a-0000de8c-7f85-8000-7f69-01ef9001ef90_4819</uuid>
        <description>Displays the navigation options for the Home Page of the Widget site.</description>
        <parentUuid>_a-0000de29-c706-8000-3457-01ef9001ef90_4612</parentUuid>
        <visibility>
            <advertise>false</advertise>
            <hierarchy>true</hierarchy>
            <indexable>true</indexable>
            <quota>false</quota>
            <searchable>true</searchable>
            <system>false</system>
            <unlogged>false</unlogged>
        </visibility>
        <definition>/*Places an image above instead of billboard, this is default because it works on mobile*/
{
  #"SYSTEM_SYSRULES_imageField"(
    images: #"SYSTEM_SYSRULES_documentImage"(
      document: #"_a-0000df03-fe19-8000-9ba2-011c48011c48_235517"
    )
  ),
  #"SYSTEM_SYSRULES_richTextDisplayField"(
    labelPosition: "COLLAPSED",
    align: "LEFT",
    value: {
      #"SYSTEM_SYSRULES_richTextItem"(
        text: "My Page",
        style: if(
          ri!display = 1,
          "STRONG",
          "NORMAL"
        ),
        link: if(
          ri!display = 1,
          null,
          #"SYSTEM_SYSRULES_dynamicLink"(
            value: 1,
            saveInto: ri!display
          )
        )
      ),
      " | ",
      #"SYSTEM_SYSRULES_richTextItem"(
        text: "Access All",
        style: if(
          ri!display = 2,
          "STRONG",
          "NORMAL"
        ),
        link: if(
          ri!display = 2,
          null,
          #"SYSTEM_SYSRULES_dynamicLink"(
            value: 2,
            saveInto: {
              ri!display,
              a!save(
                ri!allQuickAccessLinks,
                if(
                  #"_a-0000de8c-7f85-8000-7f69-01ef9001ef90_4805"(
                    ri!allQuickAccessLinks
                  ),
                  /*Get all Links if not populated */
                  #"_a-0000de8c-7f85-8000-7f69-01ef9001ef90_4867"(
                    widgetType: #"_a-0000de2c-6e59-8000-3457-01ef9001ef90_4947",
                    user: loggedInUser()
                  ),
                  ri!allQuickAccessLinks
                )
              )
            }
          )
        )
      ),
      " | ",
      #"SYSTEM_SYSRULES_richTextItem"(
        text: "Edit My Page",
        style: if(
          ri!display = 3,
          "STRONG",
          "NORMAL"
        ),
        link: if(
          ri!display = 3,
          null,
          #"SYSTEM_SYSRULES_dynamicLink"(
            value: 3,
            saveInto: {
              ri!display,
              a!save(
                ri!allQuickAccessLinks,
                if(
                  #"_a-0000de8c-7f85-8000-7f69-01ef9001ef90_4805"(
                    ri!allQuickAccessLinks
                  ),
                  /*Get all Links if not populated */
                  #"_a-0000de8c-7f85-8000-7f69-01ef9001ef90_4867"(
                    widgetType: #"_a-0000de2c-6e59-8000-3457-01ef9001ef90_4947",
                    user: loggedInUser()
                  ),
                  ri!allQuickAccessLinks
                )
              ),
              a!save(
                ri!allTabs,
                if(
                  #"_a-0000de8c-7f85-8000-7f69-01ef9001ef90_4805"(
                    ri!allTabs
                  ),
                  /*Get all Tabs if not populated */
                  #"_a-0000de8c-7f85-8000-7f69-01ef9001ef90_4867"(
                    widgetType: #"_a-0000de8c-7f85-8000-7f69-01ef9001ef90_4825",
                    user: loggedInUser()
                  ),
                  ri!allTabs
                )
              ),
              a!save(
                ri!allWidgets,
                if(
                  #"_a-0000de8c-7f85-8000-7f69-01ef9001ef90_4805"(
                    ri!allWidgets
                  ),
                  /*Get all Widgets if not populated */
                  #"_a-0000de8c-7f85-8000-7f69-01ef9001ef90_4867"(
                    widgetType: #"_a-0000de8c-7f85-8000-7f69-01ef9001ef90_4827",
                    user: loggedInUser()
                  ),
                  ri!allWidgets
                )
              )
            }
          )
        )
      )
    }
  )
}/* This code uses a billboard layout, but is commented out as it is not supported in mobile*/
/*{*/
/*a!billboardLayout(*/
/*backgroundMedia: a!documentImage(*/
/*document: cons!WD_IMG_BILLBOARD_BACKGROUND*/
/*),*/
/*height: "MEDIUM",*/
/*overlayStyle: "LIGHT",*/
/*overlayContents: a!richTextDisplayField(*/
/*labelPosition: "COLLAPSED",*/
/*align: "LEFT",*/
/*value: {*/
/*a!richTextItem(*/
/*text: "My Page",*/
/*style: if(*/
/*ri!display = 1,*/
/*"STRONG",*/
/*"NORMAL"*/
/*),*/
/*link: if(*/
/*ri!display = 1,*/
/*null,*/
/*a!dynamicLink(*/
/*value: 1,*/
/*saveInto: ri!display*/
/*)*/
/*)*/
/*),*/
/*" | ",*/
/*a!richTextItem(*/
/*text: "Access All",*/
/*style: if(*/
/*ri!display = 2,*/
/*"STRONG",*/
/*"NORMAL"*/
/*),*/
/*link: if(*/
/*ri!display = 2,*/
/*null,*/
/*a!dynamicLink(*/
/*value: 2,*/
/*saveInto: {*/
/*ri!display,*/
/*a!save(*/
/*ri!allQuickAccessLinks,*/
/*if(*/
/*rule!WD_isBlank(*/
/*ri!allQuickAccessLinks*/
/*),*/
/*Get all Links if not populated */
/*rule!WD_returnUsersAvailableWidgetsByType(*/
/*widgetType: cons!WD_ALL_LINK_TYPES,*/
/*user: loggedInUser()*/
/*),*/
/*ri!allQuickAccessLinks*/
/*)*/
/*)*/
/*}*/
/*)*/
/*)*/
/*),*/
/*" | ",*/
/*a!richTextItem(*/
/*text: "Edit My Page",*/
/*style: if(*/
/*ri!display = 3,*/
/*"STRONG",*/
/*"NORMAL"*/
/*),*/
/*link: if(*/
/*ri!display = 3,*/
/*null,*/
/*a!dynamicLink(*/
/*value: 3,*/
/*saveInto: {*/
/*ri!display,*/
/*a!save(*/
/*ri!allQuickAccessLinks,*/
/*if(*/
/*rule!WD_isBlank(*/
/*ri!allQuickAccessLinks*/
/*),*/
/*Get all Links if not populated */
/*rule!WD_returnUsersAvailableWidgetsByType(*/
/*widgetType: cons!WD_ALL_LINK_TYPES,*/
/*user: loggedInUser()*/
/*),*/
/*ri!allQuickAccessLinks*/
/*)*/
/*),*/
/*a!save(*/
/*ri!allTabs,*/
/*if(*/
/*rule!WD_isBlank(*/
/*ri!allTabs*/
/*),*/
/*Get all Tabs if not populated */
/*rule!WD_returnUsersAvailableWidgetsByType(*/
/*widgetType: cons!WD_WIDGET_TYPE_TAB,*/
/*user: loggedInUser()*/
/*),*/
/*ri!allTabs*/
/*)*/
/*),*/
/*a!save(*/
/*ri!allWidgets,*/
/*if(*/
/*rule!WD_isBlank(*/
/*ri!allWidgets*/
/*),*/
/*Get all Widgets if not populated */
/*rule!WD_returnUsersAvailableWidgetsByType(*/
/*widgetType: cons!WD_WIDGET_TYPE_WIDGET,*/
/*user: loggedInUser()*/
/*),*/
/*ri!allWidgets*/
/*)*/
/*)*/
/*}*/
/*)*/
/*)*/
/*)*/
/*}*/
/*)*/
/*)*/
/*}*/</definition>
        <namedTypedValue>
            <name>display</name>
            <type>
                <name>int</name>
                <namespace>http://www.w3.org/2001/XMLSchema</namespace>
            </type>
        </namedTypedValue>
        <namedTypedValue>
            <name>allQuickAccessLinks</name>
            <type>
                <name>WD_widget?list</name>
                <namespace>urn:com:appian:types</namespace>
            </type>
        </namedTypedValue>
        <namedTypedValue>
            <name>allWidgets</name>
            <type>
                <name>WD_widget?list</name>
                <namespace>urn:com:appian:types</namespace>
            </type>
        </namedTypedValue>
        <namedTypedValue>
            <name>allTabs</name>
            <type>
                <name>WD_widget?list</name>
                <namespace>urn:com:appian:types</namespace>
            </type>
        </namedTypedValue>
        <metadataExpr></metadataExpr>
        <preferredEditor>interface</preferredEditor>
        <offlineEnabled>false</offlineEnabled>
    </rule>
    <roleMap public="true">
        <role inherit="true" allowForAll="false" name="readers">
            <users/>
            <groups/>
        </role>
        <role inherit="true" allowForAll="false" name="authors">
            <users/>
            <groups/>
        </role>
        <role inherit="true" allowForAll="false" name="administrators">
            <users/>
            <groups/>
        </role>
        <role inherit="false" allowForAll="false" name="denyReaders">
            <users/>
            <groups/>
        </role>
        <role inherit="false" allowForAll="false" name="denyAuthors">
            <users/>
            <groups/>
        </role>
        <role inherit="false" allowForAll="false" name="denyAdministrators">
            <users/>
            <groups/>
        </role>
    </roleMap>
</contentHaul>
