<?xml version="1.0" encoding="UTF-8" standalone="yes"?>
<contentHaul xmlns:a="http://www.appian.com/ae/types/2009">
    <rule>
        <name>WD_bookmarkedDocumentImage</name>
        <uuid>_a-0000dea2-05b4-8000-3120-01ef9001ef90_6513</uuid>
        <description>An image component that indicates a widget is bookmarked.</description>
        <parentUuid>_a-0000de29-c706-8000-3457-01ef9001ef90_4612</parentUuid>
        <visibility>
            <advertise>false</advertise>
            <hierarchy>true</hierarchy>
            <indexable>true</indexable>
            <quota>false</quota>
            <searchable>true</searchable>
            <system>false</system>
            <unlogged>false</unlogged>
        </visibility>
        <definition>load(&#xD;
  local!indexToDelete,&#xD;
  #"SYSTEM_SYSRULES_documentImage"(&#xD;
    document: #"_a-0000de44-2b06-8000-3457-01ef9001ef90_7139",&#xD;
    altText: "Selected",&#xD;
    caption: "Click to unbookmark",&#xD;
    link: #"SYSTEM_SYSRULES_dynamicLink"(&#xD;
  	saveInto: {&#xD;
  	  a!save(local!indexToDelete, wherecontains(ri!widget.widgetId, ri!bookmarks.widget.widgetId)),&#xD;
  	  #"SYSTEM_SYSRULES_deleteFromDataStoreEntities"(&#xD;
  		dataToDelete: 'type!{http://www.appian.com/ae/types/2009}EntityDataIdentifiers'(&#xD;
  		  entity: #"_a-0000de34-56c9-8000-3457-01ef9001ef90_5622",&#xD;
  		  identifiers: index(ri!bookmarks, local!indexToDelete, {}).id&#xD;
  		),&#xD;
  		onSuccess:{&#xD;
  		  a!save(ri!bookmarks,  remove(ri!bookmarks, local!indexToDelete))&#xD;
  		}&#xD;
  	  )&#xD;
  	}&#xD;
    )&#xD;
  )&#xD;
)</definition>
        <namedTypedValue>
            <name>bookmarks</name>
            <type>
                <name>WD_bookmark?list</name>
                <namespace>urn:com:appian:types</namespace>
            </type>
        </namedTypedValue>
        <namedTypedValue>
            <name>widget</name>
            <type>
                <name>WD_widget</name>
                <namespace>urn:com:appian:types</namespace>
            </type>
        </namedTypedValue>
        <metadataExpr></metadataExpr>
        <preferredEditor>interface</preferredEditor>
        <offlineEnabled>false</offlineEnabled>
    </rule>
    <roleMap public="true">
        <role inherit="true" allowForAll="false" name="readers">
            <users/>
            <groups/>
        </role>
        <role inherit="true" allowForAll="false" name="authors">
            <users/>
            <groups/>
        </role>
        <role inherit="true" allowForAll="false" name="administrators">
            <users/>
            <groups/>
        </role>
        <role inherit="false" allowForAll="false" name="denyReaders">
            <users/>
            <groups/>
        </role>
        <role inherit="false" allowForAll="false" name="denyAuthors">
            <users/>
            <groups/>
        </role>
        <role inherit="false" allowForAll="false" name="denyAdministrators">
            <users/>
            <groups/>
        </role>
    </roleMap>
</contentHaul>
