<?xml version="1.0" encoding="UTF-8" standalone="yes"?>
<contentHaul xmlns:a="http://www.appian.com/ae/types/2009">
    <rule>
        <name>WD_bookmarkedWidgetOrderGrid</name>
        <uuid>_a-0000de44-2b06-8000-3457-01ef9001ef90_7092</uuid>
        <description>Allows the user to change the order of bookmarked widgets.</description>
        <parentUuid>_a-0000de29-c706-8000-3457-01ef9001ef90_4612</parentUuid>
        <visibility>
            <advertise>false</advertise>
            <hierarchy>true</hierarchy>
            <indexable>true</indexable>
            <quota>false</quota>
            <searchable>true</searchable>
            <system>false</system>
            <unlogged>false</unlogged>
        </visibility>
        <definition>#"SYSTEM_SYSRULES_gridLayout"(&#xD;
  headerCells: {&#xD;
    #"SYSTEM_SYSRULES_gridLayoutHeaderCell"(label: ri!headerCellName),&#xD;
    #"SYSTEM_SYSRULES_gridLayoutHeaderCell"(label: ""),&#xD;
    #"SYSTEM_SYSRULES_gridLayoutHeaderCell"(label: "")&#xD;
  },&#xD;
  columnConfigs: {&#xD;
    #"SYSTEM_SYSRULES_gridLayoutColumnConfig"(width: "DISTRIBUTE", weight: 7),&#xD;
    #"SYSTEM_SYSRULES_gridLayoutColumnConfig"(width: "DISTRIBUTE", weight: 1),&#xD;
    #"SYSTEM_SYSRULES_gridLayoutColumnConfig"(width: "DISTRIBUTE", weight: 1)&#xD;
  },&#xD;
  rows: {&#xD;
    #"SYSTEM_SYSRULES_applyComponents"(&#xD;
      function: #"_a-0000de2b-27a4-8000-3457-01ef9001ef90_4716"(&#xD;
        bookmarkedWidgets: ri!bookmarkedWidgets,&#xD;
        index: _&#xD;
      ),&#xD;
      array: if(or(isnull(ri!bookmarkedWidgets),&#xD;
        count(ri!bookmarkedWidgets) &lt; 1), {},&#xD;
        1+enumerate(count(ri!bookmarkedWidgets))&#xD;
      )&#xD;
    )&#xD;
  }&#xD;
)</definition>
        <namedTypedValue>
            <name>bookmarkedWidgets</name>
            <type>
                <name>WD_bookmark?list</name>
                <namespace>urn:com:appian:types</namespace>
            </type>
        </namedTypedValue>
        <namedTypedValue>
            <name>headerCellName</name>
            <type>
                <name>string</name>
                <namespace>http://www.w3.org/2001/XMLSchema</namespace>
            </type>
            <value/>
        </namedTypedValue>
        <metadataExpr></metadataExpr>
        <preferredEditor>interface</preferredEditor>
        <offlineEnabled>false</offlineEnabled>
    </rule>
    <roleMap public="true">
        <role inherit="true" allowForAll="false" name="readers">
            <users/>
            <groups/>
        </role>
        <role inherit="true" allowForAll="false" name="authors">
            <users/>
            <groups/>
        </role>
        <role inherit="true" allowForAll="false" name="administrators">
            <users/>
            <groups/>
        </role>
        <role inherit="false" allowForAll="false" name="denyReaders">
            <users/>
            <groups/>
        </role>
        <role inherit="false" allowForAll="false" name="denyAuthors">
            <users/>
            <groups/>
        </role>
        <role inherit="false" allowForAll="false" name="denyAdministrators">
            <users/>
            <groups/>
        </role>
    </roleMap>
    <typedValue>
        <type>
            <name>RuleTestConfig?list</name>
            <namespace>http://www.appian.com/ae/types/2009</namespace>
        </type>
        <value>
            <el>
                <a:name/>
                <a:ruleInputTestConfigs>
                    <a:value xmlns:xsi="http://www.w3.org/2001/XMLSchema-instance" xsi:nil="true"/>
                    <a:nameRef>bookmarkedWidgets</a:nameRef>
                    <a:id/>
                </a:ruleInputTestConfigs>
                <a:ruleInputTestConfigs>
                    <a:value xmlns:xsd="http://www.w3.org/2001/XMLSchema" xmlns:xsi="http://www.w3.org/2001/XMLSchema-instance" xsi:type="xsd:string"/>
                    <a:nameRef>headerCellName</a:nameRef>
                    <a:id/>
                </a:ruleInputTestConfigs>
                <a:assertions xmlns:xsi="http://www.w3.org/2001/XMLSchema-instance" xsi:nil="true"/>
            </el>
        </value>
    </typedValue>
</contentHaul>
