<?xml version="1.0" encoding="UTF-8" standalone="yes"?>
<contentHaul xmlns:a="http://www.appian.com/ae/types/2009">
    <rule>
        <name>WD_richTextLinkItemForQuickAccessLink</name>
        <uuid>_a-0000dea1-c302-8000-3120-01ef9001ef90_6492</uuid>
        <description>Creates a rich text item that creates the link component of a quick access link</description>
        <parentUuid>_a-0000de29-c706-8000-3457-01ef9001ef90_4612</parentUuid>
        <visibility>
            <advertise>false</advertise>
            <hierarchy>true</hierarchy>
            <indexable>true</indexable>
            <quota>false</quota>
            <searchable>true</searchable>
            <system>false</system>
            <unlogged>false</unlogged>
        </visibility>
        <definition>#"SYSTEM_SYSRULES_richTextItem"(
  text: ri!widget.name,
  link: choose(
    wherecontains(
      ri!widget.type,
      #"_a-0000de2c-6e59-8000-3457-01ef9001ef90_4947"
    ),
    /*Safe Link */
    #"SYSTEM_SYSRULES_safeLink"(
      uri: ri!widget.urlStub
    ),
    /*Profile Link */
    #"SYSTEM_SYSRULES_userRecordLink"(
      user: loggedInUser(),
      view: "summary"
    ),
    /*Record Link */
    #"SYSTEM_SYSRULES_recordLink"(
      recordType: #"_a-0000def2-cb5b-8000-9ba2-011c48011c48_236654"(
        identifier: ri!widget.identifier
      ),
      identifier: loggedInUser()
    ),
    /* Record List View Link */
    #"SYSTEM_SYSRULES_safeLink"(
      uri: ri!widget.urlStub
    ),
    /*a!recordLink(*/
    /*  recordType: rule!WD_getRecTypeByIdentifier(*/
    /*    identifier: ri!widget.identifier*/
    /*  )*/
    /*),*/
    /* Action Link */
    #"SYSTEM_SYSRULES_safeLink"(
      uri: ri!widget.urlStub
    ),
    /* stubbed out in anticipation of startProcessLink being in 17.3 */
    /*a!startProcessLink(*/
    /*  processModel: rule!WD_getPMByIdentifier(*/
    /*    identifier: ri!widget.identifier*/
    /*  ),*/
    /*  processParameters:*/
    /*  {}*/
    /*),*/
    /* report link */
    #"SYSTEM_SYSRULES_safeLink"(
      uri: ri!widget.urlStub
    )
  )
)</definition>
        <namedTypedValue>
            <name>widget</name>
            <type>
                <name>WD_widget</name>
                <namespace>urn:com:appian:types</namespace>
            </type>
        </namedTypedValue>
        <metadataExpr></metadataExpr>
        <preferredEditor>interface</preferredEditor>
        <offlineEnabled>false</offlineEnabled>
    </rule>
    <roleMap public="true">
        <role inherit="true" allowForAll="false" name="readers">
            <users/>
            <groups/>
        </role>
        <role inherit="true" allowForAll="false" name="authors">
            <users/>
            <groups/>
        </role>
        <role inherit="true" allowForAll="false" name="administrators">
            <users/>
            <groups/>
        </role>
        <role inherit="false" allowForAll="false" name="denyReaders">
            <users/>
            <groups/>
        </role>
        <role inherit="false" allowForAll="false" name="denyAuthors">
            <users/>
            <groups/>
        </role>
        <role inherit="false" allowForAll="false" name="denyAdministrators">
            <users/>
            <groups/>
        </role>
    </roleMap>
</contentHaul>
