<?xml version="1.0" encoding="UTF-8" standalone="yes"?>
<contentHaul xmlns:a="http://www.appian.com/ae/types/2009">
    <rule>
        <name>WD_returnUsersAvailableBookmarksByType</name>
        <uuid>_a-0000de8c-7f85-8000-7f69-01ef9001ef90_4871</uuid>
        <description>Returns the bookmarks a user has access to, that are active, and of a certain type</description>
        <parentUuid>_a-0000de29-c706-8000-3457-01ef9001ef90_4609</parentUuid>
        <visibility>
            <advertise>false</advertise>
            <hierarchy>true</hierarchy>
            <indexable>true</indexable>
            <quota>false</quota>
            <searchable>true</searchable>
            <system>false</system>
            <unlogged>false</unlogged>
        </visibility>
        <definition>=with(
  local!activeBookmarks: #"_a-0000de2b-27a4-8000-3457-01ef9001ef90_4762"(ri!user, ri!widgetType, true),
  if(#"_a-0000de8c-7f85-8000-7f69-01ef9001ef90_4805"(local!activeBookmarks),
    {},
    with(
      local!userGroups: getgroupsformemberuser(ri!user),
      local!indexesOfValidGroups: wherecontains(tointeger(local!userGroups), local!activeBookmarks.widget.groupId),
      if(#"_a-0000de8c-7f85-8000-7f69-01ef9001ef90_4805"(local!indexesOfValidGroups),
        {},
        index(local!activeBookmarks, local!indexesOfValidGroups, {})
      )
    )
  )
)</definition>
        <namedTypedValue>
            <name>widgetType</name>
            <type>
                <name>Text?list</name>
                <namespace>http://www.appian.com/ae/types/2009</namespace>
            </type>
        </namedTypedValue>
        <namedTypedValue>
            <name>user</name>
            <type>
                <name>User</name>
                <namespace>http://www.appian.com/ae/types/2009</namespace>
            </type>
        </namedTypedValue>
        <preferredEditor>legacy</preferredEditor>
        <offlineEnabled>false</offlineEnabled>
    </rule>
    <roleMap public="true">
        <role inherit="true" allowForAll="false" name="readers">
            <users/>
            <groups/>
        </role>
        <role inherit="true" allowForAll="false" name="authors">
            <users/>
            <groups/>
        </role>
        <role inherit="true" allowForAll="false" name="administrators">
            <users/>
            <groups/>
        </role>
        <role inherit="false" allowForAll="false" name="denyReaders">
            <users/>
            <groups/>
        </role>
        <role inherit="false" allowForAll="false" name="denyAuthors">
            <users/>
            <groups/>
        </role>
        <role inherit="false" allowForAll="false" name="denyAdministrators">
            <users/>
            <groups/>
        </role>
    </roleMap>
</contentHaul>
